id,title,cuisine,difficulty,total_time,variant_type,protein_type,base_recipe,tags,issues
ad0c0942-f53e-46d6-a42b-0949ad4fb653,Kakka Orotti Recipe - Steamed Mini Rice Balls in Chicken Gravy,indian,hard,6,standard,non_veg,Kakka Orotti Recipe - Steamed Mini Rice Balls in Chicken Gravy,indian|rice|main|spicy|savory|non-veg|dairy_free|nut_free|halal,nonveg_tags_without_meat_words
539803ea-e566-4000-8858-943d9a6f6fff,Kerala Thenga Chammanthi Recipe- Coconut Onion Chutney,indian,easy,6,standard,vegetarian,Kerala Thenga Chammanthi Recipe- Coconut Onion Chutney,indian|side|south_indian|spicy|sour|savory|non-veg|gluten_free|dairy_free|nut_free,nonveg_tags_without_meat_words
60f9df78-1863-4e18-98ff-9b5fb0984aaa,Guava And Papaya Mimosa Drink Recipe,indian,easy,10,standard,vegetarian,Guava And Papaya Mimosa Drink Recipe,indian|main|south_indian|sour|savory|non-veg|gluten_free|dairy_free|nut_free,nonveg_tags_without_meat_words
4f32be27-1799-468f-9694-e8f58730a652,Sundried Tomato Pesto Recipe,indian,easy,10,standard,vegetarian,Sundried Tomato Pesto Recipe,indian|main|spicy|savory|non-veg|gluten_free|halal,nonveg_tags_without_meat_words
5599c0be-58d3-4a45-ae07-ab13c95b12e2,Apple Tea Latte Recipe,indian,easy,12,standard,vegetarian,Apple Tea Latte Recipe,indian|main|savory|non-veg|gluten_free,nonveg_tags_without_meat_words
9c04374f-02e1-4f57-9df0-a549e2c87dc8,Khamang Kakdi Recipe - Khamang Kakdi Recipe,indian,medium,12,standard,vegetarian,Khamang Kakdi Recipe - Khamang Kakdi Recipe,indian|main|spicy|sour|savory|non-veg|gluten_free,nonveg_tags_without_meat_words
206ef089-9d76-4b67-8e5a-e7bb49e6f1d1,Khamang Kakdi Recipe - Maharashtrian Cucumber Salad,indian,easy,12,standard,vegetarian,Khamang Kakdi Recipe - Maharashtrian Cucumber Salad,indian|main|spicy|sour|savory|non-veg|gluten_free,nonveg_tags_without_meat_words
fea0937c-1fda-4481-a0db-55d8520c1a27,Akoori with Green Peas Recipe (Parsi Style Scrambled Eggs with Green Peas),indian,medium,15,standard,non_veg,Akoori with Green Peas Recipe (Parsi Scrambled Eggs with Green Peas),indian|main|spicy|sour|savory|non-veg|gluten_free|dairy_free|nut_free|halal,nonveg_tags_without_meat_words
7a07efab-ff15-41f1-9600-490c0d1242e4,Basil & Cherry Tomato Omelette Recipe,indian,easy,15,standard,vegetarian,Basil & Cherry Tomato Omelette Recipe,indian|main|spicy|savory|non-veg|gluten_free|dairy_free|nut_free|halal,nonveg_tags_without_meat_words
3b7a34db-bbe3-4480-8973-482a8852b96e,Bullseye On Toast Recipe,indian,easy,15,standard,vegetarian,Bullseye On Toast Recipe,indian|main|spicy|savory|non-veg|nut_free|halal,nonveg_tags_without_meat_words
87f456d0-df36-4894-b277-5d00592526b6,Classic Caesar Salad Recipe,indian,hard,15,standard,vegetarian,Classic Caesar Salad Recipe,indian|main|spicy|sweet|sour|savory|non-veg|nut_free|halal,nonveg_tags_without_meat_words
f6ea17ce-a6c7-4feb-a29a-af06214ea624,Egg White Spinach Omelette Recipe With Garlic & Oregano,indian,easy,15,standard,non_veg,Egg White Spinach Omelette Recipe With Garlic & Oregano,indian|main|spicy|savory|non-veg|gluten_free|dairy_free|nut_free|halal,nonveg_tags_without_meat_words
afa7c71c-60b5-4084-8294-68d44ddbb70a,Eggless Bread Omelette Recipe,indian,medium,15,standard,non_veg,Eggless Bread Omelette Recipe,indian|main|spicy|savory|non-veg|nut_free|halal,nonveg_tags_without_meat_words
31f67714-1b93-408c-b28e-f6ad823d61ed,Kothamalli Thogayal Recipe | Coriander Leaves Chutney,indian,easy,15,standard,vegetarian,Kothamalli Thogayal Recipe | Coriander Leaves Chutney,indian|side|south_indian|spicy|sweet|sour|savory|non-veg|gluten_free|dairy_free|nut_free,nonveg_tags_without_meat_words
58bd5f73-239e-4899-b2bd-7845c0efe3a1,Kothamalli Thovayal Recipe (Dry Coriander Leaves Chutney),indian,easy,15,standard,vegetarian,Kothamalli Thovayal Recipe (Dry Coriander Leaves Chutney),indian|side|south_indian|spicy|sour|savory|non-veg|gluten_free|dairy_free|nut_free,nonveg_tags_without_meat_words
ff94c9dd-5e93-4ffc-9a29-fe39bf5e3803,Microwaved Egg-Omelette-In-A-Mug Recipe,indian,easy,15,standard,non_veg,Microwaved Egg-Omelette-In-A-Mug Recipe,indian|main|spicy|savory|non-veg|gluten_free|dairy_free|nut_free|halal,nonveg_tags_without_meat_words
f64c8bdb-2614-463e-aeb0-581d82b64b36,Oats Omelette Recipe,indian,easy,15,standard,vegetarian,Oats Omelette Recipe,indian|main|spicy|savory|non-veg|gluten_free|nut_free|halal,nonveg_tags_without_meat_words
f1c26750-6e28-412c-8398-cfaecf353724,Spicy Thai Style Tofu With Quinoa Recipe,indian,medium,15,standard,vegetarian,Spicy Thai Tofu With Quinoa Recipe,indian|main|spicy|sweet|sour|savory|non-veg|dairy_free|halal,nonveg_tags_without_meat_words
6fd850a9-68d5-4039-a290-65389398860b,Russian Radish Cucumber Salad Recipe,indian,easy,16,standard,vegetarian,Russian Radish Cucumber Salad Recipe,indian|main|sour|savory|non-veg|gluten_free|halal,nonveg_tags_without_meat_words
72e75b89-45ff-4ae9-9090-8e33d6e5842e,Pachai Mor Kuzhambu Recipe,indian,medium,17,standard,vegetarian,Pachai Mor Kuzhambu Recipe,indian|main|south_indian|spicy|sour|savory|non-veg|gluten_free|nut_free,nonveg_tags_without_meat_words
3c76ac16-8272-43ca-96e0-6dd11e73081b,Open Bean and Veggies Burrito Muffin Recipe,indian,medium,18,standard,non_veg,Open Bean and Veggies Burrito Muffin Recipe,indian|main|spicy|sour|savory|non-veg|nut_free|halal,nonveg_tags_without_meat_words
94ab4527-04bc-4428-b2f4-e0664ecf57d7,And fish soup recipe - Bengali style fish in tomato gravy,indian,hard,20,standard,non_veg,And fish soup recipe - Bengali fish in tomato gravy,indian|curry|bengali|main|spicy|sweet|savory|non-veg|dairy_free|nut_free|halal,nonveg_tags_without_meat_words
1b53e8ee-a52a-4739-910c-93cf66465906,Assamese Narasingh Masor Jhol Recipe (Fish In Curry Leaves Gravy),indian,easy,20,standard,non_veg,Assamese Narasingh Masor Jhol Recipe (Fish In Curry Leaves Gravy),indian|curry|main|spicy|savory|non-veg|gluten_free|dairy_free|nut_free|halal,nonveg_tags_without_meat_words
3ee182b0-e5fe-494f-b0c8-d1fb28fc5f35,Avocado Cheese Chilli Toast Recipe,indian,easy,20,standard,vegetarian,Avocado Cheese Chilli Toast Recipe,indian|main|spicy|savory|non-veg|nut_free|halal,nonveg_tags_without_meat_words
487558ee-1963-425c-ae13-4a8f68897731,Beetroot Pancake Recipe,indian,easy,20,standard,vegetarian,Beetroot Pancake Recipe,indian|main|sweet|savory|non-veg|nut_free|halal,nonveg_tags_without_meat_words
32edc591-24e7-4370-aa42-803379f2d1cc,Caramelized Banana French Toast Recipe,indian,easy,20,standard,vegetarian,Caramelized Banana French Toast Recipe,indian|main|sweet|savory|non-veg|nut_free|halal,nonveg_tags_without_meat_words
cdf7b59b-06ff-464c-a09e-2df528762dde,Chicken Tikka Taco Recipe Topped With Cheesy Garlic Mayo,indian,easy,20,standard,non_veg,Chicken Tikka Taco Recipe Topped With Cheesy Garlic Mayo,indian|main|savory|non-veg|gluten_free|dairy_free|nut_free|halal,nonveg_tags_without_meat_words
e209f534-9118-467d-b013-3b8ba10b965f,Chinese Fried Rice Recipe With Chicken And Shredded Lettuce,indian,easy,20,standard,non_veg,Chinese Fried Rice Recipe With Chicken And Shredded Lettuce,indian|rice|main|spicy|savory|non-veg|gluten_free|dairy_free|nut_free|halal,nonveg_tags_without_meat_words
0dab07d8-0618-4251-87b7-728917cb9255,Cream Cheese Scrambled Eggs Recipe,indian,easy,20,standard,non_veg,Cream Cheese Scrambled Eggs Recipe,indian|main|spicy|savory|non-veg|gluten_free|nut_free|halal,nonveg_tags_without_meat_words
732162da-99e3-497b-9d8b-a3e16402481e,Creamy Indian Butter Fish Recipe - Creamy Pabda Fish,indian,easy,20,standard,non_veg,Creamy Indian Butter Fish Recipe - Creamy Pabda Fish,indian|main|bengali|spicy|savory|non-veg|gluten_free|nut_free|halal,nonveg_tags_without_meat_words
7d441419-71ba-4a2b-bc12-ffb9c180f010,Crispy Vegetable Tempura Recipe,indian,easy,20,standard,vegetarian,Crispy Vegetable Tempura Recipe,indian|main|spicy|savory|non-veg|dairy_free|nut_free|halal,nonveg_tags_without_meat_words
250b47d5-dcf1-46ba-9aab-82793df8c5d1,Crunchy Creamy Coleslaw Recipe,indian,easy,20,standard,vegetarian,Crunchy Creamy Coleslaw Recipe,indian|main|spicy|sour|savory|non-veg|nut_free|halal,nonveg_tags_without_meat_words
696c6a43-0309-4958-a654-1d3bb0617fdf,Egg Bhurji Stuffed Pita Pockets Recipe,indian,hard,20,standard,non_veg,Egg Bhurji Stuffed Pita Pockets Recipe,indian|main|spicy|sour|savory|non-veg|nut_free|halal,nonveg_tags_without_meat_words
f3776dd8-5ea7-4b33-bb24-e0876e41db2e,Egg Scramble With Drumstick Leaves Recipe,indian,easy,20,standard,non_veg,Egg Scramble With Drumstick Leaves Recipe,indian|main|spicy|savory|non-veg|gluten_free|dairy_free|nut_free|halal,nonveg_tags_without_meat_words
e420768f-e2ff-41c1-bdaa-13ddba94c0ef,Egg and Cheesy Garlic Mayo Sandwich,indian,easy,20,standard,non_veg,Egg and Cheesy Garlic Mayo Sandwich,indian|main|spicy|sour|savory|non-veg|dairy_free|nut_free|halal,nonveg_tags_without_meat_words
121ab5fe-b0a3-4aec-8f87-98bf5f1ecd38,French Toast Recipe With Oven Roasted Streaky Bacon,indian,easy,20,standard,vegetarian,French Toast Recipe With Oven Roasted Streaky Bacon,indian|main|sweet|savory|non-veg|nut_free,nonveg_tags_without_meat_words
d3c09046-1d98-43e0-bc81-2998118af8cf,Garlic Red Chicken Gravy Recipe,indian,medium,20,standard,non_veg,Garlic Red Chicken Gravy Recipe,indian|curry|north_indian|main|spicy|sour|savory|non-veg|gluten_free|nut_free|halal,nonveg_tags_without_meat_words
cb4cde8c-7111-4bb1-a541-1c965e9342ba,Grilled Cheese Sandwich Recipe With Scrambled Eggs,indian,medium,20,standard,non_veg,Grilled Cheese Sandwich Recipe With Scrambled Eggs,indian|main|savory|non-veg|nut_free|halal,nonveg_tags_without_meat_words
09b29d22-f3a4-48f9-8eb3-14c30ceb483d,Grilled Herring With Kasundi Mustard And Wild Celery Recipe,indian,easy,20,standard,vegetarian,Grilled Herring With Kasundi Mustard And Wild Celery Recipe,indian|main|spicy|sour|savory|non-veg|gluten_free|dairy_free|nut_free|halal,nonveg_tags_without_meat_words
debb14a1-82c2-4dc1-a10d-44de70541151,Kaleji Ka Faal Recipe-Mutton Liver Pepper Fry,indian,easy,20,standard,non_veg,Kaleji Ka Faal Recipe-Mutton Liver Pepper Fry,indian|main|spicy|savory|non-veg|gluten_free|dairy_free|nut_free|halal,nonveg_tags_without_meat_words
ea3b8df8-7b09-4414-a4d6-9997ee9417e1,Kerala Pazham Pori Recipe - Banana Fritters Recipe | Nedra Pazham Fry,indian,easy,20,standard,vegetarian,Kerala Pazham Pori Recipe - Banana Fritters Recipe | Nedra Pazham Fry,indian|main|south_indian|sweet|savory|non-veg|dairy_free|nut_free,nonveg_tags_without_meat_words
39b113ae-568d-4f04-81d7-d66e8f0eaf91,Kerala Style Puttu Upma Recipe With Scrambled Eggs,indian,easy,20,standard,non_veg,Kerala Puttu Upma Recipe With Scrambled Eggs,indian|main|south_indian|spicy|savory|non-veg|dairy_free|nut_free|halal,nonveg_tags_without_meat_words
727eb3fe-11c1-4d00-9fff-edd64cc5e5b7,Masala Omelette Sliders Recipe - High Protein Breakfast,indian,medium,20,standard,vegetarian,Masala Omelette Sliders Recipe - High Protein Breakfast,indian|curry|main|spicy|savory|non-veg|gluten_free|nut_free|halal,nonveg_tags_without_meat_words
60c06793-a2f3-41d7-826e-3ebf67147ca6,Menthi Vankaya Recipe - Andhra Style Fenugreek Spiced Baingan,indian,hard,20,standard,vegetarian,Menthi Vankaya Recipe - Andhra Fenugreek Spiced Baingan,indian|main|south_indian|spicy|sour|savory|non-veg|gluten_free|dairy_free|halal,nonveg_tags_without_meat_words
de79b279-d138-4022-8e01-f477c672d2cc,Muesli Banana Fritters Recipe,indian,easy,20,standard,vegetarian,Muesli Banana Fritters Recipe,indian|main|savory|non-veg|gluten_free|nut_free,nonveg_tags_without_meat_words
eb8443b7-ab7c-452c-bcbb-5ea56d31ce66,Mushroom Masala Cheese Omelette Recipe,indian,easy,20,standard,vegetarian,Mushroom Masala Cheese Omelette Recipe,indian|curry|main|spicy|savory|non-veg|gluten_free|nut_free|halal,nonveg_tags_without_meat_words
e1f77d9c-1bc2-4a8c-8dec-eb240afdd337,"Mushroom, Spinach & Herbs Frittata with Egg White Recipe",indian,medium,20,standard,non_veg,"Mushroom, Spinach & Herbs Frittata with Egg White Recipe",indian|main|spicy|savory|non-veg|gluten_free|dairy_free|nut_free|halal,nonveg_tags_without_meat_words
6a99c77e-c409-4b1d-806e-e1b285357a91,Nando's Peri Peri Chicken Recipe,indian,easy,20,standard,non_veg,Nando's Peri Peri Chicken Recipe,indian|main|spicy|sour|savory|non-veg|gluten_free|dairy_free|nut_free|halal,nonveg_tags_without_meat_words|slow_keyword_but_short_total_time
9b5380c7-96c6-47d3-b8c5-391caa962454,Onion And Parmesan Toast Recipe,indian,easy,20,standard,vegetarian,Onion And Parmesan Toast Recipe,indian|main|savory|non-veg|nut_free|halal,nonveg_tags_without_meat_words
8caf42d9-26f0-4eae-a79f-7e0b6d66af8f,Parsi Steel Paneer Recipe with Charwell Ed - Sacrambled Eggs with Paneer Recipe,indian,easy,20,standard,non_veg,Parsi Steel Paneer Recipe with Charwell Ed - Sacrambled Eggs with Paneer Recipe,indian|main|spicy|savory|non-veg|gluten_free|nut_free|halal,nonveg_tags_without_meat_words
43bfb1d5-cc08-4a9d-a3e4-d10615640e7d,Quick Masala French Toast Recipe,indian,easy,20,quick,vegetarian,Masala French Toast Recipe,indian|curry|main|spicy|savory|non-veg|nut_free|halal,nonveg_tags_without_meat_words
f6bf8248-c815-4e58-adf4-2333b51ac9b0,Restaurant Style Chicken 555 Recipe,indian,easy,20,standard,non_veg,Restaurant Chicken 555 Recipe,indian|main|spicy|savory|non-veg|dairy_free|nut_free|halal,nonveg_tags_without_meat_words
2c5fb4be-f28f-4574-b6f2-70ed10945934,Sorakkai Paruppu Kuzhambu Recipe - Tamil Nadu Style Lauki Curry,indian,medium,20,standard,vegetarian,Sorakkai Paruppu Kuzhambu Recipe - Tamil Nadu Lauki Curry,indian|curry|south_indian|main|spicy|savory|non-veg|gluten_free|nut_free,nonveg_tags_without_meat_words
90b12995-c10d-489d-ae42-74b9ba7520b9,Spinach Open Toast With Fried Egg Recipe,indian,medium,20,standard,non_veg,Spinach Open Toast With Fried Egg Recipe,indian|main|spicy|savory|non-veg|nut_free|halal,nonveg_tags_without_meat_words
8eb99579-bac4-4bde-88b1-f89e9724cc11,Thai Style Kai Jeow Moo Sab Recipe - Omelette with minced Chicken,indian,easy,20,standard,non_veg,Thai Kai Jeow Moo Sab Recipe - Omelette with minced Chicken,indian|main|savory|non-veg|gluten_free|dairy_free|nut_free|halal,nonveg_tags_without_meat_words
fe6eed71-32c8-4992-8a30-6c7ffd5debaa,Tomato and Zucchini Frittata Recipe,indian,easy,20,standard,vegetarian,Tomato and Zucchini Frittata Recipe,indian|main|spicy|savory|non-veg|gluten_free|nut_free|halal,nonveg_tags_without_meat_words
84f6f966-d17b-42de-98c1-7b1a556294a7,Whole Wheat And Ragi Crepe With Muesli And Strawberry Recipe,indian,easy,20,standard,vegetarian,Whole Wheat And Ragi Crepe With Muesli And Strawberry Recipe,indian|main|savory|non-veg|halal,nonveg_tags_without_meat_words
e2a31e39-1bad-4ebb-a8ca-88173726cdc5,"Bacon, Caramelised Onions And Cheese Crepes Recipe",indian,medium,22,standard,vegetarian,"Bacon, Caramelised Onions And Cheese Crepes Recipe",indian|main|spicy|sweet|savory|non-veg|nut_free,nonveg_tags_without_meat_words
f77d05a3-700e-458a-a083-757e8407e670,Eggless Double Chocolate Sugar Bite Cookies Recipe,indian,medium,22,standard,non_veg,Eggless Double Chocolate Sugar Bite Cookies Recipe,indian|main|sweet|savory|non-veg|nut_free|halal,nonveg_tags_without_meat_words
0b65d601-1fc2-4790-8ac6-2762f3879fad,Asian Style Honey Chicken With Vegetables Recipe,indian,medium,25,standard,non_veg,Asian Honey Chicken With Vegetables Recipe,indian|main|spicy|sweet|savory|non-veg|dairy_free|nut_free|halal,nonveg_tags_without_meat_words
ae8a771d-7012-4558-adcb-3cdef197294e,Assamese Fish Fried Rice (Recipe In Hindi),indian,hard,25,standard,non_veg,Assamese Fish Fried Rice (Recipe In Hindi),indian|rice|main|sour|savory|non-veg|gluten_free|dairy_free|nut_free|halal,nonveg_tags_without_meat_words
e1f45519-cd7c-4442-a610-38d83feb4215,Assamese Fish Fried Rice Recipe,indian,hard,25,standard,non_veg,Assamese Fish Fried Rice Recipe,indian|rice|main|sour|savory|non-veg|dairy_free|nut_free|halal,nonveg_tags_without_meat_words
5aea2586-d6ca-4737-a199-395e8ab29c0d,Avocado Egg Sandwich Recipe,indian,easy,25,standard,non_veg,Avocado Egg Sandwich Recipe,indian|main|spicy|sour|savory|non-veg|dairy_free|nut_free|halal,nonveg_tags_without_meat_words
3930e6bf-edf2-470f-9051-b1655093943f,Baingan Sarson Ka Saag Recipe,indian,medium,25,standard,vegetarian,Baingan Sarson Ka Saag Recipe,indian|main|north_indian|spicy|sour|savory|non-veg|gluten_free|dairy_free|nut_free|halal,nonveg_tags_without_meat_words
de4fe82d-bf5c-4b33-bd18-df363fa4362a,Beans Muttai Poriyal Recipe - Chettinad Egg Scramble with Beans,indian,easy,25,standard,non_veg,Beans Muttai Poriyal Recipe - Chettinad Egg Scramble with Beans,indian|main|south_indian|spicy|savory|non-veg|gluten_free|dairy_free|nut_free|halal,nonveg_tags_without_meat_words
76e2ea5e-dcbf-466c-8017-457427526032,Beetroot Rosti Recipe,indian,medium,25,standard,vegetarian,Beetroot Rosti Recipe,indian|main|spicy|savory|non-veg|nut_free|halal,nonveg_tags_without_meat_words
2f205454-7849-46ab-8d87-d88aa7bcbfea,Biryani Chammanthi Recipe (Green Chutney Recipe),indian,easy,25,standard,vegetarian,Biryani Chammanthi Recipe (Green Chutney Recipe),indian|rice|south_indian|main|spicy|sour|savory|non-veg|gluten_free|dairy_free|nut_free,nonveg_tags_without_meat_words
96e5c067-bc92-465a-8063-5649144136ee,Brinjal Capsicum Sabji Recipe,indian,medium,25,standard,vegetarian,Brinjal Capsicum Sabji Recipe,indian|main|spicy|savory|non-veg|gluten_free|dairy_free|nut_free|halal,nonveg_tags_without_meat_words
373cf12a-1943-48c7-bd51-326ae372d730,Cheese Masala Omelette Recipe,indian,medium,25,standard,vegetarian,Cheese Masala Omelette Recipe,indian|curry|main|spicy|savory|non-veg|gluten_free|nut_free|halal,nonveg_tags_without_meat_words
753ee606-8929-4868-a031-e10f5f7dc772,Cheesy Masala Omelette Recipe With Roasted Vegetables,indian,medium,25,standard,vegetarian,Cheesy Masala Omelette Recipe With Roasted Vegetables,indian|curry|main|spicy|sweet|savory|non-veg|gluten_free|dairy_free|nut_free|halal,nonveg_tags_without_meat_words
6109e7b0-33d7-4b9a-b793-de3977f9f838,Chettinad Style Chickens Togayal Recipe (Horsegram Chutney),indian,medium,25,standard,non_veg,Chettinad Chickens Togayal Recipe (Horsegram Chutney),indian|side|south_indian|spicy|sour|savory|non-veg|gluten_free|dairy_free|nut_free|halal,nonveg_tags_without_meat_words
56cb0cf8-8888-4820-b501-c50b98ffbd36,Chicken In White Gravy Recipe,indian,easy,25,standard,non_veg,Chicken In White Gravy Recipe,indian|curry|main|spicy|sour|savory|non-veg|gluten_free|nut_free|halal,nonveg_tags_without_meat_words
38269743-06b0-4435-a922-3e7a298eae6c,Chicken Masala Fry Recipe,indian,easy,25,standard,non_veg,Chicken Masala Fry Recipe,indian|curry|main|spicy|sour|savory|non-veg|gluten_free|nut_free|halal,nonveg_tags_without_meat_words
5af6868e-4bd9-47ef-98a1-c060a10ff052,Chicken Sandwich With Sweet Corn Recipe,indian,easy,25,standard,non_veg,Chicken Sandwich With Sweet Corn Recipe,indian|dessert|spicy|sweet|savory|non-veg|dairy_free|nut_free|halal,nonveg_tags_without_meat_words
3146de92-32d3-468d-9ed4-117e700e86d9,Chicken Tikki Recipe,indian,hard,25,standard,non_veg,Chicken Tikki Recipe,indian|main|spicy|savory|non-veg|dairy_free|nut_free|halal,nonveg_tags_without_meat_words
90d4d4b1-40b9-4895-a0d4-08a163986ada,Chicken Tikki Recipe - Chicken Cutlet,indian,medium,25,standard,non_veg,Chicken Tikki Recipe - Chicken Cutlet,indian|snack|spicy|savory|non-veg|dairy_free|nut_free|halal,nonveg_tags_without_meat_words
dbc4198f-fd3e-4d40-b4d8-21ccd0b47533,Chicken With Mushroom Sauce Recipe,indian,medium,25,standard,non_veg,Chicken With Mushroom Sauce Recipe,indian|main|spicy|savory|non-veg|nut_free|halal,nonveg_tags_without_meat_words
fead361a-420d-427f-834e-365f5a4304c8,Chinese Egg Drop Soup Recipe (With Vegetarian Option),indian,easy,25,standard,non_veg,Chinese Egg Drop Soup Recipe (With Vegetarian Option),indian|main|spicy|sour|savory|non-veg|dairy_free|nut_free|halal,nonveg_tags_without_meat_words
0a44de2a-9cb7-435b-b30f-87c0edabedb2,Chinese Style Sweet And Spicy Broccoli Stir Fry With Sausage Recipe,indian,easy,25,standard,vegetarian,Chinese Sweet And Spicy Broccoli Stir Fry With Sausage Recipe,indian|dessert|spicy|sweet|sour|savory|non-veg|gluten_free|dairy_free|nut_free|halal,nonveg_tags_without_meat_words
3bee2bc2-0c2a-4c6a-8fdc-acc1dcb4aeb5,Crispy Pan Fried Pomfret Recipe,indian,medium,25,standard,vegetarian,Crispy Pan Fried Pomfret Recipe,indian|main|spicy|sour|savory|non-veg|dairy_free|nut_free|halal,nonveg_tags_without_meat_words
85cce16f-039a-404e-b87b-3bf8e2453122,Crispy and Spicy Chilli Chicken Recipe - Indian Style,indian,medium,25,standard,non_veg,Crispy and Spicy Chilli Chicken Recipe - Indian,indian|main|spicy|sour|savory|non-veg|nut_free|halal,nonveg_tags_without_meat_words
103fe02f-3fe0-4c0d-a9ce-fc355bd0e8e8,Dhugare Baingan Recipe - Dhungare Baingan Recipe,indian,medium,25,standard,vegetarian,Dhugare Baingan Recipe - Dhungare Baingan Recipe,indian|main|spicy|sour|savory|non-veg|gluten_free|nut_free|halal,nonveg_tags_without_meat_words
2cc0ee63-db69-4ec5-9e47-f27de5ba8e0a,Dhungare Baingan Recipe,indian,medium,25,standard,vegetarian,Dhungare Baingan Recipe,indian|main|spicy|sour|savory|non-veg|gluten_free|nut_free|halal,nonveg_tags_without_meat_words
adf68187-3e56-40aa-b3be-2642efc8fa94,Doi Ilish Recipe - Bengali Style Hilsa In Yogurt Gravy Recipe,indian,medium,25,standard,vegetarian,Doi Ilish Recipe - Bengali Hilsa In Yogurt Gravy Recipe,indian|curry|bengali|main|spicy|sour|savory|non-veg|gluten_free|nut_free|halal,nonveg_tags_without_meat_words
9388a9c4-dfc1-4e71-aa82-60640c856649,Egg And Harissa Sandwich Recipe,indian,easy,25,standard,non_veg,Egg And Harissa Sandwich Recipe,indian|main|spicy|savory|non-veg|nut_free|halal,nonveg_tags_without_meat_words
9b5fb130-facb-4d7c-94c7-633643f073f7,Egg Salad Recipe With Sun Dried Tomatoes And Scallions,indian,easy,25,standard,non_veg,Egg Salad Recipe With Sun Dried Tomatoes And Scallions,indian|main|spicy|sour|savory|non-veg|gluten_free|dairy_free|nut_free|halal,nonveg_tags_without_meat_words
260d8507-4a0f-4054-9833-682b9ca6fae6,Egg Sholay Kebab Recipe,indian,hard,25,standard,non_veg,Egg Sholay Kebab Recipe,indian|main|south_indian|spicy|savory|non-veg|dairy_free|nut_free|halal,nonveg_tags_without_meat_words
ba9f2f31-3cc6-4303-ad8f-2a657303c7a6,Egg White Cheese Scrambled Eggs With Spinach & Caramelized Onion Recipe,indian,easy,25,standard,non_veg,Egg White Cheese Scrambled Eggs With Spinach & Caramelized Onion Recipe,indian|main|spicy|savory|non-veg|gluten_free|nut_free|halal,nonveg_tags_without_meat_words
04aa2ea4-d778-49cb-b840-4deafb8c3c0f,Eggless Coffee Souffle Recipe With Chocolate Sauce,indian,medium,25,standard,non_veg,Eggless Coffee Souffle Recipe With Chocolate Sauce,indian|main|sweet|savory|non-veg|nut_free|halal,nonveg_tags_without_meat_words
65aeafad-b018-4dc7-a0d3-6c60375bd5f7,Goan style Caril De Camarao Recipe (Prawn Curry Recipe),indian,easy,25,standard,non_veg,Goan Caril De Camarao Recipe (Prawn Curry Recipe),indian|curry|main|spicy|sour|savory|non-veg|gluten_free|nut_free|halal,nonveg_tags_without_meat_words
a77464f7-2e01-4ed4-bad9-4ca33a465ee8,Grilled Chicken With Vegetables Recipe,indian,medium,25,standard,non_veg,Grilled Chicken With Vegetables Recipe,indian|main|spicy|savory|non-veg|gluten_free|dairy_free|nut_free|halal,nonveg_tags_without_meat_words
99dd0fbc-4171-430e-87b2-f73c7a803336,Homemade Loaded Chicken Nachos Recipe,indian,easy,25,standard,non_veg,Homemade Loaded Chicken Nachos Recipe,indian|main|spicy|savory|non-veg|gluten_free|nut_free|halal,nonveg_tags_without_meat_words
84f878d5-9300-4efb-bbc0-0c2cbd910bc3,Karela Aur Baingan Ki Sabzi Recipe - Bitter Gourd Brinjal Sabzi,indian,medium,25,standard,vegetarian,Karela Aur Baingan Ki Sabzi Recipe - Bitter Gourd Brinjal Sabzi,indian|main|north_indian|spicy|sour|savory|non-veg|gluten_free|dairy_free|nut_free|halal,nonveg_tags_without_meat_words
933575dc-6589-49b6-a8d3-adae2e2bdbab,Kashmiri Dahi Baingan Recipe,indian,medium,25,standard,vegetarian,Kashmiri Dahi Baingan Recipe,indian|main|north_indian|spicy|sour|savory|non-veg|gluten_free|nut_free|halal,nonveg_tags_without_meat_words
b4186d89-1cbe-42d8-a52e-0d47ac0e9b40,Khatte Baingan Recipe,indian,medium,25,standard,vegetarian,Khatte Baingan Recipe,indian|main|spicy|sour|savory|non-veg|gluten_free|dairy_free|nut_free|halal,nonveg_tags_without_meat_words
1ceb6c05-dd2e-41e0-884b-2741b30f9f69,Malvani Mutton Curry Recipe,indian,medium,25,standard,non_veg,Malvani Mutton Curry Recipe,indian|curry|main|savory|non-veg|gluten_free|dairy_free|nut_free|halal,nonveg_tags_without_meat_words
9c961fb8-f7e6-4ee6-b91c-004d0505e0f0,Masala Bhurji Cheese Sandwich Recipe,indian,easy,25,standard,vegetarian,Masala Bhurji Cheese Sandwich Recipe,indian|curry|main|spicy|savory|non-veg|nut_free|halal,nonveg_tags_without_meat_words
29820e4a-64ea-4db2-b645-cbbe80267df6,Meat Masala Stuffed Bharwa Baingan Recipe,indian,easy,25,standard,vegetarian,Meat Masala Stuffed Bharwa Baingan Recipe,indian|curry|main|savory|non-veg|gluten_free|dairy_free|nut_free|halal,nonveg_tags_without_meat_words
5f44168c-2df1-4648-89c1-c1dcd4e6f125,"Mexican Breakfast Tortilla, Fried Eggs & Black Beans With Salsa Recipe",indian,easy,25,standard,non_veg,"Mexican Breakfast Tortilla, Fried Eggs & Black Beans With Salsa Recipe",indian|main|savory|non-veg|gluten_free|dairy_free|nut_free|halal,nonveg_tags_without_meat_words
456092fb-f5f7-4d7f-871e-f77cb15a164c,Muhammara Recipe - Roasted Red Bell Pepper & Walnut Dip,indian,easy,25,standard,vegetarian,Muhammara Recipe - Roasted Red Bell Pepper & Walnut Dip,indian|main|spicy|sweet|sour|savory|non-veg|dairy_free,nonveg_tags_without_meat_words
bc75a2d6-fc76-4695-8612-bde686d1a821,Mushroom And Scrambled Egg Bagel Sandwich Recipe,indian,easy,25,standard,non_veg,Mushroom And Scrambled Egg Bagel Sandwich Recipe,indian|main|spicy|savory|non-veg|gluten_free|nut_free|halal,nonveg_tags_without_meat_words
1db46f8e-76e7-497d-bebb-b14b2e8459c1,Muttai Kuzhambu Recipe - South Indian Egg Curry,indian,hard,25,standard,non_veg,Muttai Kuzhambu Recipe - South Indian Egg Curry,indian|curry|south_indian|main|spicy|savory|non-veg|gluten_free|dairy_free|nut_free,nonveg_tags_without_meat_words
e4dcde7c-10f2-4c08-a934-0c87ebb02a60,Nendra Pazham Pulissery Recipe - Ayurvedic Recipe,indian,easy,25,standard,vegetarian,Nendra Pazham Pulissery Recipe - Ayurvedic Recipe,indian|main|south_indian|spicy|sour|savory|non-veg|gluten_free|nut_free,nonveg_tags_without_meat_words
581f8cea-825a-4c79-a3f0-3bb1f0bee876,PF Chang's Style Crispy Chicken Lettuce Wraps Recipe,indian,medium,25,standard,non_veg,PF Chang's Crispy Chicken Lettuce Wraps Recipe,indian|main|spicy|sweet|sour|savory|non-veg|gluten_free|dairy_free|nut_free|halal,nonveg_tags_without_meat_words
da609a79-e449-4a2d-970a-3819a927aac3,Peanut Butter Chicken Recipe,indian,easy,25,standard,non_veg,Peanut Butter Chicken Recipe,indian|main|spicy|savory|non-veg|gluten_free|halal,nonveg_tags_without_meat_words
b5472b14-3052-4090-96af-19f737532de4,Persian Chicken Kidney Bean Stew Recipe,indian,medium,25,standard,non_veg,Persian Chicken Kidney Bean Stew Recipe,indian|main|spicy|savory|non-veg|gluten_free|dairy_free|nut_free|halal,nonveg_tags_without_meat_words
e4feba5f-2f5d-46da-bf8b-f211d300bf9c,Pineapple Chicken Curry Recipe,indian,easy,25,standard,non_veg,Pineapple Chicken Curry Recipe,indian|curry|main|sweet|savory|non-veg|gluten_free|nut_free|halal,nonveg_tags_without_meat_words
48c5b0f0-1a2a-498f-a455-c959624a2e85,Pita Saga Bati Basa Recipe,indian,medium,25,standard,vegetarian,Pita Saga Bati Basa Recipe,indian|main|spicy|savory|non-veg|gluten_free|dairy_free|nut_free|halal,nonveg_tags_without_meat_words
2b1d8c52-5090-414d-b5b6-0d4967353dfb,Poached Eggs Recipe With Arugula Fig Walnut Salad,indian,medium,25,standard,non_veg,Poached Eggs Recipe With Arugula Fig Walnut Salad,indian|main|spicy|sour|savory|non-veg|gluten_free|dairy_free|halal,nonveg_tags_without_meat_words
6a10245c-53e9-445d-a5f2-9faa59f7dcba,Prawn Fritters Recipe (Shrimp Vadai),indian,hard,25,standard,non_veg,Prawn Fritters Recipe (Shrimp Vadai),indian|main|spicy|savory|non-veg|dairy_free|nut_free|halal,nonveg_tags_without_meat_words
a0d68c7d-e4b6-4e79-a20b-09c3493e56ff,Prawn Ghee Pepper Masala Recipe With Garlic,indian,hard,25,standard,non_veg,Prawn Ghee Pepper Masala Recipe With Garlic,indian|curry|south_indian|main|spicy|sweet|sour|savory|non-veg|gluten_free|nut_free|halal,nonveg_tags_without_meat_words
40689167-9bfc-4c61-a4a9-05e5f3b3d57c,Prawn Ghee Roast Recipe,indian,hard,25,standard,non_veg,Prawn Ghee Roast Recipe,indian|main|spicy|sour|savory|non-veg|gluten_free|nut_free|halal,nonveg_tags_without_meat_words
8e9744ca-70ce-4fdb-9c09-e68c61e29022,Pui Shaker Chorchori Recipe - Mixed Vegetable Curry With Malabar Spinach,indian,medium,25,standard,vegetarian,Pui Shaker Chorchori Recipe - Mixed Vegetable Curry With Malabar Spinach,indian|curry|north_indian|main|spicy|sweet|savory|non-veg|gluten_free|dairy_free|nut_free|halal,nonveg_tags_without_meat_words
0a16e11f-18cb-4a98-95bf-be5d00fecd25,Ringan Methi Nu Shaak Recipe - Gujarati Style Eggplant & Fenugreek Leaves Sabzi,indian,easy,25,standard,non_veg,Ringan Methi Nu Shaak Recipe - Gujarati Eggplant & Fenugreek Leaves Sabzi,indian|main|gujarati|spicy|sweet|sour|savory|non-veg|gluten_free|dairy_free|nut_free|halal,nonveg_tags_without_meat_words
bfe6fa79-8706-4151-a58e-026f01e47ecd,Russian Pattice Recipe - Parsi Chicken Cutlet,indian,hard,25,standard,non_veg,Russian Pattice Recipe - Parsi Chicken Cutlet,indian|snack|spicy|savory|non-veg|nut_free|halal,nonveg_tags_without_meat_words
002a5937-4768-4a2c-8c89-b5ca22888f85,Sali Par Eedu Recipe - Parsi Breakfast Eggs On Fried Potato,indian,easy,25,standard,non_veg,Sali Par Eedu Recipe - Parsi Breakfast Eggs On Fried Potato,indian|main|spicy|savory|non-veg|gluten_free|nut_free|halal,nonveg_tags_without_meat_words
95564785-f9f7-4328-85b3-365691b6aaa9,Scrambled Eggs With Ridge Gourd Sabzi Recipe,indian,easy,25,standard,non_veg,Scrambled Eggs With Ridge Gourd Sabzi Recipe,indian|main|spicy|savory|non-veg|gluten_free|dairy_free|nut_free|halal,nonveg_tags_without_meat_words
33d65603-00de-48f0-8445-253ed4fd3fb2,Seer Fish Fry Recipe,indian,easy,25,standard,non_veg,Seer Fish Fry Recipe,indian|main|spicy|sour|savory|non-veg|dairy_free|nut_free|halal,nonveg_tags_without_meat_words
5784a802-e10e-46fd-85b7-458b7e0846de,South Indian Egg Curry Recipe,indian,hard,25,standard,non_veg,South Indian Egg Curry Recipe,indian|curry|south_indian|main|spicy|savory|non-veg|gluten_free|dairy_free|nut_free|halal,nonveg_tags_without_meat_words
62726de4-2974-4549-89f3-a705a57b267c,South Indian Papad Curry Recipe - Appalam Vathal Kuzhambu (Recipe),indian,easy,25,standard,vegetarian,South Indian Papad Curry Recipe - Appalam Vathal Kuzhambu (Recipe),indian|curry|south_indian|main|spicy|sour|savory|non-veg|gluten_free|dairy_free|nut_free,nonveg_tags_without_meat_words
232784e1-8d78-4f38-b9bb-5a6d97db3d60,Spicy Avocado Scrambled Eggs Recipe,indian,easy,25,standard,non_veg,Spicy Avocado Scrambled Eggs Recipe,indian|main|spicy|savory|non-veg|gluten_free|nut_free|halal,nonveg_tags_without_meat_words
f30252c8-7ed8-4452-a7eb-73ab29c3bfaf,Spicy Jalapeno Scrambled Eggs Recipe,indian,easy,25,standard,non_veg,Spicy Jalapeno Scrambled Eggs Recipe,indian|main|spicy|savory|non-veg|gluten_free|dairy_free|nut_free|halal,nonveg_tags_without_meat_words
a74b185c-1dfe-44d0-84ac-fa4696e3e459,Spinach Mushroom Scrambled Eggs Recipe,indian,easy,25,standard,non_veg,Spinach Mushroom Scrambled Eggs Recipe,indian|main|spicy|savory|non-veg|gluten_free|nut_free|halal,nonveg_tags_without_meat_words
daebfae4-7373-4f71-8160-55a99a1814c0,Spinach Omelette Recipe,indian,easy,25,standard,vegetarian,Spinach Omelette Recipe,indian|main|spicy|savory|non-veg|gluten_free|nut_free|halal,nonveg_tags_without_meat_words
778b6627-a63c-44ea-836e-dc17aa43c395,Sriracha Spiced Deviled Eggs Recipe,indian,easy,25,standard,non_veg,Sriracha Spiced Deviled Eggs Recipe,indian|main|spicy|savory|non-veg|gluten_free|dairy_free|nut_free|halal,nonveg_tags_without_meat_words
60e8d8d5-ffba-486b-b299-01a9c789053f,Stuffed Omelette Recipe With Cheesy Garlic Mushroom & Corn,indian,easy,25,standard,vegetarian,Stuffed Omelette Recipe With Cheesy Garlic Mushroom & Corn,indian|main|spicy|sweet|savory|non-veg|gluten_free|dairy_free|nut_free|halal,nonveg_tags_without_meat_words
e5e532c9-bc97-4112-9bb4-150b699b195d,Tamil Nadu Style Kothamali Aval Upma Recipe - Coriander Poha Recipe,indian,medium,25,standard,vegetarian,Tamil Nadu Kothamali Aval Upma Recipe - Coriander Poha Recipe,indian|main|south_indian|spicy|sweet|sour|savory|non-veg|gluten_free|dairy_free|nut_free,nonveg_tags_without_meat_words
00aa3154-348b-441b-b28c-444a65458366,Thai Som Tum Recipe (Thai Green Papaya Salad),indian,medium,25,standard,vegetarian,Thai Som Tum Recipe (Thai Green Papaya Salad),indian|main|spicy|sweet|sour|savory|non-veg|gluten_free|dairy_free|halal,nonveg_tags_without_meat_words
8f884847-47cc-4fca-b90d-8bd0d9fcf05a,Tofu and Shrimp Salad Recipe With Balsamic Dressing,indian,medium,25,standard,vegetarian,Tofu and Shrimp Salad Recipe With Balsamic Dressing,indian|main|spicy|sweet|sour|savory|non-veg|dairy_free|halal,nonveg_tags_without_meat_words
a333d78b-6628-4cb1-acb3-6a2219c7f0fb,Warm Red Lentil Salad With Goat Cheese Recipe,indian,medium,25,standard,vegetarian,Warm Red Lentil Salad With Goat Cheese Recipe,indian|main|spicy|sour|savory|non-veg|nut_free|halal,nonveg_tags_without_meat_words
2d1e502c-837a-41a3-b166-727ac35e4935,Whole Wheat Pasta Salad With Capsicum And Corn Recipe,indian,medium,25,standard,vegetarian,Whole Wheat Pasta Salad With Capsicum And Corn Recipe,indian|main|spicy|sweet|sour|savory|non-veg|nut_free|halal,nonveg_tags_without_meat_words
7d6a6667-75f9-435d-873b-c2b637a5f41d,Zucchini Oatmeal Omelette Recipe,indian,easy,25,standard,vegetarian,Zucchini Oatmeal Omelette Recipe,indian|main|spicy|savory|non-veg|gluten_free|dairy_free|nut_free|halal,nonveg_tags_without_meat_words
8e3c3a0c-f86b-49c9-b95b-7dfe28aed498,Broccoli Chocolate Muffins Recipe,indian,easy,27,standard,vegetarian,Broccoli Chocolate Muffins Recipe,indian|main|sweet|savory|non-veg|halal,nonveg_tags_without_meat_words
93562a0d-e580-4a00-a44e-1c4900127427,Thumbprint Salted Caramel Chocolate Cookies Recipe,indian,medium,27,standard,vegetarian,Thumbprint Salted Caramel Chocolate Cookies Recipe,indian|main|sweet|savory|non-veg|nut_free|halal,nonveg_tags_without_meat_words
0615ccac-6163-4d09-9375-62aa2dc2ac2f,Egg Dosa Recipe,indian,medium,28,standard,non_veg,Egg Dosa Recipe,indian|main|south_indian|spicy|savory|non-veg|gluten_free|dairy_free|nut_free|halal,nonveg_tags_without_meat_words
5925ffb4-ed15-4aeb-8d65-c8cacff186cb,Savory Shrimps On Skillet Recipe,indian,medium,28,standard,vegetarian,Savory Shrimps On Skillet Recipe,indian|main|spicy|sour|savory|non-veg|gluten_free|nut_free|halal,nonveg_tags_without_meat_words
224e13f2-69dd-4b92-95ea-ebec5cb1e7fa,Kothu Kari Kuzhambu Recipe - Mutton Keema Curry,indian,hard,29,standard,non_veg,Kothu Kari Kuzhambu Recipe - Mutton Keema Curry,indian|curry|south_indian|main|spicy|savory|non-veg|dairy_free|nut_free,nonveg_tags_without_meat_words
d08540ad-1b47-4988-a313-984529ae52cf,Akuri Recipe (Parsi Style Seasoned Scrambled Eggs),indian,medium,30,standard,non_veg,Akuri Recipe (Parsi Seasoned Scrambled Eggs),indian|main|spicy|savory|non-veg|gluten_free|nut_free|halal,nonveg_tags_without_meat_words
3bc8f7a6-112f-4459-be8c-30f42ad56a37,Almond Nu Gosht Recipe - Badam Nu Gosht Recipe,indian,hard,30,standard,vegetarian,Almond Nu Gosht Recipe - Badam Nu Gosht Recipe,indian|main|spicy|savory|non-veg|gluten_free|halal,nonveg_tags_without_meat_words
166731a8-ece9-4f68-8c59-230b7d0de72a,Aloo Bilahi Maas Recipe - Assamese Fish Curry With Potatoes And Tomatoes,indian,hard,30,standard,non_veg,Aloo Bilahi Maas Recipe - Assamese Fish Curry With Potatoes And Tomatoes,indian|curry|main|spicy|savory|non-veg|dairy_free|nut_free|halal,nonveg_tags_without_meat_words
36cad1f4-d0e1-431f-87d2-b99e41da5a0e,Anda Bhurji Recipe,indian,easy,30,standard,vegetarian,Anda Bhurji Recipe,indian|main|north_indian|spicy|savory|non-veg|gluten_free|nut_free|halal,nonveg_tags_without_meat_words
3e96b9fb-a497-4954-a39f-05908779a582,Andhra Pepper Chicken Recipe,indian,medium,30,standard,non_veg,Andhra Pepper Chicken Recipe,indian|main|south_indian|spicy|sour|savory|non-veg|gluten_free|dairy_free|nut_free|halal,nonveg_tags_without_meat_words
d16285c3-e1d4-40b1-af16-cdec335c73c8,Andhra Style Pindi Miriyam Recipe,indian,medium,30,standard,vegetarian,Andhra Pindi Miriyam Recipe,indian|main|south_indian|spicy|sweet|sour|savory|non-veg|gluten_free|dairy_free|nut_free|halal,nonveg_tags_without_meat_words
ebc0b29f-a455-4e04-b650-844fd51cb6f6,Andhra Style Vankaya Kothamira Karam Recipe - Andhra Style Vankaya Kothimeera Karam Recipe,indian,medium,30,standard,vegetarian,Andhra Vankaya Kothamira Karam Recipe - Andhra Vankaya Kothimeera Karam Recipe,indian|main|south_indian|spicy|savory|non-veg|gluten_free|dairy_free|nut_free,nonveg_tags_without_meat_words
0684f2dd-7cdf-49c6-baef-f02ddc7f66eb,Andhra Style Vankaya Kothimeera Karam Recipe - Brinjal Cooked With Spicy Coriander Mix Recipe,indian,easy,30,standard,vegetarian,Andhra Vankaya Kothimeera Karam Recipe - Brinjal Cooked With Spicy Coriander Mix Recipe,indian|main|south_indian|spicy|savory|non-veg|gluten_free|dairy_free|nut_free|halal,nonveg_tags_without_meat_words
527c1655-4176-4f8e-8908-b67dcab2fb82,Apple Cinnamon French Toast Recipe,indian,medium,30,standard,vegetarian,Apple Cinnamon French Toast Recipe,indian|main|sweet|savory|non-veg|nut_free|halal,nonveg_tags_without_meat_words
6a5aa5a6-8e59-4ce7-ad1f-e7df556b8eca,Asian Style Stuffed Omelette Recipe,indian,easy,30,standard,vegetarian,Asian Stuffed Omelette Recipe,indian|main|spicy|sour|savory|non-veg|gluten_free|dairy_free|nut_free|halal,nonveg_tags_without_meat_words
ae6a6a47-90f6-440a-8844-26b5fad50464,Assamese Saaru Maas Diya Adar Jhol Recipe - Fish In Ginger Gravy,indian,easy,30,standard,non_veg,Assamese Saaru Maas Diya Adar Jhol Recipe - Fish In Ginger Gravy,indian|curry|main|spicy|savory|non-veg|dairy_free|nut_free|halal,nonveg_tags_without_meat_words
2e31725e-0cb9-4b23-bd0f-e168a39e5724,Avocado Salsa Open Multigrain Toast With Fried Egg Recipe,indian,medium,30,standard,non_veg,Avocado Salsa Open Multigrain Toast With Fried Egg Recipe,indian|main|spicy|sour|savory|non-veg|nut_free|halal,nonveg_tags_without_meat_words
2754454a-ad41-4025-b7f5-262eb0b0f82a,Ayam Goreng Kremes Recipe - Indonesian Style Crunchy Fried Chicken,indian,hard,30,standard,non_veg,Ayam Goreng Kremes Recipe - Indonesian Crunchy Fried Chicken,indian|main|spicy|sour|savory|non-veg|dairy_free|halal,nonveg_tags_without_meat_words
6b10716c-4161-4674-a9ee-db09aa1b34a1,Badam Nu Gosht Recipe - Parsi Style Mutton In Almond Gravy,indian,hard,30,standard,non_veg,Badam Nu Gosht Recipe - Parsi Mutton In Almond Gravy,indian|curry|main|spicy|savory|non-veg|halal,nonveg_tags_without_meat_words
a5c309e7-a04c-4039-a380-dfc103529f3f,Bengali Style Kosha Mangsho Recipe- Spicy Mutton Curry,indian,medium,30,standard,non_veg,Bengali Kosha Mangsho Recipe- Spicy Mutton Curry,indian|curry|bengali|main|spicy|sour|savory|non-veg|gluten_free|nut_free|halal,nonveg_tags_without_meat_words
8f21d29c-197f-4890-b16d-94275e8c874b,Broccoli Egg Bhurji Recipe,indian,easy,30,standard,non_veg,Broccoli Egg Bhurji Recipe,indian|main|spicy|savory|non-veg|gluten_free|dairy_free|nut_free|halal,nonveg_tags_without_meat_words
04dda272-dfb8-4fb3-81d8-2bc42dd6c09b,Buckwheat and Oatmeal Chocochip Pancakes Recipe (Eggless),indian,easy,30,standard,non_veg,Buckwheat and Oatmeal Chocochip Pancakes Recipe (Eggless),indian|main|sweet|savory|non-veg|halal,nonveg_tags_without_meat_words
ce16d7e7-0bd3-444f-aa17-5e3fdf783d54,Cabbage Bhurji Recipe,indian,easy,30,standard,vegetarian,Cabbage Bhurji Recipe,indian|main|north_indian|spicy|savory|non-veg|dairy_free|nut_free|halal,nonveg_tags_without_meat_words
4c8dbe0d-e2be-4804-9178-bc3a36688765,Cheesy Loaded Veggie Nachos Recipes,indian,hard,30,standard,non_veg,Cheesy Loaded Veggie Nachos Recipes,indian|main|spicy|sweet|sour|savory|non-veg|nut_free|halal,nonveg_tags_without_meat_words
071dc1fd-5543-4be6-939b-b7d2e19b12cb,Chettinad Kozhi Rasam Recipe - Chettinad Chicken Rasam,indian,easy,30,standard,non_veg,Chettinad Kozhi Rasam Recipe - Chettinad Chicken Rasam,indian|main|south_indian|spicy|savory|non-veg|gluten_free|dairy_free|nut_free|halal,nonveg_tags_without_meat_words
7bdea50b-d4b1-4a96-b955-b8c12dd3e4b9,Chicken Galauti Kebab Recipe,indian,medium,30,standard,non_veg,Chicken Galauti Kebab Recipe,indian|main|north_indian|spicy|savory|non-veg|dairy_free|nut_free|halal,nonveg_tags_without_meat_words
54552ae9-0935-449e-84bc-b587d849e80d,Chicken In Curry Leaves Gravy Recipe,indian,easy,30,standard,non_veg,Chicken In Curry Leaves Gravy Recipe,indian|curry|main|spicy|sour|savory|non-veg|gluten_free|dairy_free|nut_free|halal,nonveg_tags_without_meat_words
7ff604c1-d2e5-4b98-8c54-8874011251ee,Chicken In Tomato Onion Gravy Recipe,indian,easy,30,standard,non_veg,Chicken In Tomato Onion Gravy Recipe,indian|curry|main|spicy|sour|savory|non-veg|gluten_free|nut_free|halal,nonveg_tags_without_meat_words
76b1a1fa-a4f3-4e85-8bca-de898db3c303,Chicken Rendang Recipe - Malaysian-Indonesian Chicken Stew,indian,hard,30,standard,non_veg,Chicken Rendang Recipe - Malaysian-Indonesian Chicken Stew,indian|main|spicy|sour|savory|non-veg|gluten_free|nut_free|halal,nonveg_tags_without_meat_words
131625e3-ec22-4382-937b-15792c05c4ab,Chicken Sholay Kebab Recipe,indian,hard,30,standard,non_veg,Chicken Sholay Kebab Recipe,indian|main|south_indian|spicy|savory|non-veg|dairy_free|nut_free|halal,nonveg_tags_without_meat_words
0e0ad3d6-8e28-4ba1-bc74-ed5fd1226f4b,Chicken Spinach And Ricotta Bombs Recipe,indian,medium,30,standard,non_veg,Chicken Spinach And Ricotta Bombs Recipe,indian|main|spicy|savory|non-veg|nut_free|halal,nonveg_tags_without_meat_words
622740a2-8455-45ab-85da-5134c1406b38,Chicken with Creamy Mushroom Sauce Recipe,indian,medium,30,standard,non_veg,Chicken with Creamy Mushroom Sauce Recipe,indian|main|spicy|savory|non-veg|gluten_free|nut_free|halal,nonveg_tags_without_meat_words
2f074890-ca0b-4caf-9858-ff6231f413c2,Chilli Egg In Soya Sauce Recipe,indian,medium,30,standard,non_veg,Chilli Egg In Soya Sauce Recipe,indian|main|spicy|savory|non-veg|dairy_free|nut_free|halal,nonveg_tags_without_meat_words
7790df3c-c484-4cb8-b435-5c18531eae9e,Churros Recipe With Cinnamon & Sugar | Eggless Recipe,indian,medium,30,standard,non_veg,Churros Recipe With Cinnamon & Sugar | Eggless Recipe,indian|main|sweet|savory|non-veg|nut_free|halal,nonveg_tags_without_meat_words
aeb054d8-835e-4ac7-84c5-3734ed792ec8,Cold Pasta Salad With Potatoes And Green Peas Recipe,indian,easy,30,standard,vegetarian,Cold Pasta Salad With Potatoes And Green Peas Recipe,indian|main|spicy|sour|savory|non-veg|gluten_free|dairy_free|nut_free|halal,nonveg_tags_without_meat_words
f6b9db02-7cb5-460d-9483-14aab4ce6cd8,Coriander Prawn Cakes Recipe,indian,easy,30,standard,non_veg,Coriander Prawn Cakes Recipe,indian|main|spicy|savory|non-veg|dairy_free|nut_free|halal,nonveg_tags_without_meat_words
078e5293-e1f8-479e-9c4e-88873b76892c,Creamy Chicken Pesto Spaghetti Pasta Recipe,indian,medium,30,standard,non_veg,Creamy Chicken Pesto Spaghetti Pasta Recipe,indian|main|spicy|sour|savory|non-veg|gluten_free|halal,nonveg_tags_without_meat_words
4a383126-70d4-438a-850a-b49f57d3b1f0,Crepes Stuffed with Nutella and Seasonal Fruits Recipe,indian,medium,30,standard,vegetarian,Crepes Stuffed with Nutella and Seasonal Fruits Recipe,indian|main|sweet|savory|non-veg|halal,nonveg_tags_without_meat_words
c355fd62-93bb-41e8-a03a-00676a240f8f,Deviled Eggs Recipe With Mayo And Mustard Recipe,indian,medium,30,standard,non_veg,Deviled Eggs Recipe With Mayo And Mustard Recipe,indian|main|spicy|savory|non-veg|gluten_free|dairy_free|nut_free|halal,nonveg_tags_without_meat_words
6c0206a2-8c4a-45fc-be83-ae906b1768cd,Egg Korma Recipe,indian,medium,30,standard,non_veg,Egg Korma Recipe,indian|curry|main|spicy|savory|non-veg|gluten_free|nut_free|halal,nonveg_tags_without_meat_words
6ba66b41-5496-4093-b5d4-425ccf4726f9,Egg Manchurian Recipe,indian,easy,30,standard,non_veg,Egg Manchurian Recipe,indian|main|spicy|sweet|sour|savory|non-veg|gluten_free|dairy_free|nut_free|halal,nonveg_tags_without_meat_words
7152cb14-2fba-4223-a58d-ced9c3925ee3,Egg Roast Masala Dosa Recipe - With Moong Dal Dosa Batter,indian,hard,30,standard,non_veg,Egg Roast Masala Dosa Recipe - With Moong Dal Dosa Batter,indian|curry|south_indian|main|spicy|savory|non-veg|gluten_free|dairy_free|nut_free|halal,nonveg_tags_without_meat_words
4ca7fc44-e373-46ab-b9e5-ed4e01636c62,Egg Shoap Recipe | Assamese Appetizer,indian,easy,30,standard,non_veg,Egg Shoap Recipe | Assamese Appetizer,indian|main|spicy|savory|non-veg|dairy_free|nut_free|halal,nonveg_tags_without_meat_words
06b163bf-5bc7-425f-8fff-6b1f80ed9cda,Egg Stuffed Paratha Recipe,indian,easy,30,standard,non_veg,Egg Stuffed Paratha Recipe,indian|bread|main|spicy|savory|non-veg|nut_free|halal,nonveg_tags_without_meat_words
98b51605-dc3e-4cd8-99e0-f5029c29b355,Egg and Bread Fried Rice (Recipe In Hindi),indian,medium,30,standard,non_veg,Egg and Bread Fried Rice (Recipe In Hindi),indian|rice|main|spicy|sweet|savory|non-veg|dairy_free|nut_free|halal,nonveg_tags_without_meat_words
9ea357eb-c7b4-4b97-b6a4-b06836ffeeda,Egg and Bread Fried Rice Recipe,indian,medium,30,standard,non_veg,Egg and Bread Fried Rice Recipe,indian|rice|main|spicy|savory|non-veg|dairy_free|nut_free|halal,nonveg_tags_without_meat_words
c127e3f6-2e9b-4d9c-bb68-14b038c75f47,Eggless Carrot Muffins Recipe,indian,medium,30,standard,non_veg,Eggless Carrot Muffins Recipe,indian|main|sweet|sour|savory|non-veg|halal,nonveg_tags_without_meat_words
a66908b5-1d94-4cc9-b28c-301be53afc69,Eggless Oats Cranberry Almond Cookies Recipe,indian,medium,30,standard,non_veg,Eggless Oats Cranberry Almond Cookies Recipe,indian|main|sweet|savory|non-veg|halal,nonveg_tags_without_meat_words
248f79da-25fa-434c-91f0-7e09e1c59788,Eggless Oreo Cake Recipe With Buttercream Frosting,indian,easy,30,standard,non_veg,Eggless Oreo Cake Recipe With Buttercream Frosting,indian|main|sweet|savory|non-veg|gluten_free|halal,nonveg_tags_without_meat_words
3c0bd9cc-f447-4bca-b848-a07d8148d24d,Eggplant Steaks Recipe,indian,medium,30,standard,non_veg,Eggplant Steaks Recipe,indian|main|spicy|sweet|savory|non-veg|gluten_free|nut_free|halal,nonveg_tags_without_meat_words
28a7e6b6-c549-4539-8287-36384476b1c8,Fish Tikka Masala Skewer Recipe,indian,easy,30,standard,non_veg,Fish Tikka Masala Skewer Recipe,indian|curry|north_indian|main|spicy|sour|savory|non-veg|nut_free|halal,nonveg_tags_without_meat_words
52edf7da-ff05-4381-8707-f44345e4c370,Five Spice Bean Burger Recipe,indian,medium,30,standard,vegetarian,Five Spice Bean Burger Recipe,indian|main|spicy|sweet|sour|savory|non-veg|nut_free|halal,nonveg_tags_without_meat_words
563877a9-f636-453e-8249-013f9478c192,Fluffy Corn Muffins Recipe,indian,easy,30,standard,vegetarian,Fluffy Corn Muffins Recipe,indian|main|sweet|savory|non-veg|nut_free|halal,nonveg_tags_without_meat_words
b54ff9bc-4c01-4396-b89b-6b70a7ee0e0c,Fried Artichokes Recipe Flavored With Lemon & Ginger,indian,easy,30,standard,vegetarian,Fried Artichokes Recipe Flavored With Lemon & Ginger,indian|main|sweet|sour|savory|non-veg|nut_free|halal,nonveg_tags_without_meat_words
5ce2d967-5e41-4468-a572-5bf8d63586cb,Garlic Shrimp Linguine Pasta Recipe,indian,easy,30,standard,vegetarian,Garlic Shrimp Linguine Pasta Recipe,indian|main|spicy|savory|non-veg|gluten_free|nut_free|halal,nonveg_tags_without_meat_words
dd4582a9-91b7-4797-98ac-6921b029d3fb,Ghee Tooria Per Eda Recipe - Parsi Style Ridge Gourd With Fried Eggs,indian,medium,30,standard,non_veg,Ghee Tooria Per Eda Recipe - Parsi Ridge Gourd With Fried Eggs,indian|main|spicy|savory|non-veg|gluten_free|nut_free|halal,nonveg_tags_without_meat_words
6542f185-b340-457d-ba69-401511413205,Ginger Garlic Chicken Recipe,indian,medium,30,standard,non_veg,Ginger Garlic Chicken Recipe,indian|main|spicy|sweet|sour|savory|non-veg|dairy_free|nut_free|halal,nonveg_tags_without_meat_words
e9e6d663-2d64-40ff-8649-1568f7783e94,Goan Mackerel Curry (Bangdyache Hooman) Recipe,indian,easy,30,standard,vegetarian,Goan Mackerel Curry (Bangdyache Hooman) Recipe,indian|curry|main|spicy|sour|savory|non-veg|gluten_free|dairy_free|nut_free|halal,nonveg_tags_without_meat_words
1c2915a0-754d-4d47-9e37-d6a7ee51417a,Goan Prawns Vindaloo Recipe,indian,medium,30,standard,non_veg,Goan Prawns Vindaloo Recipe,indian|main|spicy|sour|savory|non-veg|gluten_free|dairy_free|nut_free|halal,nonveg_tags_without_meat_words
9245f96b-375f-49bf-b961-459a2436ac3b,Gola Kebab (Indian Style Meat Balls) Recipe,indian,easy,30,standard,vegetarian,Gola Kebab (Indian Meat Balls) Recipe,indian|main|spicy|savory|non-veg|gluten_free|dairy_free|nut_free|halal,nonveg_tags_without_meat_words
68ab0d2b-7b13-47b7-8458-312674dfa950,Grilled Pineapple and Chicken Salad Recipe- Tangy Summer Salad,indian,medium,30,standard,non_veg,Grilled Pineapple and Chicken Salad Recipe- Tangy Summer Salad,indian|main|spicy|savory|non-veg|gluten_free|dairy_free|nut_free|halal,nonveg_tags_without_meat_words
03e108cf-ae9f-4ba6-bca6-d7ccb994e62b,Hariyali Machali Recipe - Carp Fish In Green Spinach And Coriander Gravy,indian,hard,30,standard,non_veg,Hariyali Machali Recipe - Carp Fish In Green Spinach And Coriander Gravy,indian|curry|main|spicy|savory|non-veg|gluten_free|dairy_free|nut_free|halal,nonveg_tags_without_meat_words
cdad43b1-ccab-445f-8840-6bf7d66c4cdf,Hariyali Tawa Fish Fry Recipe,indian,medium,30,standard,non_veg,Hariyali Tawa Fish Fry Recipe,indian|main|north_indian|spicy|sour|savory|non-veg|nut_free|halal,nonveg_tags_without_meat_words
5bd54897-281d-4a05-b15a-850a1322e52c,Healthy Lemon Cupcakes Recipe (Eggless),indian,easy,30,standard,non_veg,Healthy Lemon Cupcakes Recipe (Eggless),indian|main|sweet|sour|savory|non-veg|dairy_free|nut_free|halal,nonveg_tags_without_meat_words
987fb387-206e-4766-9305-4eaae8579c80,Heart Shaped Tea Sandwiches Recipe,indian,medium,30,standard,vegetarian,Heart Shaped Tea Sandwiches Recipe,indian|main|spicy|savory|non-veg|nut_free|halal,nonveg_tags_without_meat_words
d58e1303-8f36-4b4c-8456-4fb3e33f6b2b,Honey and Sesame Tossed Flat Noodles with Toasted Tofu Recipe,indian,easy,30,standard,vegetarian,Honey and Sesame Tossed Flat Noodles with Toasted Tofu Recipe,indian|main|spicy|sweet|savory|non-veg|dairy_free|nut_free|halal,nonveg_tags_without_meat_words
e1a86405-ce72-4cc7-858a-604f36058327,Hunan Style Sweet Sour Chicken Recipe,indian,medium,30,standard,non_veg,Hunan Sweet Sour Chicken Recipe,indian|dessert|spicy|sweet|sour|savory|non-veg|dairy_free|nut_free|halal,nonveg_tags_without_meat_words
d79a714b-f6d4-494b-9871-f76588eb6931,Hyderabadi Marag Recipe,indian,medium,30,standard,vegetarian,Hyderabadi Marag Recipe,indian|main|spicy|sour|savory|non-veg|halal,nonveg_tags_without_meat_words
cb4c6111-578a-4161-b514-1676559096e5,Ilish Macher Korma Recipe - Hilsa Fish Curry In Rich Gravy,indian,medium,30,standard,non_veg,Ilish Macher Korma Recipe - Hilsa Fish Curry In Rich Gravy,indian|curry|bengali|main|spicy|sweet|sour|savory|non-veg|halal,nonveg_tags_without_meat_words
4f9d4f26-efd1-4a8c-9b3b-68114dd9f2b0,Indian Style Masala Omelette Grilled Sandwich Recipe,indian,easy,30,standard,vegetarian,Indian Masala Omelette Grilled Sandwich Recipe,indian|curry|main|spicy|savory|non-veg|nut_free|halal,nonveg_tags_without_meat_words
ddee250f-d906-47b2-aac2-f3496f72ab57,Indo Chinese Chicken Hakka Noodles Recipe,indian,medium,30,standard,non_veg,Indo Chinese Chicken Hakka Noodles Recipe,indian|main|spicy|sour|savory|non-veg|dairy_free|nut_free|halal,nonveg_tags_without_meat_words
860b7ac0-4b0b-404c-b040-1e8551e8b4a5,Indo Chinese Soya Stir Fry Recipe With Cashew Nuts,indian,easy,30,standard,vegetarian,Indo Chinese Soya Stir Fry Recipe With Cashew Nuts,indian|main|spicy|sweet|sour|savory|non-veg|gluten_free|dairy_free|halal,nonveg_tags_without_meat_words
a2ef4503-f007-468f-b114-f7aa764825d2,Instant Khaman Dhokla Recipe,indian,hard,30,standard,vegetarian,Instant Khaman Dhokla Recipe,indian|main|gujarati|spicy|sweet|sour|savory|non-veg|dairy_free|nut_free,nonveg_tags_without_meat_words
01185693-3706-449e-ace4-c8a48950b1da,Kale and Mushroom French Soup Recipe - Kale and Mushroom French Soup Recipe,indian,medium,30,standard,vegetarian,Kale and Mushroom French Soup Recipe - Kale and Mushroom French Soup Recipe,indian|main|spicy|sour|savory|non-veg|gluten_free|nut_free|halal,nonveg_tags_without_meat_words
ac18290d-75d6-49f1-bd71-a271d0e6b777,Kashmiri Style Tamatar Chaman Recipe -Paneer Cooked With Tomatoes,indian,easy,30,standard,vegetarian,Kashmiri Tamatar Chaman Recipe -Paneer Cooked With Tomatoes,indian|main|north_indian|spicy|savory|non-veg|gluten_free|nut_free,nonveg_tags_without_meat_words
81af149a-b4ab-40fe-9997-fd4df0dccbf0,Keerai Karamani Kuzhambu- Palak Lobia Curry Recipe,indian,hard,30,standard,vegetarian,Keerai Karamani Kuzhambu- Palak Lobia Curry Recipe,indian|curry|south_indian|main|spicy|sour|savory|non-veg|gluten_free|dairy_free|nut_free,nonveg_tags_without_meat_words
1f6d94ac-5221-4596-8b8a-e9de07abeef7,Kerala Style Chemmeen Moilee Recipe - Prawn Curry,indian,medium,30,standard,non_veg,Kerala Chemmeen Moilee Recipe - Prawn Curry,indian|curry|south_indian|main|spicy|sweet|sour|savory|non-veg|gluten_free|nut_free|halal,nonveg_tags_without_meat_words
95b4685f-b46f-4657-8ff3-025de6f31662,Konkani Style Vaingana Kaap Recipe - Shallow Fried Eggplant With Semolina,indian,easy,30,standard,non_veg,Konkani Vaingana Kaap Recipe - Shallow Fried Eggplant With Semolina,indian|main|spicy|sour|savory|non-veg|dairy_free|nut_free|halal,nonveg_tags_without_meat_words
4c9a0723-0b4f-40f7-a45b-9c87c4bab920,Lau Chingri Recipe (Bottle Gourd And Shrimp Curry),indian,easy,30,standard,vegetarian,Lau Chingri Recipe (Bottle Gourd And Shrimp Curry),indian|curry|bengali|main|sweet|savory|non-veg|dairy_free|nut_free|halal,nonveg_tags_without_meat_words
b63ea50e-39dc-40e1-9ab7-da15945662e5,Lemon Pepper Fish Recipe,indian,easy,30,standard,non_veg,Lemon Pepper Fish Recipe,indian|main|spicy|sour|savory|non-veg|gluten_free|dairy_free|nut_free|halal,nonveg_tags_without_meat_words
176730c2-bf7a-4a52-90ca-3b77acd68962,Macha Mahura Recipe - Odia Style Fish Curry With Vegetables,indian,hard,30,standard,non_veg,Macha Mahura Recipe - Odia Fish Curry With Vegetables,indian|curry|main|spicy|savory|non-veg|gluten_free|dairy_free|nut_free|halal,nonveg_tags_without_meat_words
1b87f23f-c1ef-4b77-b154-d3e91f3c1471,Malvani Anda Curry Recipe,indian,hard,30,standard,vegetarian,Malvani Anda Curry Recipe,indian|curry|main|spicy|savory|non-veg|gluten_free|dairy_free|halal,nonveg_tags_without_meat_words
f158c420-3ac3-4fa2-a71d-e1b6f7d810c1,Malvani Anda Curry Recipe - Egg Curry With Spicy Malvani Masala,indian,medium,30,standard,non_veg,Malvani Anda Curry Recipe - Egg Curry With Spicy Malvani Masala,indian|curry|main|spicy|sour|savory|non-veg|gluten_free|dairy_free|halal,nonveg_tags_without_meat_words
1e3d4713-f6ea-48db-a0a3-1e2af83ed6bf,Mambazha Mor Kuzhambu Recipe - Ripe Mango Mor Kuzhambu,indian,easy,30,standard,vegetarian,Mambazha Mor Kuzhambu Recipe - Ripe Mango Mor Kuzhambu,indian|main|south_indian|spicy|sour|savory|non-veg|gluten_free|nut_free,nonveg_tags_without_meat_words
6fd46321-eb52-4dce-81b3-f3a77eeebbff,Mexican Chicken Burger Recipe With Sour Cream & Salsa,indian,hard,30,standard,non_veg,Mexican Chicken Burger Recipe With Sour Cream & Salsa,indian|main|spicy|savory|non-veg|gluten_free|nut_free|halal,nonveg_tags_without_meat_words
b0f01443-7514-4015-8b62-28fb2c8b8c88,Mexican Cornbread Recipe,indian,easy,30,standard,vegetarian,Mexican Cornbread Recipe,indian|main|spicy|sweet|savory|non-veg|nut_free|halal,nonveg_tags_without_meat_words
75de42fe-6fbd-4dd2-86a0-efb5c2de3fc8,Mexican Style Omelette With Avocado Dressing Recipe,indian,medium,30,standard,vegetarian,Mexican Omelette With Avocado Dressing Recipe,indian|main|spicy|sour|savory|non-veg|gluten_free|nut_free|halal,nonveg_tags_without_meat_words
ad084a8f-1e31-4eb4-88a1-2b1aff13978b,Murungakkai Mor Kuzhambu Recipe-Drumstick Buttermilk Curry,indian,easy,30,standard,vegetarian,Murungakkai Mor Kuzhambu Recipe-Drumstick Buttermilk Curry,indian|curry|south_indian|main|spicy|sour|savory|non-veg|gluten_free|nut_free,nonveg_tags_without_meat_words
9af60073-d92b-43ee-a662-4df383c2a7a3,Mushroom & Goat Cheese Omelette with Spinach Recipe,indian,easy,30,standard,vegetarian,Mushroom & Goat Cheese Omelette with Spinach Recipe,indian|main|spicy|savory|non-veg|gluten_free|nut_free|halal,nonveg_tags_without_meat_words
a457ead1-1f76-4302-9618-d869bfb6de77,Mutton Khurdi Recipe - Bohra Style White Mutton Stock Soup,indian,medium,30,standard,non_veg,Mutton Khurdi Recipe - Bohra White Mutton Stock Soup,indian|main|gujarati|spicy|sour|savory|non-veg|nut_free|halal,nonveg_tags_without_meat_words
8dafb5d6-d96b-43c1-8b4c-63c5d7fdb602,Nut Filled Chocolate Pastry Recipe,indian,easy,30,standard,vegetarian,Nut Filled Chocolate Pastry Recipe,indian|main|sweet|savory|non-veg|gluten_free|dairy_free|halal,nonveg_tags_without_meat_words
616bd5d5-2942-4016-8ede-38367d54e7f8,Oatmeal Banana Mini Muffins Recipe,indian,hard,30,standard,vegetarian,Oatmeal Banana Mini Muffins Recipe,indian|main|sweet|savory|non-veg|nut_free|halal,nonveg_tags_without_meat_words
7ea08aee-ecb1-4930-97a1-8849cf556e47,Oatmeal Pancake Recipe With Orange,indian,easy,30,standard,vegetarian,Oatmeal Pancake Recipe With Orange,indian|main|sour|savory|non-veg|nut_free|halal,nonveg_tags_without_meat_words
ef7d97b5-a764-4a89-a2e0-21e860371a12,Omurice Recipe - Japanese Omelette Rice,indian,medium,30,standard,vegetarian,Omurice Recipe - Japanese Omelette Rice,indian|rice|main|spicy|savory|non-veg|gluten_free|nut_free|halal,nonveg_tags_without_meat_words
4ffe9a0c-7af6-4a55-8534-31e82f3350d9,One Pot Vangi Bath Recipe Using Preethi Electric Pressure Cooker (Brinjal Rice),indian,hard,30,standard,vegetarian,One Pot Vangi Bath Recipe Using Preethi Electric Pressure Cooker (Brinjal Rice),indian|rice|south_indian|main|spicy|savory|non-veg|gluten_free|dairy_free|nut_free|halal,nonveg_tags_without_meat_words
ce695c7d-f9b4-4cee-98c7-ab273018cf6a,Orange Peel Kuzhambu Recipe - Orange Peel Tamarind Based Curry,indian,hard,30,standard,vegetarian,Orange Peel Kuzhambu Recipe - Orange Peel Tamarind Based Curry,indian|curry|south_indian|main|spicy|sweet|sour|savory|non-veg|gluten_free|dairy_free|nut_free,nonveg_tags_without_meat_words
fdc3137f-f645-4232-90f5-8cbcf718ef18,Pan Grilled Balsamic Chicken Breast And Mushrooms Recipe,indian,easy,30,standard,non_veg,Pan Grilled Balsamic Chicken Breast And Mushrooms Recipe,indian|main|spicy|sour|savory|non-veg|gluten_free|nut_free|halal,nonveg_tags_without_meat_words
a6122edc-d954-4185-9762-cd2ef7b9fbc0,Patra Ni Machi Recipe - Fish Cooked In Banana Leaf,indian,easy,30,standard,non_veg,Patra Ni Machi Recipe - Fish Cooked In Banana Leaf,indian|main|spicy|sweet|sour|savory|non-veg|gluten_free|dairy_free|nut_free|halal,nonveg_tags_without_meat_words
4334a632-72ef-486d-aadd-6ba8cc5fc74f,Penne With Roasted Eggplant And Mint Pesto Recipe,indian,easy,30,standard,non_veg,Penne With Roasted Eggplant And Mint Pesto Recipe,indian|main|spicy|savory|non-veg|gluten_free|nut_free|halal,nonveg_tags_without_meat_words
78e85452-788e-45d7-ada5-9dcc994e79b6,Pizza Flavoured Idli Muffins Recipe,indian,easy,30,standard,vegetarian,Pizza Flavoured Idli Muffins Recipe,indian|main|spicy|sweet|savory|non-veg|nut_free|halal,nonveg_tags_without_meat_words
337b2417-4471-4eb2-9a21-931d6f3a0ebc,Poondu Milagu Kuzhambu Recipe - Tamilnadu Style Garlic and Black Pepper Curry,indian,medium,30,standard,vegetarian,Poondu Milagu Kuzhambu Recipe - Tamilnadu Garlic and Black Pepper Curry,indian|curry|south_indian|main|spicy|sweet|sour|savory|non-veg|gluten_free|dairy_free|nut_free,nonveg_tags_without_meat_words
cb57be5b-451a-46a2-ae31-d52c53ce539f,Poricha Kuzhambu Recipe (Tamil Nadu Style Mixed Vegetables and Lentil Stew),indian,medium,30,standard,vegetarian,Poricha Kuzhambu Recipe (Tamil Nadu Mixed Vegetables and Lentil Stew),indian|main|south_indian|spicy|savory|non-veg|gluten_free|dairy_free|nut_free,nonveg_tags_without_meat_words
abb5bc8b-1c57-4763-9bfc-ab30f143361c,Protein Fingers Recipe,indian,medium,30,standard,vegetarian,Protein Fingers Recipe,indian|main|spicy|sour|savory|non-veg|gluten_free|nut_free|halal,nonveg_tags_without_meat_words
42361294-b22f-4f2a-933c-7125749a4495,Pumpkin Cupcakes Recipe With Finger Millet And Flax Seed,indian,medium,30,standard,vegetarian,Pumpkin Cupcakes Recipe With Finger Millet And Flax Seed,indian|main|sweet|savory|non-veg|nut_free|halal,nonveg_tags_without_meat_words
d7117a79-4867-4502-ad6a-553aaf282df0,Quick Chocolate Pudding Recipe,indian,easy,30,quick,vegetarian,Chocolate Pudding Recipe,indian|main|sweet|savory|non-veg|nut_free|halal,nonveg_tags_without_meat_words
d02c330b-7553-4a7c-a629-70d56343b8b2,Quick Prawn Tikka Masala Recipe,indian,medium,30,quick,non_veg,Prawn Tikka Masala Recipe,indian|curry|north_indian|main|spicy|sour|savory|non-veg|gluten_free|nut_free|halal,nonveg_tags_without_meat_words
1b594ef8-b27e-497e-8431-780c51694820,Quick Vegetable Noodles Recipe,indian,medium,30,quick,vegetarian,Vegetable Noodles Recipe,indian|main|spicy|savory|non-veg|nut_free|halal,nonveg_tags_without_meat_words
98773cc6-eb3f-4906-b389-bf31753a242b,Rava Fried Prawns Recipe,indian,easy,30,standard,non_veg,Rava Fried Prawns Recipe,indian|main|spicy|savory|non-veg|dairy_free|nut_free|halal,nonveg_tags_without_meat_words
5786e780-1dbf-4b28-845b-667c95d8f77d,Royyala Kura Recipe (Andhra Style Prawn Curry),indian,medium,30,standard,non_veg,Royyala Kura Recipe (Andhra Prawn Curry),indian|curry|south_indian|main|spicy|savory|non-veg|dairy_free|nut_free|halal,nonveg_tags_without_meat_words
87dab699-1e2d-4dc8-8410-469c155ab411,Rye Breakfast Sandwich With Cucumber And Eggs Recipe,indian,easy,30,standard,non_veg,Rye Breakfast Sandwich With Cucumber And Eggs Recipe,indian|main|spicy|savory|non-veg|nut_free|halal,nonveg_tags_without_meat_words
f5bc738f-e9dd-4462-9613-445731a3987c,Saoji Egg Curry Recipe,indian,medium,30,standard,non_veg,Saoji Egg Curry Recipe,indian|curry|main|spicy|savory|non-veg|gluten_free|dairy_free|nut_free|halal,nonveg_tags_without_meat_words
edfb0de8-187b-4ada-ba43-2b2b265e05b6,Saunf Wale Aloo Baingan Recipe - Fennel Spiced Potato And Eggplant,indian,easy,30,standard,non_veg,Saunf Wale Aloo Baingan Recipe - Fennel Spiced Potato And Eggplant,indian|main|spicy|savory|non-veg|gluten_free|dairy_free|nut_free|halal,nonveg_tags_without_meat_words
1787d9bf-04e2-4e0a-bfeb-723a73969df4,Savory French Toast Recipe With Creamy Achari Mushroom,indian,easy,30,standard,vegetarian,Savory French Toast Recipe With Creamy Achari Mushroom,indian|main|spicy|savory|non-veg|nut_free|halal,nonveg_tags_without_meat_words
1982a1f0-001a-425f-a37f-d1ea41732ad0,Savory Waffles With Roasted Peppers In Sun Dried Tomato Pesto Recipe,indian,hard,30,standard,vegetarian,Savory Waffles With Roasted Peppers In Sun Dried Tomato Pesto Recipe,indian|main|spicy|sweet|savory|non-veg|halal,nonveg_tags_without_meat_words
c55e3660-c49a-4762-80be-b2a69ff5870b,Shredded Chicken Cheese Sandwich Recipe,indian,easy,30,standard,non_veg,Shredded Chicken Cheese Sandwich Recipe,indian|main|spicy|savory|non-veg|gluten_free|nut_free|halal,nonveg_tags_without_meat_words
e86bab20-29b3-4f64-b689-f3a385f0fda3,Shrewsbury Cookies Recipe (Butter Cookies),indian,easy,30,standard,vegetarian,Shrewsbury Cookies Recipe (Butter Cookies),indian|main|sweet|savory|non-veg|nut_free|halal,nonveg_tags_without_meat_words
81d1a9f1-7c0e-41f0-b90b-036e9bef10dd,Shrimp Sambal Recipe,indian,easy,30,standard,vegetarian,Shrimp Sambal Recipe,indian|main|sweet|sour|savory|non-veg|gluten_free|dairy_free|nut_free|halal,nonveg_tags_without_meat_words
fea7a863-12b8-4fcd-8005-b88908f700c5,Spicy Minced Chicken Keema Balls Curry Recipe,indian,hard,30,standard,non_veg,Spicy Minced Chicken Keema Balls Curry Recipe,indian|curry|north_indian|main|spicy|sour|savory|non-veg|gluten_free|dairy_free|halal,nonveg_tags_without_meat_words
0a2dbea4-7299-459a-aaf3-2828835099a7,Spinach Egg Muffins Recipe,indian,easy,30,standard,non_veg,Spinach Egg Muffins Recipe,indian|main|spicy|savory|non-veg|gluten_free|dairy_free|nut_free|halal,nonveg_tags_without_meat_words
0957d02e-ee22-4278-87fd-95ee9ba0a6f8,Spinach Lemon Spaghetti Recipe,indian,medium,30,standard,vegetarian,Spinach Lemon Spaghetti Recipe,indian|main|spicy|sour|savory|non-veg|gluten_free|nut_free|halal,nonveg_tags_without_meat_words
aa86cd87-1db4-4308-9000-e16693db165e,Steam Hilsa Recipe (SateAmed Hilsa),indian,medium,30,standard,vegetarian,Steam Hilsa Recipe (SateAmed Hilsa),indian|main|bengali|spicy|sour|savory|non-veg|gluten_free|nut_free|halal,nonveg_tags_without_meat_words
9560f4b4-6e30-484d-ab46-505913da6bd3,Tallyanche Suke Recipe - Sardine Dry,indian,easy,30,standard,vegetarian,Tallyanche Suke Recipe - Sardine Dry,indian|main|spicy|sour|savory|non-veg|gluten_free|dairy_free|nut_free|halal,nonveg_tags_without_meat_words
553a583a-a37f-429c-881d-553b260589b9,Thai Fish Cake Recipe,indian,medium,30,standard,non_veg,Thai Fish Cake Recipe,indian|main|spicy|sour|savory|non-veg|dairy_free|nut_free|halal,nonveg_tags_without_meat_words
27fbadee-1c7c-4e31-86f4-f90ab11645df,Thai Flavoured Vegetable Noodles In Coconut Curry Recipe,indian,hard,30,standard,vegetarian,Thai Flavoured Vegetable Noodles In Coconut Curry Recipe,indian|curry|main|spicy|sour|savory|non-veg|halal,nonveg_tags_without_meat_words
4b17fa61-93d2-4d94-a3ae-a2dc5261b0e7,Thai Style Curried Corn Fritters Recipe,indian,easy,30,standard,vegetarian,Thai Curried Corn Fritters Recipe,indian|main|spicy|sweet|savory|non-veg|gluten_free|dairy_free|nut_free|halal,nonveg_tags_without_meat_words
f3b18d21-8624-424d-902c-6558467defa4,Vanilla Dutch Baby Pancake Recipe,indian,easy,30,standard,vegetarian,Vanilla Dutch Baby Pancake Recipe,indian|main|sweet|savory|non-veg|nut_free|halal,nonveg_tags_without_meat_words
b79796de-7e73-4773-bcb2-86591010a0f0,Vendakkai-Vazhakkai Mor Kuzhambu Recipe (Tamil Nadu Style Lady's Finger & Raw Banana Curry),indian,hard,30,standard,vegetarian,Vendakkai-Vazhakkai Mor Kuzhambu Recipe (Tamil Nadu Lady's Finger & Raw Banana Curry),indian|curry|south_indian|main|spicy|savory|non-veg|gluten_free|nut_free,nonveg_tags_without_meat_words
762d77b2-3439-47d5-9bdd-946148ef86c3,Vietnamese Chicken & Potato Curry Recipe,indian,hard,30,standard,non_veg,Vietnamese Chicken & Potato Curry Recipe,indian|curry|main|spicy|savory|non-veg|nut_free|halal,nonveg_tags_without_meat_words
412b87be-04bd-4ea9-8c48-f165faa09134,Zucchini Parmesan Fritters Recipe,indian,easy,30,standard,vegetarian,Zucchini Parmesan Fritters Recipe,indian|main|spicy|savory|non-veg|nut_free|halal,nonveg_tags_without_meat_words
ddb8988d-b73b-4374-a47f-4b4b2ffd6c56,Æbleskivers Recipe- Danish Chocolate Pancake Puffs,indian,medium,30,standard,vegetarian,Æbleskivers Recipe- Danish Chocolate Pancake Puffs,indian|main|spicy|sweet|savory|non-veg|nut_free|halal,nonveg_tags_without_meat_words
87b0034e-8fea-4491-84dc-53c25349824a,Aava Pettina Majjiga Pulusu Recipe - Andhra Style Mor Kuzhambu,indian,hard,35,standard,vegetarian,Aava Pettina Majjiga Pulusu Recipe - Andhra Mor Kuzhambu,indian|main|south_indian|spicy|sour|savory|non-veg|gluten_free|nut_free,nonveg_tags_without_meat_words
f45c6ebd-1885-4989-b082-25bebfa51291,Achappam Recipe | Kerala Style Fried Rose Cookies,indian,easy,35,standard,vegetarian,Achappam Recipe | Kerala Fried Rose Cookies,indian|main|south_indian|sweet|savory|non-veg|nut_free|halal,nonveg_tags_without_meat_words
7db2bafe-17c7-415d-8d42-6adcff7da137,Anhui Style Egg Dumpling Recipe,indian,hard,35,standard,non_veg,Anhui Egg Dumpling Recipe,indian|main|spicy|sweet|savory|non-veg|gluten_free|dairy_free|nut_free|halal,nonveg_tags_without_meat_words
b8574f53-1966-4dcf-b282-4fbbfdb3508a,Apple Pancake Mess Recipe,indian,hard,35,standard,vegetarian,Apple Pancake Mess Recipe,indian|main|sweet|sour|savory|non-veg|nut_free|halal,nonveg_tags_without_meat_words
78d2b418-52df-4950-a110-348f6d7a9529,Apple Vanilla Whole Wheat Pancakes Recipe,indian,easy,35,standard,vegetarian,Apple Vanilla Whole Wheat Pancakes Recipe,indian|main|savory|non-veg|nut_free|halal,nonveg_tags_without_meat_words
81cd5661-3687-40d1-a862-db649ab9a6f6,Aubergine in Spicy Peanut Sauce Recipe,indian,easy,35,standard,vegetarian,Aubergine in Spicy Peanut Sauce Recipe,indian|main|spicy|savory|non-veg|gluten_free|dairy_free|halal,nonveg_tags_without_meat_words
050fb42d-c19c-4d87-9c0b-397ea76ef631,Ayala Fish Fry Recipe,indian,easy,35,standard,non_veg,Ayala Fish Fry Recipe,indian|main|south_indian|spicy|sour|savory|non-veg|gluten_free|dairy_free|nut_free|halal,nonveg_tags_without_meat_words
ca2fb464-3f35-4f24-b6e3-1d4a947f5384,Baked Brie In Puff Pastry With Fruits Recipe,indian,easy,35,standard,vegetarian,Baked Brie In Puff Pastry With Fruits Recipe,indian|main|savory|non-veg|gluten_free|nut_free|halal,nonveg_tags_without_meat_words
a37c74f8-65e8-4e63-843c-96f9a1ec7010,Banana-Almond Butter Bread Recipe,indian,medium,35,standard,vegetarian,Banana-Almond Butter Bread Recipe,indian|main|sweet|savory|non-veg|halal,nonveg_tags_without_meat_words
eb5d5618-6e5b-4486-a263-a56bcd81494d,Bengali Aam Chingri Recipe - Prawn Mango Curry In Mustard Sauce,indian,easy,35,standard,non_veg,Bengali Aam Chingri Recipe - Prawn Mango Curry In Mustard Sauce,indian|curry|bengali|main|spicy|sweet|savory|non-veg|gluten_free|nut_free|halal,nonveg_tags_without_meat_words
029a2a8f-2678-42db-b471-f863f2060d86,Broccoli And Tofu Green Curry Recipe,indian,medium,35,standard,vegetarian,Broccoli And Tofu Green Curry Recipe,indian|curry|main|sour|savory|non-veg|gluten_free|nut_free|halal,nonveg_tags_without_meat_words
dffd1f02-55f6-4dd8-b93b-39d3c32a7b19,Broccoli Cheddar Frittata Recipe,indian,easy,35,standard,vegetarian,Broccoli Cheddar Frittata Recipe,indian|main|spicy|savory|non-veg|gluten_free|nut_free|halal,nonveg_tags_without_meat_words
8a223eeb-d68a-4381-ba8f-a6fda112a6a2,Broccoli Egg Scramble Recipe,indian,easy,35,standard,non_veg,Broccoli Egg Scramble Recipe,indian|main|spicy|savory|non-veg|gluten_free|dairy_free|nut_free|halal,nonveg_tags_without_meat_words
4e440bab-f5ab-43b6-98c6-2afd04522ddc,Cabbage Pea Fry Recipe - Tamil Nadu Style Coffee and Beef Stir Fry,indian,easy,35,standard,vegetarian,Cabbage Pea Fry Recipe - Tamil Nadu Coffee and Beef Stir Fry,indian|main|south_indian|spicy|savory|non-veg|dairy_free|nut_free|halal,nonveg_tags_without_meat_words
c15f0d9c-ae82-442d-9d80-f080e4271814,Calicut Payyoli Chicken Fry Recipe,indian,medium,35,standard,non_veg,Calicut Payyoli Chicken Fry Recipe,indian|main|south_indian|spicy|sour|savory|non-veg|gluten_free|dairy_free|nut_free|halal,nonveg_tags_without_meat_words
12209bcf-cf45-463a-9519-db118f9a8d88,Cantonese Style Chicken Chowmein Recipe,indian,hard,35,standard,non_veg,Cantonese Chicken Chowmein Recipe,indian|main|spicy|sour|savory|non-veg|dairy_free|nut_free|halal,nonveg_tags_without_meat_words
af36af36-1fbb-4cd0-bdc0-0adb0c40e2bf,Chamadumpa Vepudu Recipe - Andhra Style Colocasia Stir Fry,indian,easy,35,standard,vegetarian,Chamadumpa Vepudu Recipe - Andhra Colocasia Stir Fry,indian|main|south_indian|spicy|sour|savory|non-veg|dairy_free|nut_free,nonveg_tags_without_meat_words
bde13a67-80aa-4a23-9274-c6f1176f79bd,Chettinad Style Chicken Roast Recipe,indian,hard,35,standard,non_veg,Chettinad Chicken Roast Recipe,indian|main|south_indian|spicy|sweet|sour|savory|non-veg|gluten_free|nut_free|halal,nonveg_tags_without_meat_words
5fe6a690-9a2b-4815-8fa4-bfb4c9c54165,Chicken Chops Recipe,indian,medium,35,standard,non_veg,Chicken Chops Recipe,indian|main|spicy|sour|savory|non-veg|dairy_free|nut_free|halal,nonveg_tags_without_meat_words
14c45fcc-9883-4e0e-a840-ab7ed0556b23,Chicken Crepe Lasagne Recipe,indian,hard,35,standard,non_veg,Chicken Crepe Lasagne Recipe,indian|main|spicy|sour|savory|non-veg|nut_free|halal,nonveg_tags_without_meat_words
d89a18f1-d308-43eb-b0da-36bbaee0e8d6,Chicken In Thai Basil Sauce Recipe,indian,hard,35,standard,non_veg,Chicken In Thai Basil Sauce Recipe,indian|main|spicy|sour|savory|non-veg|gluten_free|halal,nonveg_tags_without_meat_words
183a5fee-d680-4fa2-a957-80bc420629b4,Chicken Pad Thai Noodles Recipe,indian,medium,35,standard,non_veg,Chicken Pad Thai Noodles Recipe,indian|main|spicy|sweet|sour|savory|non-veg|halal,nonveg_tags_without_meat_words
de795d26-dfe3-4c34-881a-73dcce25998e,Chicken Pakora Recipe - Chicken Fritters,indian,easy,35,standard,non_veg,Chicken Pakora Recipe - Chicken Fritters,indian|snack|spicy|savory|non-veg|dairy_free|nut_free|halal,nonveg_tags_without_meat_words
08fd8b86-8296-424f-9a58-e667f6accf00,Chicken Taquitos Recipe - A Classic Mexican Appetizer,indian,hard,35,standard,non_veg,Chicken Taquitos Recipe - A Classic Mexican Appetizer,indian|main|spicy|sweet|savory|non-veg|nut_free|halal,nonveg_tags_without_meat_words
35e8942b-9a98-4847-ad95-e06f00a77d44,Chocolate Glazed Coconut Macaroons Recipe,indian,easy,35,standard,vegetarian,Chocolate Glazed Coconut Macaroons Recipe,indian|main|sweet|savory|non-veg|gluten_free|nut_free|halal,nonveg_tags_without_meat_words
a4cb3cd4-61d5-4d5f-b217-5db4fd73c898,Classic Banana Walnut Steamed Bread Recipe in Preethi Electric Pressure Cooker,indian,easy,35,standard,vegetarian,Classic Banana Walnut Steamed Bread Recipe in Preethi Electric Pressure Cooker,indian|main|sweet|savory|non-veg|halal,nonveg_tags_without_meat_words
b95c2029-3a87-4c7b-aaa4-4a5ab03c1cbc,Coriander Egg Curry Recipe,indian,medium,35,standard,non_veg,Coriander Egg Curry Recipe,indian|curry|main|spicy|sweet|savory|non-veg|gluten_free|dairy_free|nut_free|halal,nonveg_tags_without_meat_words
cc7aa4d0-8012-45d9-a217-d7537341b059,Corn Meal and Zucchini Muffin Recipe,indian,easy,35,standard,vegetarian,Corn Meal and Zucchini Muffin Recipe,indian|main|sweet|savory|non-veg|nut_free|halal,nonveg_tags_without_meat_words
9e275a34-01b1-47a0-8d33-bdfbf088c6fd,Crispy Chicken Dumplings Recipe,indian,medium,35,standard,non_veg,Crispy Chicken Dumplings Recipe,indian|main|spicy|savory|non-veg|dairy_free|nut_free|halal,nonveg_tags_without_meat_words
140adc1f-e32d-4a51-8cac-5843e3f14658,Cucumber Mor Kuzhambu Recipe (Cucumber Curry),indian,easy,35,standard,vegetarian,Cucumber Mor Kuzhambu Recipe (Cucumber Curry),indian|curry|south_indian|main|spicy|sour|savory|non-veg|gluten_free|nut_free,nonveg_tags_without_meat_words
04cb5f05-a229-4fab-97fd-14f92fb10d12,Delicious One Pot Butter Chicken Khichdi Recipe,indian,medium,35,standard,non_veg,Delicious One Pot Butter Chicken Khichdi Recipe,indian|main|north_indian|spicy|sour|savory|non-veg|nut_free|halal,nonveg_tags_without_meat_words
f31f5606-3cca-4539-bde2-35d96d72c9eb,Doi Shorshe Chingri - Prawn Mustard Curry Recipe,indian,easy,35,standard,non_veg,Doi Shorshe Chingri - Prawn Mustard Curry Recipe,indian|curry|bengali|main|spicy|sour|savory|non-veg|gluten_free|nut_free|halal,nonveg_tags_without_meat_words
a49ba82e-3d4e-4a07-9924-3948f4ce8166,Drunken Noodles Recipe - Drunken Noodles Recipe,indian,hard,35,standard,vegetarian,Drunken Noodles Recipe - Drunken Noodles Recipe,indian|main|sweet|savory|non-veg|dairy_free|nut_free|halal,nonveg_tags_without_meat_words
b47cac97-c490-4a6a-afd3-60c1352137f9,Drunken Noodles Recipe - Pad Kee Mao,indian,hard,35,standard,vegetarian,Drunken Noodles Recipe - Pad Kee Mao,indian|main|spicy|sweet|savory|non-veg|dairy_free|nut_free|halal,nonveg_tags_without_meat_words
8575c380-1c09-4b91-9fdb-e4b8548b0c02,Egg Curry Masala Recipe With Sunny Side Up Eggs,indian,medium,35,standard,non_veg,Egg Curry Masala Recipe With Sunny Side Up Eggs,indian|curry|main|spicy|savory|non-veg|gluten_free|nut_free|halal,nonveg_tags_without_meat_words
e789783e-2d8b-4c60-83b9-7fd083bf2a6d,Egg Dosa Recipe With Cheesy Garlic Mayo,indian,medium,35,standard,non_veg,Egg Dosa Recipe With Cheesy Garlic Mayo,indian|main|south_indian|spicy|savory|non-veg|gluten_free|dairy_free|nut_free|halal,nonveg_tags_without_meat_words
cdfd142e-c4e5-478b-854b-1d379b32498d,Eggless Nutella Crepes With Strawberries Recipe,indian,easy,35,standard,non_veg,Eggless Nutella Crepes With Strawberries Recipe,indian|main|sweet|savory|non-veg|nut_free|halal,nonveg_tags_without_meat_words
d7a12fb6-9162-4300-9af9-007a383609eb,Eggless Nutella Swirl Cupcakes Recipe,indian,easy,35,standard,non_veg,Eggless Nutella Swirl Cupcakes Recipe,indian|main|sweet|sour|savory|non-veg|nut_free|halal,nonveg_tags_without_meat_words
a187b228-98fb-4d0e-8a07-c82ce16ab20b,Ellu Kuzhambu Recipe- Sesame Seeds Kuzhambu,indian,medium,35,standard,vegetarian,Ellu Kuzhambu Recipe- Sesame Seeds Kuzhambu,indian|main|south_indian|spicy|sour|savory|non-veg|gluten_free|dairy_free|nut_free,nonveg_tags_without_meat_words
890eb513-b89c-4c66-bb2c-6f1905e5fa47,Fenugreek Spiced Sardine Fish Curry Recipe,indian,medium,35,standard,non_veg,Fenugreek Spiced Sardine Fish Curry Recipe,indian|curry|main|spicy|sour|savory|non-veg|gluten_free|dairy_free|nut_free|halal,nonveg_tags_without_meat_words
b6c3916d-c30f-459f-aa75-247bbfacc861,Fish Molee Recipe - Kerala Style Fish Curry,indian,hard,35,standard,non_veg,Fish Molee Recipe - Kerala Fish Curry,indian|curry|south_indian|main|spicy|sour|savory|non-veg|gluten_free|nut_free|halal,nonveg_tags_without_meat_words
dfc8b0df-6b71-4fe3-97ab-e93a6b8b6139,Fish Sukka Recipe - Fish With Spicy Masala Filling,indian,hard,35,standard,non_veg,Fish Sukka Recipe - Fish With Spicy Masala Filling,indian|curry|main|spicy|sour|savory|non-veg|gluten_free|dairy_free|nut_free|halal,nonveg_tags_without_meat_words
4624feac-a50e-482d-9d08-cb6f065dc74e,French Toast Recipe Flavored with Orange,indian,medium,35,standard,vegetarian,French Toast Recipe Flavored with Orange,indian|main|sweet|sour|savory|non-veg|nut_free|halal,nonveg_tags_without_meat_words
c63b0243-9dc4-4ea0-aa6c-bca6ddb5aad1,Fusion Wrap Recipe (Mixed Vegetables Wrapped In Tortilla),indian,medium,35,standard,vegetarian,Fusion Wrap Recipe (Mixed Vegetables Wrapped In Tortilla),indian|main|spicy|sweet|savory|non-veg|gluten_free|nut_free|halal,nonveg_tags_without_meat_words
43f4b44f-a4c0-4c5e-ac39-376f62628502,Garlic Chicken Cheese Balls Recipe,indian,easy,35,standard,non_veg,Garlic Chicken Cheese Balls Recipe,indian|main|spicy|savory|non-veg|nut_free|halal,nonveg_tags_without_meat_words
dc320964-80a6-409e-9d27-bd9f5e745d02,German Pancakes with Caramelised Apples Recipe,indian,medium,35,standard,vegetarian,German Pancakes with Caramelised Apples Recipe,indian|main|sweet|savory|non-veg|nut_free|halal,nonveg_tags_without_meat_words
15348875-8ffe-482c-ab4c-5bafb6f6676a,Gingerbread Pancake Recipe,indian,medium,35,standard,vegetarian,Gingerbread Pancake Recipe,indian|main|sweet|savory|non-veg|nut_free|halal,nonveg_tags_without_meat_words
a45234c4-8321-4651-bd3f-b4be36ce956b,Gluten-Free Koloocheh Recipe | Persian Date Nut Filled Cookies,indian,medium,35,standard,vegetarian,Gluten-Free Koloocheh Recipe | Persian Date Nut Filled Cookies,indian|main|sweet|savory|non-veg|halal,nonveg_tags_without_meat_words
219db6b3-e5ac-4257-82ea-cc5ffb7c7860,Green Beans And Scrambled Egg Recipe,indian,easy,35,standard,non_veg,Green Beans And Scrambled Egg Recipe,indian|main|north_indian|spicy|savory|non-veg|gluten_free|dairy_free|nut_free|halal,nonveg_tags_without_meat_words
2a45446d-3432-4a44-9aac-f9b2d69263de,Hariyali Egg Curry Recipe In Coriander and Mint Gravy,indian,medium,35,standard,non_veg,Hariyali Egg Curry Recipe In Coriander and Mint Gravy,indian|curry|main|spicy|savory|non-veg|dairy_free|nut_free|halal,nonveg_tags_without_meat_words
bd30e875-4468-417d-8d3d-09c47b89c5df,High Protein Chickpea Potato Hash Brown Recipe,indian,medium,35,standard,vegetarian,High Protein Chickpea Potato Hash Brown Recipe,indian|main|spicy|sour|savory|non-veg|nut_free|halal,nonveg_tags_without_meat_words
f593fb04-516d-4237-b86b-d4b19eaf69e6,Indo Chinese Prawn And Chicken Fried Rice Recipe,indian,hard,35,standard,non_veg,Indo Chinese Prawn And Chicken Fried Rice Recipe,indian|rice|main|spicy|savory|non-veg|gluten_free|dairy_free|nut_free|halal,nonveg_tags_without_meat_words
cb819f3c-f207-4fb2-ab15-8f8e7dca6aef,Indo-Chinese Style Ginger Fish Recipe,indian,medium,35,standard,non_veg,Indo-Chinese Ginger Fish Recipe,indian|main|spicy|sweet|sour|savory|non-veg|dairy_free|nut_free|halal,nonveg_tags_without_meat_words
600b37e6-f065-47a6-81b8-006d498d88c1,Japanese Style Chicken Katsu Curry Recipe,indian,hard,35,standard,non_veg,Japanese Chicken Katsu Curry Recipe,indian|curry|main|spicy|savory|non-veg|nut_free|halal,nonveg_tags_without_meat_words
1c1049ef-0f08-4c51-b733-9acaf59264c8,KFC Style Crispy Chicken Popcorn Recipe,indian,hard,35,standard,non_veg,KFC Crispy Chicken Popcorn Recipe,indian|main|spicy|sour|savory|non-veg|nut_free|halal,nonveg_tags_without_meat_words
f0ade797-da15-48ef-a0d8-eac2e8e40922,Kale & Leeks Frittata Recipe,indian,medium,35,standard,vegetarian,Kale & Leeks Frittata Recipe,indian|main|spicy|savory|non-veg|gluten_free|nut_free|halal,nonveg_tags_without_meat_words
dc978b79-3ff9-4ce2-9262-71d379a39d88,Karnataka Style Avarekalu Huli Saru Recipe (Field Beans in a Coconut based Gravy Recipe),indian,medium,35,standard,vegetarian,Karnataka Avarekalu Huli Saru Recipe (Field Beans in a Coconut based Gravy Recipe),indian|curry|south_indian|main|spicy|sour|savory|non-veg|gluten_free|dairy_free|nut_free|halal,nonveg_tags_without_meat_words
4ae37fec-769b-4a25-8031-2556aad5bca9,Kashmiri Mutton Yakhni Recipe,indian,hard,35,standard,non_veg,Kashmiri Mutton Yakhni Recipe,indian|main|north_indian|spicy|sour|savory|non-veg|nut_free|halal,nonveg_tags_without_meat_words
dc17366b-e6d4-44ba-bff7-cf80c9d69317,Kathirikai Rasavangi Recipe - Eggplant is a Tangy Coconut Gravy,indian,medium,35,standard,non_veg,Kathirikai Rasavangi Recipe - Eggplant is a Tangy Coconut Gravy,indian|curry|south_indian|main|spicy|sweet|sour|savory|non-veg|gluten_free|dairy_free|nut_free|halal,nonveg_tags_without_meat_words
89b2a96d-c6b8-4b8b-89cb-2180a700aadc,Kathirikai Sundakkai Vathal Kuzhambu Recipe,indian,hard,35,standard,vegetarian,Kathirikai Sundakkai Vathal Kuzhambu Recipe,indian|main|south_indian|sweet|sour|savory|non-veg|gluten_free|dairy_free|nut_free,nonveg_tags_without_meat_words
f35b3259-f2fb-4a26-a266-bf00fe98d2d5,Kerala Style Chicken Stew Recipe,indian,medium,35,standard,non_veg,Kerala Chicken Stew Recipe,indian|main|south_indian|spicy|savory|non-veg|gluten_free|dairy_free|halal,nonveg_tags_without_meat_words
05a3fc5b-0555-4fdd-86e1-d142505c2305,Kodava Kootu Curry Recipe - Coorg Style Mixed Vegetable Stew,indian,hard,35,standard,vegetarian,Kodava Kootu Curry Recipe - Coorg Mixed Vegetable Stew,indian|curry|main|spicy|sour|savory|non-veg|gluten_free|nut_free|halal,nonveg_tags_without_meat_words
cef1dc51-d5e8-4d11-8be2-9016bbfcda05,Konkani Style Pomfret Fry Recipe - South Indian Fish Fry Recipe,indian,medium,35,standard,non_veg,Konkani Pomfret Fry Recipe - South Indian Fish Fry Recipe,indian|main|south_indian|spicy|sour|savory|non-veg|gluten_free|dairy_free|nut_free|halal,nonveg_tags_without_meat_words
311b26c1-eb7f-4f24-a51c-ed56aeaecd25,Konkani Style Vengaya Sagle Recipe - Eggplant Drumstick Curry,indian,medium,35,standard,non_veg,Konkani Vengaya Sagle Recipe - Eggplant Drumstick Curry,indian|curry|main|spicy|sweet|sour|savory|non-veg|dairy_free|nut_free|halal,nonveg_tags_without_meat_words
e6390c0f-393a-4b2f-bee2-597ff9f8cb6a,Kosamalli Recipe (Chettinad Style Brinjal and Potato Mash),indian,easy,35,standard,vegetarian,Kosamalli Recipe (Chettinad Brinjal and Potato Mash),indian|main|south_indian|spicy|sour|savory|non-veg|gluten_free|dairy_free|nut_free|halal,nonveg_tags_without_meat_words
5d0543ba-3e5b-45cb-836b-1919f51c10c8,Lemon Chicken Chicken Recipe - Chicken with Gandharaja Lemon & Green Chili,indian,medium,35,standard,non_veg,Lemon Chicken Chicken Recipe - Chicken with Gandharaja Lemon & Green Chili,indian|main|spicy|sour|savory|non-veg|gluten_free|nut_free|halal,nonveg_tags_without_meat_words
8d074982-be8b-47e7-b240-87435c2232b1,Lemon Poppy Seeds Pancakes recipe,indian,medium,35,standard,vegetarian,Lemon Poppy Seeds Pancakes recipe,indian|main|sweet|sour|savory|non-veg|nut_free|halal,nonveg_tags_without_meat_words
2568c7be-2672-443b-8240-1ac0b935e563,Marrakesh Vegetable Curry Recipe,indian,medium,35,standard,vegetarian,Marrakesh Vegetable Curry Recipe,indian|curry|main|spicy|sweet|savory|non-veg|gluten_free|dairy_free|halal,nonveg_tags_without_meat_words
bdcd2e8e-9440-4dc9-9871-825e21c78653,Masala Omelette Waffles Recipe,indian,easy,35,standard,vegetarian,Masala Omelette Waffles Recipe,indian|curry|main|spicy|savory|non-veg|gluten_free|nut_free|halal,nonveg_tags_without_meat_words
4bf1166f-0d75-4433-aeae-a5ee1230a419,Masala Palak Bhurji Recipe,indian,medium,35,standard,vegetarian,Masala Palak Bhurji Recipe,indian|curry|main|spicy|savory|non-veg|gluten_free|dairy_free|nut_free|halal,nonveg_tags_without_meat_words
b1976498-4492-4bd0-b505-bbe6be8776d5,Mee Bakso Recipe - Indonesian Meatball Noodle Soup,indian,hard,35,standard,vegetarian,Mee Bakso Recipe - Indonesian Meatball Noodle Soup,indian|main|spicy|savory|non-veg|dairy_free|nut_free|halal,nonveg_tags_without_meat_words
8996ba9d-f5ea-4408-b423-20aa362436a1,Meghalaya Style Do O Kalai Recipe - Chicken With Black Lentils,indian,easy,35,standard,non_veg,Meghalaya Do O Kalai Recipe - Chicken With Black Lentils,indian|main|north_indian|spicy|sour|savory|non-veg|gluten_free|dairy_free|nut_free|halal,nonveg_tags_without_meat_words
b97edb15-f752-4d78-bb46-cfb17e3dcbfb,Menemen Recipe - Turkish Style Egg Scramble With Bell Peppers,indian,medium,35,standard,non_veg,Menemen Recipe - Turkish Egg Scramble With Bell Peppers,indian|main|spicy|savory|non-veg|gluten_free|dairy_free|nut_free|halal,nonveg_tags_without_meat_words
7beab3de-e25b-482f-9faa-71438a3bb677,Mexican Chicken Tostadas Recipe,indian,easy,35,standard,non_veg,Mexican Chicken Tostadas Recipe,indian|main|spicy|sour|savory|non-veg|dairy_free|nut_free|halal,nonveg_tags_without_meat_words
3bc3e228-c043-428b-9dee-993d9e2ecc38,Mexican Style Bunuelos Recipe-Sweet Fritter,indian,easy,35,standard,vegetarian,Mexican Bunuelos Recipe-Sweet Fritter,indian|dessert|sweet|savory|non-veg|nut_free|halal,nonveg_tags_without_meat_words
76fb533e-b436-4084-ae95-4908723cda11,Mexican Style Red Chicken Chilaquiles Recipe,indian,medium,35,standard,non_veg,Mexican Red Chicken Chilaquiles Recipe,indian|main|spicy|sweet|savory|non-veg|gluten_free|nut_free|halal,nonveg_tags_without_meat_words
7b2a5401-35b0-40d4-9ee0-2ee80d1e8094,Misa Maas Kordoi Tenga Recipe (Shrimp With Star Fruit Curry),indian,easy,35,standard,vegetarian,Misa Maas Kordoi Tenga Recipe (Shrimp With Star Fruit Curry),indian|curry|main|spicy|sweet|savory|non-veg|gluten_free|dairy_free|nut_free|halal,nonveg_tags_without_meat_words
5f51cd85-6fb7-41bb-b429-fa63ca241982,Mughlai Fish Curry Recipe,indian,medium,35,standard,non_veg,Mughlai Fish Curry Recipe,indian|curry|north_indian|main|spicy|sour|savory|non-veg|gluten_free|halal,nonveg_tags_without_meat_words
94ebeae8-54bf-4755-8e25-8248a61960a1,Mughlai Keema Paratha Recipe,indian,hard,35,standard,vegetarian,Mughlai Keema Paratha Recipe,indian|bread|north_indian|main|spicy|sour|savory|non-veg|nut_free|halal,nonveg_tags_without_meat_words
ca449de0-51d0-4aca-af68-01417bd8668e,Mughlai Zafrani Murg Recipe,indian,easy,35,standard,vegetarian,Mughlai Zafrani Murg Recipe,indian|main|north_indian|spicy|sour|savory|non-veg|gluten_free|nut_free|halal,nonveg_tags_without_meat_words
2d5b0ce3-ba19-4cb0-a3cc-964107b22cb5,Murgh Aloo Tikki Recipe - Chicken & Potato Tikki,indian,easy,35,standard,non_veg,Murgh Aloo Tikki Recipe - Chicken & Potato Tikki,indian|main|spicy|savory|non-veg|gluten_free|dairy_free|nut_free|halal,nonveg_tags_without_meat_words
c90ba6a5-70e2-4451-85a6-25cd704de21b,Mustard Mayo Baby Potato Salad Recipe,indian,easy,35,standard,vegetarian,Mustard Mayo Baby Potato Salad Recipe,indian|main|spicy|sweet|sour|savory|non-veg|gluten_free|dairy_free|nut_free|halal,nonveg_tags_without_meat_words
7db43b64-0820-4ec1-bbb7-16726adc51e1,Mutton Keema Soup Recipe,indian,medium,35,standard,non_veg,Mutton Keema Soup Recipe,indian|main|spicy|savory|non-veg|gluten_free|dairy_free|nut_free|halal,nonveg_tags_without_meat_words
3a20b933-33fe-411a-8f0f-fc6a71a109fa,Mutton Keema Soup Recipe,indian,medium,35,standard,non_veg,Mutton Keema Soup Recipe,indian|main|spicy|savory|non-veg|dairy_free|nut_free|halal,nonveg_tags_without_meat_words
cea24ac9-1a87-4f72-a518-53c2815c61c6,Nutella & Kiwifruit Filled Whole Wheat Crepe Recipe,indian,medium,35,standard,vegetarian,Nutella & Kiwifruit Filled Whole Wheat Crepe Recipe,indian|main|sweet|savory|non-veg|nut_free|halal,nonveg_tags_without_meat_words
912a497f-c840-4760-af79-773431c52002,Oats Carrot Bell Peppers Mayo Sandwich Recipe,indian,easy,35,standard,vegetarian,Oats Carrot Bell Peppers Mayo Sandwich Recipe,indian|main|spicy|savory|non-veg|nut_free|halal,nonveg_tags_without_meat_words
990f89c1-1025-4e9c-8748-c03847169e2e,One Pot Chickpea And Brinjal Curry Recipe,indian,medium,35,standard,vegetarian,One Pot Chickpea And Brinjal Curry Recipe,indian|curry|main|spicy|sweet|savory|non-veg|gluten_free|nut_free|halal,nonveg_tags_without_meat_words
5c6086b4-38a5-4b25-a45d-2d6b01550f6b,Parmesan And Fresh Herbs Savoury Scones Recipe,indian,medium,35,standard,vegetarian,Parmesan And Fresh Herbs Savoury Scones Recipe,indian|main|sweet|savory|non-veg|nut_free|halal,nonveg_tags_without_meat_words
be919729-531f-4282-b59f-fd7b0c500e66,Parshe Macher Jhal Recipe - Mullet In Mustard Sauce,indian,easy,35,standard,vegetarian,Parshe Macher Jhal Recipe - Mullet In Mustard Sauce,indian|main|bengali|spicy|savory|non-veg|gluten_free|dairy_free|nut_free|halal,nonveg_tags_without_meat_words
da77ebec-3abd-4b51-9b96-3cfc185be3d9,Peri Peri Fish Fingers Recipe,indian,hard,35,standard,non_veg,Peri Peri Fish Fingers Recipe,indian|main|spicy|savory|non-veg|nut_free|halal,nonveg_tags_without_meat_words
9772447c-d0c6-4239-b25e-74f63c5aedc2,Potato Pancakes Recipe,indian,medium,35,standard,vegetarian,Potato Pancakes Recipe,indian|main|spicy|sour|savory|non-veg|dairy_free|halal,nonveg_tags_without_meat_words
a6000b3e-855e-45d6-8298-4bf5c2c9897b,Prawns Kuzhambu Recipe - Tangy Prawns In Tamarind And Coconut Gravy,indian,hard,35,standard,non_veg,Prawns Kuzhambu Recipe - Tangy Prawns In Tamarind And Coconut Gravy,indian|curry|south_indian|main|spicy|sour|savory|non-veg|gluten_free|dairy_free|nut_free,nonveg_tags_without_meat_words
64d77ca4-0ea4-4be7-a115-c1139bff847e,Quick And Easy Baked Beans Shakshuka Recipe,indian,hard,35,quick,vegetarian,And Baked Beans Shakshuka Recipe,indian|main|spicy|sweet|savory|non-veg|gluten_free|nut_free|halal,nonveg_tags_without_meat_words
a6ab8446-b452-4e98-af6d-36acc58cf0c6,"Ragi, Wheat & Oat Waffles Recipe With Maple Syrup",indian,easy,35,standard,vegetarian,"Ragi, Wheat & Oat Waffles Recipe With Maple Syrup",indian|main|sweet|savory|non-veg|nut_free|halal,nonveg_tags_without_meat_words
004df68b-8512-44db-8154-c3566907b244,Rich Decadent Chocolate Souffle Recipe,indian,medium,35,standard,vegetarian,Rich Decadent Chocolate Souffle Recipe,indian|main|sweet|savory|non-veg|gluten_free|nut_free|halal,nonveg_tags_without_meat_words
a2b46f78-e2dc-4b57-b366-023b0e55ec01,Rise and Ridge Kerat Burji - Cantaloupe Egg Fry Recipe,indian,easy,35,standard,non_veg,Rise and Ridge Kerat Burji - Cantaloupe Egg Fry Recipe,indian|main|south_indian|spicy|savory|non-veg|gluten_free|dairy_free|nut_free|halal,nonveg_tags_without_meat_words
82ad7a0d-03e1-4e3c-a5d1-31d68f611bdc,Roasted Chicken Curry Recipe In Spinach Parmesan Sauce,indian,hard,35,standard,non_veg,Roasted Chicken Curry Recipe In Spinach Parmesan Sauce,indian|curry|main|spicy|savory|non-veg|gluten_free|nut_free|halal,nonveg_tags_without_meat_words
60d089fc-18bc-4a8b-aa70-ad183c2a4f2e,Sauteed Spicy Prawns Recipe,indian,medium,35,standard,non_veg,Sauteed Spicy Prawns Recipe,indian|main|spicy|savory|non-veg|gluten_free|dairy_free|nut_free|halal,nonveg_tags_without_meat_words
cd2ed904-c692-4099-9ffc-6656bba737fa,Savory Bread Pudding with Broccoli and Tomato Recipe,indian,easy,35,standard,vegetarian,Savory Bread Pudding with Broccoli and Tomato Recipe,indian|main|savory|non-veg|nut_free|halal,nonveg_tags_without_meat_words
325edd28-454a-4fa5-9ca0-29c35182e5ff,Schezwan Chicken Sizzler Recipe,indian,medium,35,standard,non_veg,Schezwan Chicken Sizzler Recipe,indian|main|spicy|sweet|sour|savory|non-veg|dairy_free|nut_free|halal,nonveg_tags_without_meat_words
d0931d75-0c85-40de-b5cd-58d3da409e64,Soulful Chicken Soup Recipe,indian,easy,35,standard,non_veg,Soulful Chicken Soup Recipe,indian|main|spicy|sweet|savory|non-veg|gluten_free|dairy_free|nut_free|halal,nonveg_tags_without_meat_words
f6574692-01de-4acb-84a7-70dca78d9e58,Spicy Jawla Stuffed In Brinjal Recipe,indian,hard,35,standard,vegetarian,Spicy Jawla Stuffed In Brinjal Recipe,indian|main|south_indian|spicy|sour|savory|non-veg|gluten_free|dairy_free|nut_free|halal,nonveg_tags_without_meat_words
f5cc68c5-84ac-4822-9a1b-38cd83b3c4dd,Spinach Salad Recipe With Boiled Eggs And Mushrooms,indian,easy,35,standard,non_veg,Spinach Salad Recipe With Boiled Eggs And Mushrooms,indian|main|spicy|sour|savory|non-veg|gluten_free|dairy_free|nut_free|halal,nonveg_tags_without_meat_words
bc5bff19-18a7-45a2-b11c-5f36bf452104,Sri Lankan Chicken Curry Recipe - Kukul Mas Curry,indian,hard,35,standard,non_veg,Sri Lankan Chicken Curry Recipe - Kukul Mas Curry,indian|curry|main|spicy|savory|non-veg|gluten_free|nut_free|halal,nonveg_tags_without_meat_words
95338a54-95a6-4697-9905-47050e62b05d,Stuffed Mushroom Recipe With Italian Sausage,indian,easy,35,standard,vegetarian,Stuffed Mushroom Recipe With Italian Sausage,indian|main|spicy|savory|non-veg|gluten_free|nut_free,nonveg_tags_without_meat_words
6e3cb353-21ca-4a97-a72b-b646f40e529a,Suva Methi Baingan Sabzi Recipe ( Eggplant in Dill and Methi leaves Curry Recipe),indian,medium,35,standard,non_veg,Suva Methi Baingan Sabzi Recipe ( Eggplant in Dill and Methi leaves Curry Recipe),indian|curry|north_indian|main|spicy|savory|non-veg|gluten_free|dairy_free|nut_free|halal,nonveg_tags_without_meat_words
f6e9cd23-60d4-4ffc-a1d3-bc429ebe0a0a,Sweet Dashami Recipe (Maharashtrian Flatbread Made With Wheat Flour & Sugarcane Juice),indian,easy,35,standard,vegetarian,Sweet Dashami Recipe (Maharashtrian Flatbread Made With Wheat Flour & Sugarcane Juice),indian|dessert|sweet|savory|non-veg|nut_free,nonveg_tags_without_meat_words
7979b491-bdfb-4191-9054-c0c2ec3e8392,Sweet Spinach Whole Wheat Muffin Recipe,indian,easy,35,standard,vegetarian,Sweet Spinach Whole Wheat Muffin Recipe,indian|dessert|sweet|savory|non-veg|halal,nonveg_tags_without_meat_words
d211fec9-ad8f-42f4-b9a0-822356ae5b5a,Tamil Nadu Style Spicy Egg Fry Recipe,indian,easy,35,standard,non_veg,Tamil Nadu Spicy Egg Fry Recipe,indian|main|south_indian|spicy|savory|non-veg|gluten_free|dairy_free|nut_free|halal,nonveg_tags_without_meat_words
2d59a51a-2cfe-4a02-b373-aa5b40158037,Thai Red Curry with Chicken and Brinjal Recipe,indian,easy,35,standard,non_veg,Thai Red Curry with Chicken and Brinjal Recipe,indian|curry|main|sweet|sour|savory|non-veg|gluten_free|nut_free|halal,nonveg_tags_without_meat_words
78152524-359e-4ace-847a-f8b2672422b1,Thai Style Sweet Khao Tom Recipe (Coconut Sticky Rice Stuffed with Banana and Steamed),indian,easy,35,standard,vegetarian,Thai Sweet Khao Tom Recipe (Coconut Sticky Rice Stuffed with Banana and Steamed),indian|rice|main|sweet|savory|non-veg|gluten_free|nut_free,nonveg_tags_without_meat_words
d63f8dbe-bf51-46d4-b5bf-96aeed880a8a,Tofu & Veggie Coleslaw Sandwich Recipe,indian,hard,35,standard,non_veg,Tofu & Veggie Coleslaw Sandwich Recipe,indian|main|spicy|sweet|sour|savory|non-veg|nut_free|halal,nonveg_tags_without_meat_words
30875641-b7d4-4c60-b2d0-36fbce798e08,Tomato Basil Chicken Curry Recipe,indian,medium,35,standard,non_veg,Tomato Basil Chicken Curry Recipe,indian|curry|main|sweet|savory|non-veg|gluten_free|dairy_free|nut_free|halal,nonveg_tags_without_meat_words
93f96c44-5f6e-44a7-af0a-ba2ff07324b3,Vankaya Ulli Karam Recipe - Eggplant In Spicy Onion Gravy,indian,easy,35,standard,non_veg,Vankaya Ulli Karam Recipe - Eggplant In Spicy Onion Gravy,indian|curry|south_indian|main|spicy|savory|non-veg|gluten_free|dairy_free|nut_free|halal,nonveg_tags_without_meat_words
1f84fc4b-ea17-4294-ac08-631e24f98cdb,White Pumpkin Mor Kuzhambu Recipe - Kerala Style White Pumpkin Curry,indian,hard,35,standard,vegetarian,White Pumpkin Mor Kuzhambu Recipe - Kerala White Pumpkin Curry,indian|curry|south_indian|main|spicy|sour|savory|non-veg|gluten_free|nut_free,nonveg_tags_without_meat_words
6852525d-a6e8-44f5-a22f-7d41b2e047fe,Mustard Prawns In Coconut Recipe,indian,easy,38,standard,non_veg,Mustard Prawns In Coconut Recipe,indian|main|bengali|spicy|savory|non-veg|gluten_free|dairy_free|nut_free|halal,nonveg_tags_without_meat_words
4a3d1a05-1068-4d1e-9a59-f935c23e7df6,Achari Chicken Masala Pasta Recipe,indian,medium,40,standard,non_veg,Achari Chicken Masala Pasta Recipe,indian|curry|main|spicy|savory|non-veg|gluten_free|nut_free|halal,nonveg_tags_without_meat_words
9b8ca05a-2c1f-4221-84f6-a31ac3e56a24,Andaman Style Steamed Garlic Prawns Recipe,indian,medium,40,standard,non_veg,Andaman Steamed Garlic Prawns Recipe,indian|main|spicy|sour|savory|non-veg|gluten_free|dairy_free|nut_free|halal,nonveg_tags_without_meat_words
b414e582-2705-4503-87c9-b3db148a3b19,Andhra Style Chama Dumpa Pulusu Recipe - Arbi With Sesame Tamarind Sauce Recipe,indian,easy,40,standard,vegetarian,Andhra Chama Dumpa Pulusu Recipe - Arbi With Sesame Tamarind Sauce Recipe,indian|main|south_indian|spicy|sour|savory|non-veg|gluten_free|dairy_free|nut_free,nonveg_tags_without_meat_words
5ec09f50-c776-48a7-b39d-1d9d141bea59,Andhra Style Chepa Vepudu Recipe - Andhra Fish Fry Recipe,indian,medium,40,standard,non_veg,Andhra Chepa Vepudu Recipe - Andhra Fish Fry Recipe,indian|main|south_indian|spicy|savory|non-veg|gluten_free|dairy_free|nut_free|halal,nonveg_tags_without_meat_words
e433142b-0bed-448b-9cf4-3c6888742282,Apple Danish Pastry Recipe,indian,medium,40,standard,vegetarian,Apple Danish Pastry Recipe,indian|main|sweet|savory|non-veg|gluten_free|nut_free|halal,nonveg_tags_without_meat_words
437a7b61-845e-4544-b515-75d1e18c2f15,Asian Shrimp Rice Burger Recipe,indian,hard,40,standard,vegetarian,Asian Shrimp Rice Burger Recipe,indian|rice|main|spicy|savory|non-veg|dairy_free|nut_free|halal,nonveg_tags_without_meat_words
57b3f8f5-c189-40ea-ad3e-5010b711a439,Assamese Machor Tenga Anja Recipe - Fish Curry With Kokum,indian,easy,40,standard,non_veg,Assamese Machor Tenga Anja Recipe - Fish Curry With Kokum,indian|curry|main|spicy|sour|savory|non-veg|gluten_free|dairy_free|nut_free|halal,nonveg_tags_without_meat_words
6fa86fb7-bdc9-4285-8a32-b5ff75238ccd,Assamese Style Walking Catfish In Curry Leaf Gravy Recipe,indian,easy,40,standard,non_veg,Assamese Walking Catfish In Curry Leaf Gravy Recipe,indian|curry|main|spicy|savory|non-veg|gluten_free|dairy_free|nut_free|halal,nonveg_tags_without_meat_words
20d386de-89e0-46f1-bc88-caa0de7907cf,Attirachi Kuzhambu Recipe - Spicy Mutton Gravy,indian,hard,40,standard,non_veg,Attirachi Kuzhambu Recipe - Spicy Mutton Gravy,indian|curry|south_indian|main|spicy|savory|non-veg|dairy_free|nut_free,nonveg_tags_without_meat_words
b21c4c87-3e4f-4502-b2fc-d5bc53b755b5,Baba Ganoush Recipe (Roasted Eggplant Middle Eastern Dip),indian,medium,40,standard,non_veg,Baba Ganoush Recipe (Roasted Eggplant Middle Eastern Dip),indian|main|spicy|sour|savory|non-veg|gluten_free|dairy_free|nut_free|halal,nonveg_tags_without_meat_words
23b6791d-e59b-4bb2-af5b-094412c6ea6f,Baingan Ki Lonje Recipe - Uttar Pradesh Style Brinjal Sabzi,indian,easy,40,standard,vegetarian,Baingan Ki Lonje Recipe - Uttar Pradesh Brinjal Sabzi,indian|main|spicy|sweet|sour|savory|non-veg|gluten_free|nut_free|halal,nonveg_tags_without_meat_words
c12f8e23-276c-4e09-9229-a0715f4d0256,Baked Fish Crisps Recipe (Fish Fry In Oven),indian,medium,40,standard,non_veg,Baked Fish Crisps Recipe (Fish Fry In Oven),indian|main|spicy|savory|non-veg|gluten_free|dairy_free|nut_free|halal,nonveg_tags_without_meat_words
3bace40a-88f2-471f-8305-cc1b402eba4f,Banana Bran Muffin Recipe,indian,medium,40,standard,vegetarian,Banana Bran Muffin Recipe,indian|main|sweet|savory|non-veg|halal,nonveg_tags_without_meat_words
0e796023-ca41-42c1-8ed5-882fd7eb1dc0,Bannada Saute Majjige Huli Recipe (Malabar Cucumber Mor Kuzhambu),indian,easy,40,standard,vegetarian,Bannada Saute Majjige Huli Recipe (Malabar Cucumber Mor Kuzhambu),indian|main|spicy|sour|savory|non-veg|gluten_free|nut_free,nonveg_tags_without_meat_words
bbc6c995-c155-465a-b69d-8dffa8c3cb30,Begun Basanti Recipe - Eggplant In Mustard Yogurt Curry,indian,easy,40,standard,non_veg,Begun Basanti Recipe - Eggplant In Mustard Yogurt Curry,indian|curry|bengali|main|spicy|sweet|sour|savory|non-veg|gluten_free|nut_free|halal,nonveg_tags_without_meat_words
c6f59ca6-deb7-4e10-b55a-b9ad292bc3c0,Bengali Bhetki Macher Paturi Recipe (Barramundi Fish Wrapped in Banana Leaf),indian,easy,40,standard,non_veg,Bengali Bhetki Macher Paturi Recipe (Barramundi Fish Wrapped in Banana Leaf),indian|main|bengali|spicy|savory|non-veg|gluten_free|dairy_free|nut_free|halal,nonveg_tags_without_meat_words
b4fc668d-8a92-44b3-abce-b9db7f43d864,Bengali Doi Maach Recipe (Fish In Yogurt Curry),indian,medium,40,standard,non_veg,Bengali Doi Maach Recipe (Fish In Yogurt Curry),indian|curry|bengali|main|spicy|sweet|sour|savory|non-veg|gluten_free|nut_free|halal,nonveg_tags_without_meat_words
98eb5e04-7156-4af5-bbed-9ecf16d2e3b9,Bengali Style Chingri Macher Cutlet Recipe (Prawn Cutlet),indian,easy,40,standard,non_veg,Bengali Chingri Macher Cutlet Recipe (Prawn Cutlet),indian|snack|bengali|spicy|savory|non-veg|dairy_free|nut_free|halal,nonveg_tags_without_meat_words
546e656f-63e0-442d-a5c8-a5f5dbab4cfa,Bengali Style Chingri Posto Recipe (Prawns Cooked In Poppy Seed Gravy),indian,medium,40,standard,non_veg,Bengali Chingri Posto Recipe (Prawns Cooked In Poppy Seed Gravy),indian|curry|bengali|main|spicy|savory|non-veg|gluten_free|dairy_free|nut_free|halal,nonveg_tags_without_meat_words
b0d0486c-6912-4bd2-8f3b-db84bbaa5732,Bengali Style Hilsa Fish In Poppy Seeds & Yogurt Curry Recipe,indian,easy,40,standard,non_veg,Bengali Hilsa Fish In Poppy Seeds & Yogurt Curry Recipe,indian|curry|bengali|main|spicy|sour|savory|non-veg|gluten_free|nut_free|halal,nonveg_tags_without_meat_words
5531595d-687c-4aab-bdba-d79452c48a73,Bengali Style Labra Recipe - Mix Vegetable Sabzi,indian,medium,40,standard,vegetarian,Bengali Labra Recipe - Mix Vegetable Sabzi,indian|main|bengali|sweet|savory|non-veg|dairy_free|nut_free|halal,nonveg_tags_without_meat_words
869be018-546d-41a0-b480-4a18e62719f2,Bharli Vangi Recipe - Maharashtrian Style Stuffed Brinjals,indian,hard,40,standard,vegetarian,Bharli Vangi Recipe - Maharashtrian Stuffed Brinjals,indian|main|spicy|sweet|savory|non-veg|gluten_free|dairy_free|halal,nonveg_tags_without_meat_words
b0609382-1d1f-462f-8bb5-6d3149046cec,Bhindi Gosht Recipe-Okra With Meat In Coconut Gravy,indian,medium,40,standard,vegetarian,Bhindi Gosht Recipe-Okra With Meat In Coconut Gravy,indian|curry|main|spicy|sour|savory|non-veg|gluten_free|nut_free|halal,nonveg_tags_without_meat_words
0b0235a5-ec9c-41f3-bfa0-510b45cf5415,Bhogichi Bhaji Recipe (Bhogichi Bhaji Recipe),indian,hard,40,standard,vegetarian,Bhogichi Bhaji Recipe (Bhogichi Bhaji Recipe),indian|main|spicy|sour|savory|non-veg|gluten_free|dairy_free|halal,nonveg_tags_without_meat_words
1ef0b8a7-7600-46a2-a62e-cdd2452b7706,Bhogichi Bhaji Recipe (Maharashtrian Mixed Vegetable Stir Fry),indian,hard,40,standard,vegetarian,Bhogichi Bhaji Recipe (Maharashtrian Mixed Vegetable Stir Fry),indian|main|spicy|sour|savory|non-veg|gluten_free|dairy_free|halal,nonveg_tags_without_meat_words
24090ef3-d6b1-42b7-b4f8-45c78987b236,Bhuna Murgh Recipe,indian,medium,40,standard,vegetarian,Bhuna Murgh Recipe,indian|main|north_indian|spicy|sour|savory|non-veg|halal,nonveg_tags_without_meat_words
a869f19e-9933-4fdd-b160-b11a1dc011ba,Bihari Style Baingan Ka Chokha Recipe (Smoked & Spiced Eggplant),indian,medium,40,standard,non_veg,Bihari Baingan Ka Chokha Recipe (Smoked & Spiced Eggplant),indian|main|spicy|savory|non-veg|gluten_free|dairy_free|nut_free|halal,nonveg_tags_without_meat_words
ec4c9e19-c37f-4a30-8d31-0f3b7b3a518a,Boiled Egg White Sandwich Recipe,indian,easy,40,standard,non_veg,Boiled Egg White Sandwich Recipe,indian|main|spicy|savory|non-veg|nut_free|halal,nonveg_tags_without_meat_words
09db44e8-f03a-4d67-b496-ceefe8b66ac4,Brinjal Prawns Masala Curry Recipe - Baingan Prawn Masala,indian,hard,40,standard,non_veg,Brinjal Prawns Masala Curry Recipe - Baingan Prawn Masala,indian|curry|main|spicy|sour|savory|non-veg|gluten_free|dairy_free|nut_free|halal,nonveg_tags_without_meat_words
33df7764-92c3-4c3d-8e4b-f015f59eab75,Broccoli Cheese Mayo Sandwich Recipe,indian,easy,40,standard,vegetarian,Broccoli Cheese Mayo Sandwich Recipe,indian|main|spicy|savory|non-veg|nut_free|halal,nonveg_tags_without_meat_words
9abbf5f3-f65f-4418-bee3-84891be55fc6,Burnt Garlic Chicken Fried Rice Recipe - Indo Chinese Fried Rice,indian,medium,40,standard,non_veg,Burnt Garlic Chicken Fried Rice Recipe - Indo Chinese Fried Rice,indian|rice|main|spicy|sour|savory|non-veg|gluten_free|dairy_free|nut_free|halal,nonveg_tags_without_meat_words
d68a9b4a-ba2e-47be-8ec3-b84e5dea1d62,Carrot Cake Pancakes Recipe,indian,medium,40,standard,vegetarian,Carrot Cake Pancakes Recipe,indian|main|sweet|sour|savory|non-veg|nut_free|halal,nonveg_tags_without_meat_words
bc73d4a4-18f1-4eb5-9788-d68247e80d24,Chammanthi Chutney Recipe,indian,medium,40,standard,vegetarian,Chammanthi Chutney Recipe,indian|side|spicy|savory|non-veg|gluten_free|dairy_free|nut_free,nonveg_tags_without_meat_words
5abdbdc3-aad5-4581-990c-416477898980,Chammanthi Chutney Recipe (Coconut And Onion Chutney),indian,medium,40,standard,vegetarian,Chammanthi Chutney Recipe (Coconut And Onion Chutney),indian|side|spicy|savory|non-veg|gluten_free|dairy_free|nut_free,nonveg_tags_without_meat_words
86cf67c6-1c7c-40be-8490-fe6c424885f2,Cheesy Chicken Ala Kiev Recipe,indian,medium,40,standard,non_veg,Cheesy Chicken Ala Kiev Recipe,indian|main|spicy|savory|non-veg|nut_free|halal,nonveg_tags_without_meat_words
c8cec9bb-8181-4088-b633-814d970bc752,Chemmeen Muringakka Curry Recipe -Prawn Drumstick Curry,indian,hard,40,standard,non_veg,Chemmeen Muringakka Curry Recipe -Prawn Drumstick Curry,indian|curry|south_indian|main|spicy|savory|non-veg|gluten_free|dairy_free|nut_free|halal,nonveg_tags_without_meat_words
80d42e93-dd56-4c26-b640-298a2e8e6f49,Chettinad Dry Pepper Chicken Recipe,indian,hard,40,standard,non_veg,Chettinad Dry Pepper Chicken Recipe,indian|main|south_indian|spicy|savory|non-veg|gluten_free|dairy_free|nut_free|halal,nonveg_tags_without_meat_words
87397d97-e439-4f0c-88f6-3e06258b47a1,Chettinad Dry Pepper Chicken Recipe,indian,hard,40,standard,non_veg,Chettinad Dry Pepper Chicken Recipe,indian|main|south_indian|spicy|savory|non-veg|gluten_free|dairy_free|nut_free|halal,nonveg_tags_without_meat_words
075cda93-2187-4c97-a64d-5213d3a2413e,Chettinad Egg Paniyaram Recipe | Rise Paniyaram Recipe,indian,medium,40,standard,non_veg,Chettinad Egg Paniyaram Recipe | Rise Paniyaram Recipe,indian|main|south_indian|spicy|savory|non-veg|gluten_free|dairy_free|nut_free|halal,nonveg_tags_without_meat_words
bec266c8-ad7e-4967-8211-6bf1deab499d,Chettinad Eral Thokku Recipe - Prawn Masala,indian,hard,40,standard,non_veg,Chettinad Eral Thokku Recipe - Prawn Masala,indian|curry|south_indian|main|spicy|sour|savory|non-veg|gluten_free|dairy_free|nut_free|halal,nonveg_tags_without_meat_words
1d714991-c482-4a0b-836c-270693e662fa,Chettinad Kathirikai Chops Recipe - Brinjal Curry for Biryani,indian,hard,40,standard,vegetarian,Chettinad Kathirikai Chops Recipe - Brinjal Curry for Biryani,indian|rice|south_indian|main|spicy|sweet|sour|savory|non-veg|gluten_free|dairy_free|halal,nonveg_tags_without_meat_words
a9978241-092e-447d-afd1-b249094a1078,Chettinad Paruppu Urundai Kuzhambu (Steamed Lentil Balls Cooked in a Tangy Curry) Recipe,indian,hard,40,standard,vegetarian,Chettinad Paruppu Urundai Kuzhambu (Steamed Lentil Balls Cooked in a Tangy Curry) Recipe,indian|curry|south_indian|main|spicy|sour|savory|non-veg|gluten_free|dairy_free|nut_free,nonveg_tags_without_meat_words
f2376cd9-a09d-414a-8886-7a021471a280,Chettinad Thakkali Vengaya Kuzhambu Recipe,indian,medium,40,standard,vegetarian,Chettinad Thakkali Vengaya Kuzhambu Recipe,indian|main|south_indian|spicy|sweet|sour|savory|non-veg|gluten_free|dairy_free|nut_free,nonveg_tags_without_meat_words
4ee67f2d-e494-482e-aea5-6671f6eadd1e,Chicken And Egg Soup Recipe,indian,easy,40,standard,non_veg,Chicken And Egg Soup Recipe,indian|main|spicy|sour|savory|non-veg|gluten_free|dairy_free|nut_free|halal,nonveg_tags_without_meat_words
8cae2474-68f4-4ce7-82af-0705fee228d6,Chicken Dimsums Recipe - Steamed Chicken Dumplings,indian,medium,40,standard,non_veg,Chicken Dimsums Recipe - Steamed Chicken Dumplings,indian|main|savory|non-veg|dairy_free|nut_free|halal,nonveg_tags_without_meat_words
32b22ddc-c2ba-4a04-9b13-efe0871408d8,Chicken Kathi Roll Recipe,indian,hard,40,standard,non_veg,Chicken Kathi Roll Recipe,indian|main|spicy|sour|savory|non-veg|nut_free|halal,nonveg_tags_without_meat_words
60a8d014-17e2-4fa7-8ea5-59e41ce47882,Chicken Malai Kabab Recipe,indian,easy,40,standard,non_veg,Chicken Malai Kabab Recipe,indian|main|north_indian|spicy|savory|non-veg|gluten_free|dairy_free|nut_free|halal,nonveg_tags_without_meat_words
563ff605-0469-41f8-94a1-9d522f039a39,Chicken Mie Goreng Recipe - Noodles Tossed In Sriracha Sauce,indian,medium,40,standard,non_veg,Chicken Mie Goreng Recipe - Noodles Tossed In Sriracha Sauce,indian|main|spicy|savory|non-veg|dairy_free|nut_free|halal,nonveg_tags_without_meat_words
8d80799f-92d7-45a6-87b6-1c37c824c2ee,Chicken Ranch Wraps Recipe,indian,easy,40,standard,non_veg,Chicken Ranch Wraps Recipe,indian|main|spicy|savory|non-veg|gluten_free|nut_free|halal,nonveg_tags_without_meat_words
e3f37e95-f1fc-4299-b8fa-dad5eca04634,"Chicken Sausages, Baked Beans and Stir Fried Broccoli Recipe",indian,hard,40,standard,non_veg,"Chicken Sausages, Baked Beans and Stir Fried Broccoli Recipe",indian|main|spicy|savory|non-veg|gluten_free|nut_free|halal,nonveg_tags_without_meat_words
b9c7dbce-433e-4675-b975-caa4f54c86da,Chicken Sweet Potato & Dill Curry Recipe,indian,easy,40,standard,non_veg,Chicken Sweet Potato & Dill Curry Recipe,indian|curry|north_indian|main|sweet|savory|non-veg|dairy_free|nut_free|halal,nonveg_tags_without_meat_words
1c63c0b6-f667-451c-8b02-dd09def1f622,Chicken Vindaloo Recipe,indian,medium,40,standard,non_veg,Chicken Vindaloo Recipe,indian|main|spicy|sour|savory|non-veg|gluten_free|dairy_free|nut_free|halal,nonveg_tags_without_meat_words
4e94c238-3dd4-4179-a87a-ee9e9e7b2a77,Chicken Wings With Bhuna Masala Recipe,indian,medium,40,standard,non_veg,Chicken Wings With Bhuna Masala Recipe,indian|curry|main|spicy|savory|non-veg|gluten_free|dairy_free|nut_free|halal,nonveg_tags_without_meat_words
4dde449c-8023-4ba6-978a-90819d2ffb46,Chilli Chicken Cheese Quesadilla Recipe,indian,hard,40,standard,non_veg,Chilli Chicken Cheese Quesadilla Recipe,indian|main|spicy|sweet|savory|non-veg|nut_free|halal,nonveg_tags_without_meat_words
4c0b85bb-0d31-4ee8-b9c8-9d739c8579e6,Chinese Dragon Chicken With Vegetables Recipe,indian,hard,40,standard,non_veg,Chinese Dragon Chicken With Vegetables Recipe,indian|main|spicy|savory|non-veg|dairy_free|halal,nonveg_tags_without_meat_words
0ea114aa-4fb0-44b4-9fa6-41f994ec88da,Chinese Egg Fried Rice Recipe With Oats,indian,easy,40,standard,non_veg,Chinese Egg Fried Rice Recipe With Oats,indian|rice|main|spicy|savory|non-veg|dairy_free|nut_free|halal,nonveg_tags_without_meat_words
63155379-bdc3-4889-af1d-624098a19550,Chocolate Marble Cake Recipe Using Preethi Electric Pressure Cooker,indian,medium,40,standard,vegetarian,Chocolate Marble Cake Recipe Using Preethi Electric Pressure Cooker,indian|main|sweet|savory|non-veg|nut_free|halal,nonveg_tags_without_meat_words
3766bab9-7a61-41c2-bd1f-968952485554,Chow-Chow Kothamalli Chutney Recipe - Chayote Coriander Chutney,indian,easy,40,standard,vegetarian,Chow-Chow Kothamalli Chutney Recipe - Chayote Coriander Chutney,indian|side|south_indian|spicy|sour|savory|non-veg|gluten_free|dairy_free|nut_free,nonveg_tags_without_meat_words
dc0f2d2e-92bf-4dd9-bea3-254d987f3572,Coriander Mint Chicken Tikka Recipe - Dhaniya Pudina Chicken Tikka Recipe,indian,medium,40,standard,non_veg,Coriander Mint Chicken Tikka Recipe - Dhaniya Pudina Chicken Tikka Recipe,indian|main|north_indian|spicy|sour|savory|non-veg|gluten_free|nut_free|halal,nonveg_tags_without_meat_words
69ebd6db-d166-4546-a787-2782c7cfa354,Couscous Eggplant And Tomato Gratin Recipe,indian,easy,40,standard,non_veg,Couscous Eggplant And Tomato Gratin Recipe,indian|main|savory|non-veg|nut_free|halal,nonveg_tags_without_meat_words
638bec89-e2d9-4339-81b2-9fc0a71d9e51,Creamy & Delicious Egg Mayo Sandwich Recipe - Kids Recipes Made With Del Monte,indian,easy,40,standard,non_veg,Creamy & Delicious Egg Mayo Sandwich Recipe - Kids Recipes Made With Del Monte,indian|main|spicy|savory|non-veg|nut_free|halal,nonveg_tags_without_meat_words
ba1b7a92-588b-48ee-bbf3-d8687891699a,Crispy Chicken Nuggets Recipe - KFC Style,indian,medium,40,standard,non_veg,Crispy Chicken Nuggets Recipe - KFC,indian|main|spicy|savory|non-veg|nut_free|halal,nonveg_tags_without_meat_words
c87ff0d4-156c-4c07-bd6f-5f8cc9584f79,Curry Fried Quinoa Rice Recipe,indian,hard,40,standard,vegetarian,Curry Fried Quinoa Rice Recipe,indian|rice|main|spicy|sweet|savory|non-veg|gluten_free|dairy_free|nut_free|halal,nonveg_tags_without_meat_words
dbc2186d-8e26-4176-acd5-f7bcae07b400,Dherosh Chingri Jhol Recipe (Bengali Style Prawn Curry With Ladies Finger),indian,hard,40,standard,non_veg,Dherosh Chingri Jhol Recipe (Bengali Prawn Curry With Ladies Finger),indian|curry|bengali|main|spicy|savory|non-veg|gluten_free|dairy_free|nut_free|halal,nonveg_tags_without_meat_words
1bee95b3-1d92-456d-9dcd-bc1c99410594,Egg In A Biscuit Recipe,indian,easy,40,standard,non_veg,Egg In A Biscuit Recipe,indian|main|sweet|sour|savory|non-veg|nut_free|halal,nonveg_tags_without_meat_words
4c7b2e95-c62d-4d8b-8ca4-f61684fe0ee2,Egg Kothu Paratha Recipe,indian,medium,40,standard,non_veg,Egg Kothu Paratha Recipe,indian|bread|main|spicy|sour|savory|non-veg|gluten_free|dairy_free|nut_free|halal,nonveg_tags_without_meat_words
7d5245a0-6a1e-4069-927b-1c0008a45047,Egg Lifafa Paratha Recipe,indian,medium,40,standard,non_veg,Egg Lifafa Paratha Recipe,indian|bread|main|spicy|sweet|savory|non-veg|gluten_free|nut_free|halal,nonveg_tags_without_meat_words
634a15ec-2a88-4762-978e-d882288039da,Egg Muffin With Vegetables Recipe,indian,medium,40,standard,non_veg,Egg Muffin With Vegetables Recipe,indian|main|spicy|savory|non-veg|gluten_free|nut_free|halal,nonveg_tags_without_meat_words
945c5906-3ca5-4c34-905b-6184eb39559a,Egg Rolls With Moringa Leaves Recipe-Eggs with Drumstick Leaves,indian,easy,40,standard,non_veg,Egg Rolls With Moringa Leaves Recipe-Eggs with Drumstick Leaves,indian|main|spicy|savory|non-veg|nut_free|halal,nonveg_tags_without_meat_words
98291f7f-fcf7-49a5-90ea-a84367b37276,Egg White Frittata With Roasted Vegetables Recipe,indian,easy,40,standard,non_veg,Egg White Frittata With Roasted Vegetables Recipe,indian|main|spicy|savory|non-veg|gluten_free|nut_free|halal,nonveg_tags_without_meat_words
f167e228-50d7-46e7-9405-8e63d705be97,Eggless Chocolate Cupcakes With Raspberry & Cheese Frosting,indian,medium,40,standard,non_veg,Eggless Chocolate Cupcakes With Raspberry & Cheese Frosting,indian|main|sweet|savory|non-veg|nut_free|halal,nonveg_tags_without_meat_words
09445406-e4fd-4d21-8f41-3d23835aad91,Eggless Coffee Caramel Cake With Walnuts Recipe,indian,easy,40,standard,non_veg,Eggless Coffee Caramel Cake With Walnuts Recipe,indian|main|sweet|sour|savory|non-veg|halal,nonveg_tags_without_meat_words
c85ff810-7abf-407c-bc0c-6a631248481b,Eggless Mango Muffins Recipe,indian,easy,40,standard,non_veg,Eggless Mango Muffins Recipe,indian|main|sweet|savory|non-veg|dairy_free|nut_free|halal,nonveg_tags_without_meat_words
9f0190b6-5e41-4b3e-bcb9-b9f657646eea,Eggless Whole Wheat Orange Cake Recipe,indian,easy,40,standard,non_veg,Eggless Whole Wheat Orange Cake Recipe,indian|main|sweet|savory|non-veg|dairy_free|nut_free|halal,nonveg_tags_without_meat_words
54c457d3-099e-40c7-a1c6-bdc9822a77d0,Eggs Benedict With Caramelised Onion And Hollandaise Sauce Recipe,indian,medium,40,standard,non_veg,Eggs Benedict With Caramelised Onion And Hollandaise Sauce Recipe,indian|main|spicy|sour|savory|non-veg|nut_free|halal,nonveg_tags_without_meat_words
a38ac26f-846e-4113-8822-39562a1f21ec,Fish Tikka Masala Gravy Recipe,indian,medium,40,standard,non_veg,Fish Tikka Masala Gravy Recipe,indian|curry|north_indian|main|spicy|sour|savory|non-veg|dairy_free|halal,nonveg_tags_without_meat_words
5c668b27-7831-4a54-bbe3-349efacccb71,Flourless Chilli Chocolate Cake Recipe,indian,easy,40,standard,vegetarian,Flourless Chilli Chocolate Cake Recipe,indian|main|spicy|sweet|savory|non-veg|nut_free|halal,nonveg_tags_without_meat_words
b649a302-778e-4c3a-9373-f8a023426baa,French Toast BLT Bagel Sandwich Recipe,indian,easy,40,standard,vegetarian,French Toast BLT Bagel Sandwich Recipe,indian|main|spicy|savory|non-veg|gluten_free|nut_free,nonveg_tags_without_meat_words
5e89e24e-aa25-49a9-a8b8-4a93bee44149,Ginger Sesame Chicken With Bok Choy And Mushrooms Recipe,indian,medium,40,standard,non_veg,Ginger Sesame Chicken With Bok Choy And Mushrooms Recipe,indian|main|spicy|sweet|sour|savory|non-veg|dairy_free|nut_free|halal,nonveg_tags_without_meat_words
63ae6ac1-f451-49c2-86c8-a6e521cd0f8e,Goan Lady Fish Curry Recipe - Muddoshi Hooman,indian,easy,40,standard,non_veg,Goan Lady Fish Curry Recipe - Muddoshi Hooman,indian|curry|main|spicy|sour|savory|non-veg|gluten_free|dairy_free|nut_free|halal,nonveg_tags_without_meat_words
9afe70fb-5932-4cd8-a9b8-afba6d5b91a7,Grapes Muffin Recipe,indian,medium,40,standard,vegetarian,Grapes Muffin Recipe,indian|main|sweet|sour|savory|non-veg|nut_free|halal,nonveg_tags_without_meat_words
6696a28c-1811-46da-8854-ef4511950c2c,Green Chilli Chicken Fry Recipe,indian,hard,40,standard,non_veg,Green Chilli Chicken Fry Recipe,indian|main|spicy|sour|savory|non-veg|gluten_free|dairy_free|nut_free|halal,nonveg_tags_without_meat_words
ec9a4b77-6f57-4662-8767-6e3ab0164663,Green Chilli Chicken Fry Recipe - Green Chilli Chicken Fry Recipe,indian,hard,40,standard,non_veg,Green Chilli Chicken Fry Recipe - Green Chilli Chicken Fry Recipe,indian|main|spicy|sour|savory|non-veg|gluten_free|dairy_free|nut_free|halal,nonveg_tags_without_meat_words
0387cba8-f91a-4429-8807-a4c4f83c4402,Grilled Chicken Salad Recipe,indian,medium,40,standard,non_veg,Grilled Chicken Salad Recipe,indian|main|spicy|sour|savory|non-veg|gluten_free|halal,nonveg_tags_without_meat_words
229f0cd2-0e23-4ffb-a432-eb69e0f388d9,Grilled Eggplant With Spirulina Basil Pesto and Tofu Recipe,indian,hard,40,standard,non_veg,Grilled Eggplant With Spirulina Basil Pesto and Tofu Recipe,indian|main|spicy|savory|non-veg|gluten_free|dairy_free|halal,nonveg_tags_without_meat_words
9589877c-3209-42f5-879f-2b8b10ed3188,Gulab Jamun Bread Pudding Recipe,indian,easy,40,standard,vegetarian,Gulab Jamun Bread Pudding Recipe,indian|main|sweet|savory|non-veg|halal,nonveg_tags_without_meat_words
df14f943-c1d8-4a70-a5ec-6cdff76a3976,Halli Style Mutton Saaru Recipe - South Indian Mutton Curry,indian,medium,40,standard,non_veg,Halli Mutton Saaru Recipe - South Indian Mutton Curry,indian|curry|south_indian|main|spicy|savory|non-veg|gluten_free|dairy_free|nut_free|halal,nonveg_tags_without_meat_words
4b06e247-56e9-48c7-93b1-cb91d8f93893,Hash Browns With Chives Recipe,indian,medium,40,standard,vegetarian,Hash Browns With Chives Recipe,indian|main|spicy|savory|non-veg|nut_free|halal,nonveg_tags_without_meat_words
10dad222-5151-4989-ac96-2e95a327c0e5,"Healthy Vegetable Fries Recipe (Oven roasted Potato, Zucchini and Carrot Fries)",indian,easy,40,standard,vegetarian,"Healthy Vegetable Fries Recipe (Oven roasted Potato, Zucchini and Carrot Fries)",indian|main|spicy|savory|non-veg|dairy_free|nut_free|halal,nonveg_tags_without_meat_words
38b9dec9-1be0-418f-8fde-89f978197a83,Herb & Cheese Mushroom Omelette Recipe,indian,medium,40,standard,vegetarian,Herb & Cheese Mushroom Omelette Recipe,indian|main|spicy|savory|non-veg|gluten_free|nut_free|halal,nonveg_tags_without_meat_words
f8bdd4fc-f80c-4baa-bf76-3d0b0b0364bd,High Protein Spinach Basil & Cheese Omelette Recipe,indian,medium,40,standard,vegetarian,High Protein Spinach Basil & Cheese Omelette Recipe,indian|main|spicy|sweet|savory|non-veg|gluten_free|nut_free|halal,nonveg_tags_without_meat_words
6c027f31-5ef6-4b8c-9dd5-96adb91bd6d8,Homemade Whole Wheat Crepes Recipe,indian,medium,40,standard,vegetarian,Homemade Whole Wheat Crepes Recipe,indian|main|sweet|savory|non-veg|nut_free|halal,nonveg_tags_without_meat_words
dd5e5940-6788-49b2-a5ef-3c89d6d16d94,How to Make Homemade Flat Noodles With Egg Recipe,indian,easy,40,standard,non_veg,How to Make Homemade Flat Noodles With Egg Recipe,indian|main|savory|non-veg|nut_free|halal,nonveg_tags_without_meat_words
371ab5ea-e282-4891-9436-df2fd378189d,How to make Egg Free Mayonnaise Recipe,indian,easy,40,standard,non_veg,How to make Egg Free Mayonnaise Recipe,indian|main|spicy|sour|savory|non-veg|gluten_free|dairy_free|nut_free|halal,nonveg_tags_without_meat_words
00770e10-c2b8-47f2-abc7-1fb29edd9288,Iranian Baida Curry Recipe,indian,medium,40,standard,vegetarian,Iranian Baida Curry Recipe,indian|curry|main|spicy|sweet|savory|non-veg|gluten_free|dairy_free|halal,nonveg_tags_without_meat_words
bf7efafa-33ed-4496-955a-812cae0715d4,"Italian Open Toast Recipe With Grilled Ham, Cheese & Olives",indian,easy,40,standard,vegetarian,"Italian Open Toast Recipe With Grilled Ham, Cheese & Olives",indian|main|spicy|savory|non-veg|nut_free,nonveg_tags_without_meat_words
e88fe725-5b4e-4e9f-ad56-1051e0206ba5,Kashmir Style Bom Chount/Wangan Recipe-Spicy Apple Brinjal Curry,indian,easy,40,standard,vegetarian,Kashmir Bom Chount/Wangan Recipe-Spicy Apple Brinjal Curry,indian|curry|north_indian|main|spicy|savory|non-veg|gluten_free|dairy_free|nut_free|halal,nonveg_tags_without_meat_words
e0181c15-bcb7-4607-ba7f-9e971dd2089a,Kashmiri Style Chicken Pulao Recipe,indian,medium,40,standard,non_veg,Kashmiri Chicken Pulao Recipe,indian|rice|north_indian|main|spicy|sour|savory|non-veg|gluten_free|halal,nonveg_tags_without_meat_words
dd3ba743-f41f-4112-bd44-494c4332eebf,Kathiri Urulai Masala Kuzhambu Recipe - Brinjal And Potato Masala Gravy,indian,hard,40,standard,vegetarian,Kathiri Urulai Masala Kuzhambu Recipe - Brinjal And Potato Masala Gravy,indian|curry|south_indian|main|spicy|sour|savory|non-veg|gluten_free|dairy_free,nonveg_tags_without_meat_words
0a949a90-0237-48ea-9fe5-44d5a8d01e5e,Kathirikai Paruppu Kootu Recipe,indian,medium,40,standard,vegetarian,Kathirikai Paruppu Kootu Recipe,indian|main|south_indian|spicy|sweet|sour|savory|non-veg|gluten_free|dairy_free|halal,nonveg_tags_without_meat_words
28c78b1d-32f4-4068-8fde-30fd14912466,Kerala Chicken Curry Recipe - Nadan Kozhi Curry,indian,hard,40,standard,non_veg,Kerala Chicken Curry Recipe - Nadan Kozhi Curry,indian|curry|south_indian|main|spicy|savory|non-veg|gluten_free|nut_free|halal,nonveg_tags_without_meat_words
f5aa8c39-9c81-4e3f-a34d-307c0bb1ff62,Kerala Style Fish Curry Recipe,indian,medium,40,standard,non_veg,Kerala Fish Curry Recipe,indian|curry|south_indian|main|spicy|sour|savory|non-veg|gluten_free|dairy_free|nut_free|halal,nonveg_tags_without_meat_words
6322dba0-913d-4fa4-b3cc-63b769e3e54f,Kerala Style Konju Curry With Thengakothu Recipe (Kerala Style Prawn Curry),indian,hard,40,standard,non_veg,Kerala Konju Curry With Thengakothu Recipe (Kerala Prawn Curry),indian|curry|south_indian|main|spicy|sour|savory|non-veg|gluten_free|dairy_free|nut_free|halal,nonveg_tags_without_meat_words
abd48e5a-5ff6-4fd8-9a8d-f9a69ce816fa,Kerala Style Mutton Stew Recipe,indian,medium,40,standard,non_veg,Kerala Mutton Stew Recipe,indian|main|south_indian|spicy|savory|non-veg|gluten_free|dairy_free|nut_free|halal,nonveg_tags_without_meat_words
ca8f05c1-0ffa-4fd9-9c3e-ed51aaf32f23,Kerala Style Pacha Mango Avial Recipe,indian,medium,40,standard,vegetarian,Kerala Pacha Mango Avial Recipe,indian|main|south_indian|spicy|savory|non-veg|gluten_free|dairy_free|nut_free|halal,nonveg_tags_without_meat_words
c016a365-ef31-4f07-9544-ef2518d2eb03,Kerala Style Pazham Pori Recipe (Banana Fry),indian,easy,40,standard,vegetarian,Kerala Pazham Pori Recipe (Banana Fry),indian|main|south_indian|savory|non-veg|nut_free,nonveg_tags_without_meat_words
bc17d17f-9b28-45cc-a3d3-116a1c86cc44,Konaseema Kodi Kura Recipe - Andhra Style Chicken Curry,indian,hard,40,standard,non_veg,Konaseema Kodi Kura Recipe - Andhra Chicken Curry,indian|curry|south_indian|main|spicy|savory|non-veg|gluten_free|halal,nonveg_tags_without_meat_words
b60762f6-3055-40e9-8383-fd19c8053910,Kondakadalai Puli Vengaya Kuzhambu Recipe (South Indian Style Spicy And Tangy Kala Chana),indian,easy,40,standard,vegetarian,Kondakadalai Puli Vengaya Kuzhambu Recipe (South Indian Spicy And Tangy Kala Chana),indian|main|south_indian|sweet|sour|savory|non-veg|gluten_free|dairy_free|nut_free,nonveg_tags_without_meat_words
ab4dc3cf-b6f9-4276-b38c-b0fde551e432,Kongunad Chicken Fry Recipe,indian,hard,40,standard,non_veg,Kongunad Chicken Fry Recipe,indian|main|south_indian|spicy|savory|non-veg|gluten_free|dairy_free|nut_free|halal,nonveg_tags_without_meat_words
45cd0ce5-336a-414c-86b6-d893549fd254,Kongunadu Cucumber Juice Recipe - Spicy & Tonji Eggplant Juice,indian,medium,40,standard,non_veg,Kongunadu Cucumber Juice Recipe - Spicy & Tonji Eggplant Juice,indian|main|south_indian|spicy|sour|savory|non-veg|gluten_free|nut_free|halal,nonveg_tags_without_meat_words
208ca9e6-d119-4f62-a768-b4637d2abee5,Kothamalli Rava Upma Recipe - Coriander Semolina Pudding,indian,medium,40,standard,vegetarian,Kothamalli Rava Upma Recipe - Coriander Semolina Pudding,indian|main|south_indian|spicy|sweet|sour|savory|non-veg|dairy_free|nut_free,nonveg_tags_without_meat_words
5dee8833-6570-408c-a7d4-c4caeddf6cbe,Kung Pao Spaghetti Recipe,indian,hard,40,standard,vegetarian,Kung Pao Spaghetti Recipe,indian|main|spicy|sweet|sour|savory|non-veg|dairy_free|halal,nonveg_tags_without_meat_words
66e30d06-be32-4fa0-a13c-a661ad784763,Lavand-E-Murgh Recipe - Afghani Chicken In Yoghurt Gravy,indian,hard,40,standard,non_veg,Lavand-E-Murgh Recipe - Afghani Chicken In Yoghurt Gravy,indian|curry|main|spicy|sour|savory|non-veg|gluten_free|halal,nonveg_tags_without_meat_words
ded50204-9c07-4627-aefd-7ad67e802f33,Lebanese Style Caramelized Onion Pilaf with Fried eggs Recipe,indian,medium,40,standard,non_veg,Lebanese Caramelized Onion Pilaf with Fried eggs Recipe,indian|main|spicy|sweet|savory|non-veg|gluten_free|dairy_free|nut_free|halal,nonveg_tags_without_meat_words
d6376911-3673-4335-ba9a-7673f306ea3c,Lemony Pasta Recipe With Roasted Shrimps,indian,easy,40,standard,vegetarian,Lemony Pasta Recipe With Roasted Shrimps,indian|main|spicy|sour|savory|non-veg|gluten_free|nut_free|halal,nonveg_tags_without_meat_words
57a3d2fe-846c-4448-a2fc-81afaa773fa9,Loaded Baked Potato French Fries Recipe,indian,medium,40,standard,vegetarian,Loaded Baked Potato French Fries Recipe,indian|main|spicy|savory|non-veg|gluten_free|dairy_free|nut_free|halal,nonveg_tags_without_meat_words
01fb58e7-efee-4b74-a1dd-9608c406e982,Malvani Fish Curry Recipe - Delicious And Spicy Fish Curry,indian,hard,40,standard,non_veg,Malvani Fish Curry Recipe - Delicious And Spicy Fish Curry,indian|curry|main|spicy|sour|savory|non-veg|nut_free|halal,nonveg_tags_without_meat_words
aa50e081-f8fc-4d8e-8412-f1362355260a,Mangalore Fish Curry Recipe,indian,easy,40,standard,non_veg,Mangalore Fish Curry Recipe,indian|curry|main|spicy|sour|savory|non-veg|gluten_free|nut_free|halal,nonveg_tags_without_meat_words
7d443dcc-251a-450d-95e7-9534e66b5e21,Masala French Toast Recipe,indian,easy,40,standard,vegetarian,Masala French Toast Recipe,indian|curry|main|spicy|savory|non-veg|nut_free|halal,nonveg_tags_without_meat_words
bff95402-75a2-44d9-a6c2-dcc58aeb9bb9,Meen Peera (Kerala Style Fish Recipe With Shredded Coconut),indian,hard,40,standard,non_veg,Meen Peera (Kerala Fish Recipe With Shredded Coconut),indian|main|south_indian|spicy|sour|savory|non-veg|gluten_free|dairy_free|nut_free|halal,nonveg_tags_without_meat_words
46143eb8-61ef-4d86-9cfe-da86cfeb9d92,Meen Vevichathu Recipe - Kottayam Style Fish Curry,indian,hard,40,standard,non_veg,Meen Vevichathu Recipe - Kottayam Fish Curry,indian|curry|south_indian|main|sour|savory|non-veg|gluten_free|dairy_free|nut_free|halal,nonveg_tags_without_meat_words
46cd0347-c60b-461c-a26d-4119dee9be3d,Methi Chaman Recipe -Paneer In Dark Leafy Greens Based Gravy,indian,easy,40,standard,vegetarian,Methi Chaman Recipe -Paneer In Dark Leafy Greens Based Gravy,indian|curry|north_indian|main|spicy|savory|non-veg|gluten_free|nut_free,nonveg_tags_without_meat_words
a1684f0b-95bb-4d8e-bcbf-b86f347ac340,Mexican Low Fat Fish Wraps Recipe,indian,medium,40,standard,non_veg,Mexican Low Fat Fish Wraps Recipe,indian|main|spicy|sour|savory|non-veg|nut_free|halal,nonveg_tags_without_meat_words
3751d382-f1ff-446d-8486-806fde8137cb,Mexican Salsa Chicken With Italian Cream Cheese Recipe,indian,hard,40,standard,non_veg,Mexican Salsa Chicken With Italian Cream Cheese Recipe,indian|main|spicy|sweet|sour|savory|non-veg|gluten_free|nut_free|halal,nonveg_tags_without_meat_words
621012d4-9cc2-450a-92ee-f124970291fa,Milagu Kozhambu Recipe,indian,hard,40,standard,vegetarian,Milagu Kozhambu Recipe,indian|main|south_indian|spicy|sweet|sour|savory|non-veg|gluten_free|dairy_free|nut_free,nonveg_tags_without_meat_words
7acffbfe-552b-4e7f-af1f-7b7d9f127e93,Moroccan Chickpeas And Vegetable Stew Recipe With Couscous,indian,medium,40,standard,vegetarian,Moroccan Chickpeas And Vegetable Stew Recipe With Couscous,indian|main|spicy|savory|non-veg|gluten_free|nut_free|halal,nonveg_tags_without_meat_words
1fc9280d-1fb0-45ef-bc05-f9e16281f454,Moroccan Eggplant And Garbanzo Stew Recipe,indian,easy,40,standard,non_veg,Moroccan Eggplant And Garbanzo Stew Recipe,indian|main|spicy|savory|non-veg|gluten_free|dairy_free|nut_free|halal,nonveg_tags_without_meat_words
d67b3629-40cb-4136-9d56-1fe0f92d5b50,Muesli and Oats Waffle with Apricots Recipe,indian,easy,40,standard,vegetarian,Muesli and Oats Waffle with Apricots Recipe,indian|main|sweet|savory|non-veg|nut_free|halal,nonveg_tags_without_meat_words
2e36b0ba-fb3f-4218-a540-31ec8a4b0b7d,Murg Anardana Recipe - Pomegranate Chicken In Yogurt Gravy,indian,medium,40,standard,non_veg,Murg Anardana Recipe - Pomegranate Chicken In Yogurt Gravy,indian|curry|north_indian|main|spicy|sour|savory|non-veg|gluten_free|halal,nonveg_tags_without_meat_words
529a4f15-ce49-48c1-8259-44f2b3ac2e58,Mustard Egg Curry Recipe,indian,easy,40,standard,non_veg,Mustard Egg Curry Recipe,indian|curry|main|spicy|sweet|savory|non-veg|gluten_free|nut_free|halal,nonveg_tags_without_meat_words
188d4d21-b394-4d74-a505-e65aabd1798c,Mutton Keema Recipe,indian,medium,40,standard,non_veg,Mutton Keema Recipe,indian|main|north_indian|spicy|savory|non-veg|dairy_free|nut_free|halal,nonveg_tags_without_meat_words
3ca2726d-b597-4e3b-b80a-127f344fc864,Naga Style Chicken With Bamboo Shoot Recipe,indian,easy,40,standard,non_veg,Naga Chicken With Bamboo Shoot Recipe,indian|main|north_indian|spicy|savory|non-veg|dairy_free|nut_free|halal,nonveg_tags_without_meat_words
f55df6d9-02f3-48f8-8b16-dfa60534d052,No Bake Eggless Dark Chocolate Fudge Recipe With Nuts,indian,easy,40,standard,non_veg,No Bake Eggless Dark Chocolate Fudge Recipe With Nuts,indian|main|sweet|savory|non-veg|gluten_free|nut_free|halal,nonveg_tags_without_meat_words
345a78b9-7c9c-46ae-9c60-ba3a864b955f,One Pot Pressure Cooker Chicken Curry Recipe,indian,medium,40,standard,non_veg,One Pot Pressure Cooker Chicken Curry Recipe,indian|curry|south_indian|main|spicy|savory|non-veg|gluten_free|dairy_free|nut_free|halal,nonveg_tags_without_meat_words
3bd6e3ea-4ed7-4ede-915c-62a8482c88f5,One Pot Pressure Cooker Chicken Curry Recipe - One Pot Pressure Cooker Chicken Curry Recipe,indian,hard,40,standard,non_veg,One Pot Pressure Cooker Chicken Curry Recipe - One Pot Pressure Cooker Chicken Curry Recipe,indian|curry|south_indian|main|spicy|savory|non-veg|gluten_free|dairy_free|nut_free|halal,nonveg_tags_without_meat_words
de7c0411-aebc-4158-b8a0-874c6b3d5803,Paneer Pancake Recipe,indian,medium,40,standard,vegetarian,Paneer Pancake Recipe,indian|main|sweet|savory|non-veg|nut_free|halal,nonveg_tags_without_meat_words
50f3829e-8eca-4a15-804e-77f98710045b,Paplet Hooman Recipe - Goan Pomfret Curry,indian,easy,40,standard,vegetarian,Paplet Hooman Recipe - Goan Pomfret Curry,indian|curry|south_indian|main|spicy|sour|savory|non-veg|gluten_free|dairy_free|nut_free|halal,nonveg_tags_without_meat_words
fbf3ce66-2926-463e-a69b-a7c449292ef5,Parsi Style Baingan Capsicum Ka Salan Recipe,indian,easy,40,standard,vegetarian,Parsi Baingan Capsicum Ka Salan Recipe,indian|main|spicy|savory|non-veg|gluten_free|dairy_free|nut_free|halal,nonveg_tags_without_meat_words
2d744eb0-de80-4ac0-9372-020a6ac75513,Pepe Chingri Recipe - Green Papaya Prawn Curry Recipe,indian,easy,40,standard,non_veg,Pepe Chingri Recipe - Green Papaya Prawn Curry Recipe,indian|curry|bengali|main|spicy|savory|non-veg|dairy_free|nut_free|halal,nonveg_tags_without_meat_words
ce9a863d-1e54-45af-94bc-e766b276b36d,Potato & Basil Frittata Recipe,indian,easy,40,standard,vegetarian,Potato & Basil Frittata Recipe,indian|main|spicy|savory|non-veg|gluten_free|nut_free|halal,nonveg_tags_without_meat_words
ba118f8b-8b07-4cdd-9ff8-77dc48ab2e6a,Potato Latkes Recipe,indian,easy,40,standard,vegetarian,Potato Latkes Recipe,indian|main|spicy|savory|non-veg|gluten_free|dairy_free|nut_free|halal,nonveg_tags_without_meat_words
8830c542-6a17-40e4-b071-a83d8f4c0b65,Prawn Masala Rice Recipe,indian,medium,40,standard,non_veg,Prawn Masala Rice Recipe,indian|rice|main|spicy|savory|non-veg|nut_free|halal,nonveg_tags_without_meat_words
c38c53e3-0800-4583-9de7-2c444a15120a,Prawns Fried Rice Recipe,indian,hard,40,standard,non_veg,Prawns Fried Rice Recipe,indian|rice|main|spicy|sweet|savory|non-veg|gluten_free|nut_free|halal,nonveg_tags_without_meat_words
c3e0e8a2-c1ef-4cb3-986a-ecea4eff0f47,Prawns Spinach Spaghetti Recipe,indian,medium,40,standard,non_veg,Prawns Spinach Spaghetti Recipe,indian|main|spicy|sour|savory|non-veg|gluten_free|nut_free|halal,nonveg_tags_without_meat_words
22c8975a-5257-4672-807c-4ce687d79148,Pumpkin Creme Brulee Recipe,indian,easy,40,standard,vegetarian,Pumpkin Creme Brulee Recipe,indian|main|sweet|savory|non-veg|gluten_free|nut_free|halal,nonveg_tags_without_meat_words
cf881341-1d91-4a29-89e0-a3c9f713a729,Punjabi Style Egg Curry Recipe,indian,medium,40,standard,non_veg,Punjabi Egg Curry Recipe,indian|curry|north_indian|main|spicy|savory|non-veg|dairy_free|nut_free|halal,nonveg_tags_without_meat_words
e7259397-2336-4c28-bb93-08fc060683c2,Punjabi Style Egg Curry Recipe,indian,hard,40,standard,non_veg,Punjabi Egg Curry Recipe,indian|curry|north_indian|main|spicy|savory|non-veg|gluten_free|dairy_free|nut_free|halal,nonveg_tags_without_meat_words
f9e05c53-8e9a-49df-b89c-978ab8184692,Quick and Easy Eggless Whole Wheat Chocolate Cupcake Recipe,indian,easy,40,quick,non_veg,and Eggless Whole Wheat Chocolate Cupcake Recipe,indian|main|sweet|sour|savory|non-veg|nut_free|halal,nonveg_tags_without_meat_words
2288e779-28d5-4685-9fda-1b7506560f96,Railway Mutton Curry Recipe,indian,hard,40,standard,non_veg,Railway Mutton Curry Recipe,indian|curry|main|spicy|sour|savory|non-veg|nut_free|halal,nonveg_tags_without_meat_words
d0955be1-0f06-47f0-ba52-8220946e1195,Red Wine Sauce Over Baked Sole Fish Recipe,indian,easy,40,standard,non_veg,Red Wine Sauce Over Baked Sole Fish Recipe,indian|main|spicy|savory|non-veg|nut_free|halal,nonveg_tags_without_meat_words
e275fb86-e847-4d0b-86e0-9ea1eb26c4f2,Sambal Telor with Nasi Uduk Recipe (Indonesian Style Eggs Cooked in Sambal and Lemongrass Coconut Rice),indian,medium,40,standard,non_veg,Sambal Telor with Nasi Uduk Recipe (Indonesian Eggs Cooked in Sambal and Lemongrass Coconut Rice),indian|rice|main|spicy|sweet|sour|savory|non-veg|nut_free|halal,nonveg_tags_without_meat_words
5c4df0e3-7fea-4d9c-9492-5945d5f7eaf8,Savoury Crepes with Za'atar Spiced Chicken Recipe,indian,hard,40,standard,non_veg,Savoury Crepes with Za'atar Spiced Chicken Recipe,indian|main|spicy|sweet|sour|savory|non-veg|nut_free|halal,nonveg_tags_without_meat_words
7ba84dde-01bc-441c-9471-57a16e79fe8f,Shakshuka With Oats Recipe-A High Protein Breakfast,indian,hard,40,standard,vegetarian,Shakshuka With Oats Recipe-A High Protein Breakfast,indian|main|spicy|savory|non-veg|gluten_free|dairy_free|nut_free|halal,nonveg_tags_without_meat_words
06d490f8-e57e-4457-8d01-db63a843be8d,Shimla Mirchi Panchamrut Recipe | Konkani Capsicum Cashew Peanut Sabzi,indian,hard,40,standard,vegetarian,Shimla Mirchi Panchamrut Recipe | Konkani Capsicum Cashew Peanut Sabzi,indian|main|spicy|sweet|sour|savory|non-veg|gluten_free|dairy_free,nonveg_tags_without_meat_words
0062348f-51a9-4e57-9390-9786c7e7d0c7,Shorshe Maach Recipe - Bengali Style Mustard Fish Curry,indian,easy,40,standard,non_veg,Shorshe Maach Recipe - Bengali Mustard Fish Curry,indian|curry|bengali|main|spicy|sour|savory|non-veg|gluten_free|dairy_free|nut_free|halal,nonveg_tags_without_meat_words
fd3f6590-8478-4fb3-a246-a418db75532d,Shredded Chicken Tostadas Recipe,indian,hard,40,standard,non_veg,Shredded Chicken Tostadas Recipe,indian|main|spicy|sour|savory|non-veg|gluten_free|dairy_free|nut_free|halal,nonveg_tags_without_meat_words
9b8485d6-c6e7-4fca-85cc-753ce4c9ad39,Sichuan Dan-Dan Noodles Recipe (Sesame Noodles With Crispy Tofu Recipe),indian,medium,40,standard,vegetarian,Sichuan Dan-Dan Noodles Recipe (Sesame Noodles With Crispy Tofu Recipe),indian|main|spicy|sour|savory|non-veg|halal,nonveg_tags_without_meat_words
1998d819-b52e-4703-866d-ebc7f97c725f,Simple & Easy Chicken Cutlet Recipe - High Protein Dish,indian,medium,40,easy,non_veg,Simple & Chicken Cutlet Recipe - High Protein Dish,indian|snack|spicy|savory|non-veg|dairy_free|nut_free|halal,nonveg_tags_without_meat_words
9639998e-5ec6-4bc7-bfb2-7f892e36389e,Skillet Potato And Eggs Recipe,indian,easy,40,standard,non_veg,Skillet Potato And Eggs Recipe,indian|main|spicy|sweet|savory|non-veg|gluten_free|nut_free|halal,nonveg_tags_without_meat_words
1594bab1-7e18-48b7-b2b8-891883b6c4b3,Soto Ayam Recipe - Indonesian Chicken Noodle Meal bowl,indian,hard,40,standard,non_veg,Soto Ayam Recipe - Indonesian Chicken Noodle Meal bowl,indian|main|spicy|sour|savory|non-veg|nut_free|halal,nonveg_tags_without_meat_words
1818b96d-93dc-47c1-9748-7afedf2e2f59,South Indian Style Fish Curry Recipe,indian,medium,40,standard,non_veg,South Indian Fish Curry Recipe,indian|curry|south_indian|main|spicy|savory|non-veg|gluten_free|dairy_free|nut_free|halal,nonveg_tags_without_meat_words
09882210-934d-4ae7-84bd-05d43f476705,Spanish Omelette Recipe (Tortilla Espanola),indian,easy,40,standard,vegetarian,Spanish Omelette Recipe (Tortilla Espanola),indian|main|spicy|savory|non-veg|gluten_free|dairy_free|nut_free|halal,nonveg_tags_without_meat_words
6ec7cadc-b32a-4796-beb1-1761d60b6816,Spicy Lemon Chilli Paneer Tart With Curry Leaves Recipe,indian,medium,40,standard,vegetarian,Spicy Lemon Chilli Paneer Tart With Curry Leaves Recipe,indian|curry|main|spicy|sweet|sour|savory|non-veg|nut_free|halal,nonveg_tags_without_meat_words
d149fa95-e30c-40df-b41a-29200aefc8d9,Spicy Moroccan Eggs Recipe,indian,medium,40,standard,non_veg,Spicy Moroccan Eggs Recipe,indian|main|spicy|savory|non-veg|gluten_free|dairy_free|nut_free|halal,nonveg_tags_without_meat_words
87dc3b66-0c64-485e-97bd-ea7b440cd3b3,Sri Lankan Style Fried Egg Curry Recipe,indian,hard,40,standard,non_veg,Sri Lankan Fried Egg Curry Recipe,indian|curry|main|spicy|savory|non-veg|gluten_free|nut_free|halal,nonveg_tags_without_meat_words
ef556ea5-db3e-43a0-854c-a82c13e8de45,Steamed Chicken With Salad Recipe,indian,easy,40,standard,non_veg,Steamed Chicken With Salad Recipe,indian|main|spicy|savory|non-veg|dairy_free|nut_free|halal,nonveg_tags_without_meat_words
44024d93-9418-4b45-8f9b-aaa793cdd811,Stuffed Chicken Pockets Recipe With Mint Mayo Recipe,indian,medium,40,standard,non_veg,Stuffed Chicken Pockets Recipe With Mint Mayo Recipe,indian|main|spicy|sour|savory|non-veg|nut_free|halal,nonveg_tags_without_meat_words
ba3b2ec5-aed0-46b0-a479-9caec8618bcd,Sweet Chili & Orange Chicken Recipe,indian,easy,40,standard,non_veg,Sweet Chili & Orange Chicken Recipe,indian|dessert|spicy|sweet|savory|non-veg|dairy_free|nut_free|halal,nonveg_tags_without_meat_words
2aca1f8b-1925-48bf-bacf-6321fea6807f,Sweet Potato Avocado Brownie Bites Recipe,indian,easy,40,standard,vegetarian,Sweet Potato Avocado Brownie Bites Recipe,indian|dessert|sweet|savory|non-veg|dairy_free|halal,nonveg_tags_without_meat_words
b3a09655-ffc9-4406-b9c6-1d14380817b4,Tempura Chicken Wings With Barbecue Sauce Recipe,indian,easy,40,standard,non_veg,Tempura Chicken Wings With Barbecue Sauce Recipe,indian|main|spicy|sour|savory|non-veg|dairy_free|nut_free|halal,nonveg_tags_without_meat_words
e573fab4-56bd-4cbc-ab1b-eb2582936e3f,Thai Basil Chicken Recipe-Pad Krapow Gai,indian,hard,40,standard,non_veg,Thai Basil Chicken Recipe-Pad Krapow Gai,indian|main|spicy|savory|non-veg|dairy_free|nut_free|halal,nonveg_tags_without_meat_words
d47feb2a-2494-49b2-8ac5-e1b36a87e415,Thai Green Curry with Chicken & Red Rice Recipe,indian,hard,40,standard,non_veg,Thai Green Curry with Chicken & Red Rice Recipe,indian|rice|main|spicy|sweet|sour|savory|non-veg|nut_free|halal,nonveg_tags_without_meat_words
abae232f-5579-4cb1-8c53-14214dd1f3be,Thai Style Paneer Toast Recipe,indian,easy,40,standard,vegetarian,Thai Paneer Toast Recipe,indian|main|spicy|savory|non-veg|nut_free|halal,nonveg_tags_without_meat_words
00346b46-b07a-4ead-8d67-421d73ae7254,Thai Yellow Chicken Curry Recipe,indian,medium,40,standard,non_veg,Thai Yellow Chicken Curry Recipe,indian|curry|main|spicy|sweet|sour|savory|non-veg|gluten_free|nut_free|halal,nonveg_tags_without_meat_words
5709a65a-6f4b-458f-a376-8719b31434d5,The Croque Madame Sandwich Recipe,indian,easy,40,standard,vegetarian,The Croque Madame Sandwich Recipe,indian|main|spicy|savory|non-veg|nut_free|halal,nonveg_tags_without_meat_words
f26c446f-a01f-4460-b1d6-bb268751fa2e,Tomato Basil Risotto Recipe With Grilled Chicken,indian,hard,40,standard,non_veg,Tomato Basil Risotto Recipe With Grilled Chicken,indian|main|spicy|sour|savory|non-veg|gluten_free|nut_free|halal,nonveg_tags_without_meat_words
65e48187-870c-49d6-b269-39e43851a8b2,Udupi Style Thondekayi And Badnekayi Sambar Recipe - Ivy Gourd & Brinjal Sambar,indian,medium,40,standard,vegetarian,Udupi Thondekayi And Badnekayi Sambar Recipe - Ivy Gourd & Brinjal Sambar,indian|main|spicy|sweet|sour|savory|non-veg|gluten_free|dairy_free|nut_free|halal,nonveg_tags_without_meat_words
68760b7d-9ecb-4f97-aa1d-8232f43ae4fd,Varutharacha Mutta Curry Recipe,indian,hard,40,standard,vegetarian,Varutharacha Mutta Curry Recipe,indian|curry|south_indian|main|spicy|savory|non-veg|gluten_free|dairy_free|nut_free|halal,nonveg_tags_without_meat_words
c52bf73f-96db-4d3c-a845-924fdd717e35,Vegan Baingan Makhani Recipe (Eggplant In Rich Coconut Gravy),indian,medium,40,standard,non_veg,Vegan Baingan Makhani Recipe (Eggplant In Rich Coconut Gravy),indian|curry|main|spicy|savory|non-veg|dairy_free|nut_free|halal,nonveg_tags_without_meat_words
c65bf55b-0f0b-4bc2-89ac-9cd068a6566d,Veggie Rava Idli Recipe- Healthy Breakfast Idli,indian,hard,40,standard,non_veg,Veggie Rava Idli Recipe- Healthy Breakfast Idli,indian|main|south_indian|spicy|sweet|sour|savory|non-veg|nut_free|halal,nonveg_tags_without_meat_words
a3ff17f2-3c51-46d8-b8c2-772347dacff0,Vietnamese Lemongrass Shrimp Skewers Recipe,indian,medium,40,standard,vegetarian,Vietnamese Lemongrass Shrimp Skewers Recipe,indian|main|spicy|sour|savory|non-veg|dairy_free|nut_free|halal,nonveg_tags_without_meat_words
ad4619f1-529a-4d0f-807b-e53ad2019235,Vietnamese Rice Paper Rolls Recipe,indian,medium,40,standard,vegetarian,Vietnamese Rice Paper Rolls Recipe,indian|rice|main|spicy|sweet|sour|savory|non-veg|dairy_free|nut_free|halal,nonveg_tags_without_meat_words
633cdab4-b03f-4ab2-909a-c378343478e4,Whole Wheat Buttermilk Vanilla Waffles Recipe,indian,easy,40,standard,vegetarian,Whole Wheat Buttermilk Vanilla Waffles Recipe,indian|main|sweet|sour|savory|non-veg|nut_free|halal,nonveg_tags_without_meat_words
d44c4d3b-d56c-400e-9799-0a1f1f2f2f3c,Whole Wheat Crepes With Roasted Vegetables And White Sauce Recipe,indian,medium,40,standard,vegetarian,Whole Wheat Crepes With Roasted Vegetables And White Sauce Recipe,indian|main|spicy|savory|non-veg|nut_free|halal,nonveg_tags_without_meat_words
cc7f311e-f6e1-467a-93f8-9829c8157d58,Crispy Lavash Recipe | Lebanese Bread (Eggless),indian,easy,42,standard,non_veg,Crispy Lavash Recipe | Lebanese Bread (Eggless),indian|main|spicy|savory|non-veg|dairy_free|nut_free|halal,nonveg_tags_without_meat_words
620c48b4-a3fc-43c2-b42a-e2925245cfcd,Easy Creamy Chicken Curry Recipe,indian,medium,42,easy,non_veg,Creamy Chicken Curry Recipe,indian|curry|north_indian|main|spicy|sour|savory|non-veg|gluten_free|nut_free|halal,nonveg_tags_without_meat_words
344ea16f-013f-46a0-a2fe-544154bc532d,Easy Creamy Chicken Curry Recipe,indian,medium,42,easy,non_veg,Creamy Chicken Curry Recipe,indian|curry|north_indian|main|spicy|sour|savory|non-veg|gluten_free|nut_free|halal,nonveg_tags_without_meat_words
9ba12b13-7c5c-4b2a-ad8f-9bdf8df3d8cc,Ada Pradhaman Recipe With Homemade Ada- Kerala Special Payasam Recipe,indian,medium,45,standard,vegetarian,Ada Pradhaman Recipe With Homemade Ada- Kerala Special Payasam Recipe,indian|main|south_indian|sweet|savory|non-veg,nonveg_tags_without_meat_words
8cece2d0-4c7d-459e-837c-9c87309d9cec,Almond Meal Muffins Recipe (Gluten Free and Grain Free),indian,easy,45,standard,vegetarian,Almond Meal Muffins Recipe (Gluten Free and Grain Free),indian|main|savory|non-veg|gluten_free|halal,nonveg_tags_without_meat_words
d76adba0-be2c-4391-a6ca-1a7e92399f6e,Aloo Konir Dom Recipe (Assamese Egg & Potato Curry),indian,medium,45,standard,non_veg,Aloo Konir Dom Recipe (Assamese Egg & Potato Curry),indian|curry|main|spicy|savory|non-veg|dairy_free|nut_free|halal,nonveg_tags_without_meat_words
d45ea34a-88c5-4e58-864f-f3a8d8751f9e,Amritsari Fish Gravy Recipe,indian,hard,45,standard,non_veg,Amritsari Fish Gravy Recipe,indian|curry|north_indian|main|spicy|sour|savory|non-veg|halal,nonveg_tags_without_meat_words
7f318d5c-3d2a-41be-aaeb-68eb9c75e1e7,Ande Ka Salan Recipe - Tangy Egg Masala in Peanut Gravy,indian,medium,45,standard,non_veg,Ande Ka Salan Recipe - Tangy Egg Masala in Peanut Gravy,indian|curry|north_indian|main|spicy|sour|savory|non-veg|gluten_free|dairy_free|halal,nonveg_tags_without_meat_words
f8f7a4f9-5d48-4052-9d0f-c6c9f58d796a,Apricot Muesli Coffee Slice Recipe,indian,easy,45,standard,vegetarian,Apricot Muesli Coffee Slice Recipe,indian|main|sweet|sour|savory|non-veg|nut_free|halal,nonveg_tags_without_meat_words
7fc7694c-e2ef-4ee1-8729-7f10816c50eb,Asian Black Pepper Basa Fish Recipe,indian,medium,45,standard,non_veg,Asian Black Pepper Basa Fish Recipe,indian|main|spicy|sour|savory|non-veg|dairy_free|nut_free|halal,nonveg_tags_without_meat_words
fb2b4b7a-3dcf-414f-aba5-92cf50dbf585,Asian Shrimp And Veggie Bowl Recipe,indian,hard,45,standard,non_veg,Asian Shrimp And Veggie Bowl Recipe,indian|main|spicy|savory|non-veg|dairy_free|nut_free|halal,nonveg_tags_without_meat_words
f5f5421b-ba33-4760-b3a3-3e111d640c51,Aubergine And Cranberry Beans Dip Recipe,indian,easy,45,standard,vegetarian,Aubergine And Cranberry Beans Dip Recipe,indian|main|sour|savory|non-veg|gluten_free|dairy_free|nut_free|halal,nonveg_tags_without_meat_words
1ab8deac-95af-47c9-8ad2-c5aa95556a34,Aubergine Layered Baked Corn Cheese Quinoa Pasta Recipe,indian,hard,45,standard,vegetarian,Aubergine Layered Baked Corn Cheese Quinoa Pasta Recipe,indian|main|spicy|sweet|savory|non-veg|nut_free|halal,nonveg_tags_without_meat_words
ff2d7b54-7071-4d1b-842e-f70a8b14f9c7,Bengali Style Chicken Rezala Recipe - Chicken Korma Recipe,indian,medium,45,standard,non_veg,Bengali Chicken Rezala Recipe - Chicken Korma Recipe,indian|curry|bengali|main|spicy|sweet|sour|savory|non-veg|halal,nonveg_tags_without_meat_words
21cfa10b-668d-43fd-8b04-6b62321ace87,Bengali Style Pomfret Shorshe Recipe - Pomfret In Mustard Gravy,indian,easy,45,standard,vegetarian,Bengali Pomfret Shorshe Recipe - Pomfret In Mustard Gravy,indian|curry|bengali|main|spicy|savory|non-veg|gluten_free|dairy_free|nut_free|halal,nonveg_tags_without_meat_words
8fbc9d4e-baed-4b24-8424-4e8fae114bb8,Black Forest Cupcake Recipe,indian,hard,45,standard,vegetarian,Black Forest Cupcake Recipe,indian|main|sweet|savory|non-veg|nut_free|halal,nonveg_tags_without_meat_words
ec053815-10a8-42a5-897b-d8aeaa99257a,"Bread Boats Recipe Filled With Spinach, Eggs And Sandwich Spread",indian,easy,45,standard,non_veg,"Bread Boats Recipe Filled With Spinach, Eggs And Sandwich Spread",indian|main|spicy|sweet|savory|non-veg|nut_free|halal,nonveg_tags_without_meat_words
fffac5f2-d4fa-43b4-abe2-f4ce7852e2d2,Butter Chicken Recipe - The Classic Indian Chicken Gravy,indian,easy,45,standard,non_veg,Butter Chicken Recipe - The Classic Indian Chicken Gravy,indian|curry|north_indian|main|spicy|sour|savory|non-veg|gluten_free|nut_free|halal,nonveg_tags_without_meat_words
3b2fe0d8-32ad-4267-ab36-9e12267e7564,Cantonese Chicken With Mushrooms Recipe,indian,hard,45,standard,non_veg,Cantonese Chicken With Mushrooms Recipe,indian|main|spicy|sweet|sour|savory|non-veg|dairy_free|nut_free|halal,nonveg_tags_without_meat_words
0cc1324a-8d90-41d4-9b65-6f137447cf2e,Caramelised Onion Rosemary Chicken Recipe,indian,hard,45,standard,non_veg,Caramelised Onion Rosemary Chicken Recipe,indian|main|spicy|sweet|savory|non-veg|nut_free|halal,nonveg_tags_without_meat_words
9c0ce2d0-f980-4e50-9237-8837c96837f8,Cauliflower Tortilla Recipe,indian,medium,45,standard,vegetarian,Cauliflower Tortilla Recipe,indian|main|spicy|savory|non-veg|gluten_free|dairy_free|nut_free|halal,nonveg_tags_without_meat_words
8b0714c6-6081-43c2-921f-d7da37464294,Chettinad Prawn Curry Recipe,indian,hard,45,standard,non_veg,Chettinad Prawn Curry Recipe,indian|curry|south_indian|main|spicy|sour|savory|non-veg|gluten_free|dairy_free|nut_free|halal,nonveg_tags_without_meat_words
cf53c1d0-60bf-4b76-a79b-dfa225d6201a,Chewy Strawberry Muesli Oats Cookie Recipe,indian,easy,45,standard,vegetarian,Chewy Strawberry Muesli Oats Cookie Recipe,indian|main|sweet|savory|non-veg|nut_free|halal,nonveg_tags_without_meat_words
6065ce08-bb9e-4571-add7-755416b2d501,Chicken And Basil Quiche Recipe,indian,hard,45,standard,non_veg,Chicken And Basil Quiche Recipe,indian|main|spicy|sweet|savory|non-veg|nut_free|halal,nonveg_tags_without_meat_words
472fd474-394c-490e-9968-71b08910033f,Chicken Bánh Mì Recipe - Vietnamese Grilled Chicken Sandwich,indian,medium,45,standard,non_veg,Chicken Bánh Mì Recipe - Vietnamese Grilled Chicken Sandwich,indian|main|spicy|sweet|sour|savory|non-veg|gluten_free|dairy_free|nut_free|halal,nonveg_tags_without_meat_words
7709f252-8b68-4884-a34e-422cec32707b,Chicken In Lemon Butter Sauce Recipe,indian,easy,45,standard,non_veg,Chicken In Lemon Butter Sauce Recipe,indian|main|spicy|sour|savory|non-veg|nut_free|halal,nonveg_tags_without_meat_words
82e8731a-3207-4936-abc9-54ddd9a8e10b,Chicken Meatball Tacos Recipe,indian,hard,45,standard,non_veg,Chicken Meatball Tacos Recipe,indian|main|spicy|savory|non-veg|gluten_free|nut_free|halal,nonveg_tags_without_meat_words
45ec764e-b013-490d-883e-f122a037b408,Chicken Meatballs In A Makhni Gravy Recipe,indian,hard,45,standard,non_veg,Chicken Meatballs In A Makhni Gravy Recipe,indian|curry|north_indian|main|spicy|savory|non-veg|nut_free|halal,nonveg_tags_without_meat_words
649a17a6-c038-4b98-bbfc-b25413460ad1,Chicken Yakisoba Recipe - Japanese Noodles,indian,hard,45,standard,non_veg,Chicken Yakisoba Recipe - Japanese Noodles,indian|main|spicy|sweet|savory|non-veg|dairy_free|nut_free|halal,nonveg_tags_without_meat_words
1b4a6e13-ebe9-4983-8181-87b4ccd04048,Chingiri Paturi Recipe,indian,medium,45,standard,vegetarian,Chingiri Paturi Recipe,indian|main|bengali|spicy|sour|savory|non-veg|gluten_free|dairy_free|nut_free|halal,nonveg_tags_without_meat_words
7cfa5780-ad9e-48fe-aa66-d0f391a01b37,Chocolate Chip Cookies With Coconut Recipe,indian,easy,45,standard,vegetarian,Chocolate Chip Cookies With Coconut Recipe,indian|main|sweet|savory|non-veg|nut_free|halal,nonveg_tags_without_meat_words
2b4a6c71-ff3b-4c24-a991-c892402ab96c,Chocolate Chip Scone Recipe,indian,medium,45,standard,vegetarian,Chocolate Chip Scone Recipe,indian|main|sweet|savory|non-veg|halal,nonveg_tags_without_meat_words
c20569e0-c64f-4de8-b76f-50c15e9bdfcc,Coorgi Style Chicken Curry Recipe,indian,hard,45,standard,non_veg,Coorgi Chicken Curry Recipe,indian|curry|main|spicy|sweet|savory|non-veg|gluten_free|dairy_free|nut_free,nonveg_tags_without_meat_words
c29ff0fa-d3fa-40f4-b4d3-4211f3ad0dab,Coriander Garlic Baked Chicken Recipe,indian,easy,45,standard,non_veg,Coriander Garlic Baked Chicken Recipe,indian|main|spicy|savory|non-veg|gluten_free|dairy_free|nut_free|halal,nonveg_tags_without_meat_words
d1588de2-843f-4993-a7ac-d6c6d54341fa,Creamy Potato Egg Salad Recipe with Herbs,indian,medium,45,standard,non_veg,Creamy Potato Egg Salad Recipe with Herbs,indian|main|spicy|sour|savory|non-veg|gluten_free|nut_free|halal,nonveg_tags_without_meat_words
7d5674f6-f7b5-4305-9fe1-883d1d6d7a01,Creme Caramel Flan Recipe (Caramel Custard),indian,medium,45,standard,vegetarian,Creme Caramel Flan Recipe (Caramel Custard),indian|main|sweet|savory|non-veg|gluten_free|nut_free|halal,nonveg_tags_without_meat_words
f10b4169-ee30-48f8-93df-a9c0264172e4,Crunchy Fish Tacos - Perfect Mexican Appetizer,indian,hard,45,standard,non_veg,Crunchy Fish Tacos - Perfect Mexican Appetizer,indian|main|spicy|savory|non-veg|nut_free|halal,nonveg_tags_without_meat_words
193108c9-1bc0-4d67-81df-a48a429a97bc,Delicious Breakfast Anda Ghotala Recipe With Butter Pav,indian,hard,45,standard,vegetarian,Delicious Breakfast Anda Ghotala Recipe With Butter Pav,indian|main|north_indian|spicy|savory|non-veg|gluten_free|nut_free|halal,nonveg_tags_without_meat_words
0114ab71-835a-4a53-90d1-06e8310ee57a,Delicious Skillet Plum Cake Recipe,indian,medium,45,standard,vegetarian,Delicious Skillet Plum Cake Recipe,indian|main|sweet|savory|non-veg|halal,nonveg_tags_without_meat_words
1c3f4ad2-92e8-42eb-99e9-e164412ed535,Dhania Murgh Makhani Recipe,indian,medium,45,standard,vegetarian,Dhania Murgh Makhani Recipe,indian|main|north_indian|spicy|sour|savory|non-veg|gluten_free|nut_free|halal,nonveg_tags_without_meat_words
75653cfe-7198-4b01-ae34-ce7299419406,Egg Pakora Recipe - Egg Fritters,indian,easy,45,standard,non_veg,Egg Pakora Recipe - Egg Fritters,indian|snack|spicy|savory|non-veg|dairy_free|nut_free|halal,nonveg_tags_without_meat_words
23133aa3-c272-41ce-a120-dfe9cc10a7c8,Eggless Baked Chocolate Chip Coins Recipe,indian,medium,45,standard,non_veg,Eggless Baked Chocolate Chip Coins Recipe,indian|main|sweet|savory|non-veg|nut_free|halal,nonveg_tags_without_meat_words
c2002837-8ee0-4bc2-8035-b87f5f13dc5e,Eggless Chocolate Chip And Honey Cookies Recipe,indian,easy,45,standard,non_veg,Eggless Chocolate Chip And Honey Cookies Recipe,indian|main|sweet|savory|non-veg|nut_free|halal,nonveg_tags_without_meat_words
90605f2b-9407-47b9-b6d5-6518a4885c40,Eggless Christmas Tree Chocolate Cookies Recipe,indian,medium,45,standard,non_veg,Eggless Christmas Tree Chocolate Cookies Recipe,indian|main|sweet|savory|non-veg|nut_free|halal,nonveg_tags_without_meat_words
5ca828b2-a394-4732-bf3f-9fff59531bcb,Eggless Marble Cake Recipe,indian,medium,45,standard,non_veg,Eggless Marble Cake Recipe,indian|main|sweet|savory|non-veg|nut_free|halal,nonveg_tags_without_meat_words
0efedada-3845-4902-b8bd-8bedf45b863b,Eggless Orange and Apple Ice Cream Recipe,indian,easy,45,standard,non_veg,Eggless Orange and Apple Ice Cream Recipe,indian|main|sweet|savory|non-veg|gluten_free|nut_free|halal,nonveg_tags_without_meat_words
03cad144-8076-4190-82e6-57d77615af5a,Eggless Paan Cheesecake Recipe,indian,easy,45,standard,non_veg,Eggless Paan Cheesecake Recipe,indian|main|sweet|sour|savory|non-veg|gluten_free|nut_free|halal,nonveg_tags_without_meat_words
110b6191-0f9b-424b-a3c3-2abcf1a0438b,Eggless Paneer Mc Puff Recipe -Mc Donald's Style,indian,medium,45,standard,non_veg,Eggless Paneer Mc Puff Recipe -Mc Donald's,indian|main|spicy|sweet|savory|non-veg|nut_free|halal,nonveg_tags_without_meat_words
dff21c6e-b54c-40ca-9c28-c53cbb4f77d3,Eggless Saffron Laced Almond Cookies Recipe,indian,easy,45,standard,non_veg,Eggless Saffron Laced Almond Cookies Recipe,indian|main|sweet|savory|non-veg|halal,nonveg_tags_without_meat_words
ac4481b7-8af3-41ce-961e-7cb4adcdfc8d,Eggless Whole wheat And Orange Almond Cake Recipe,indian,medium,45,standard,non_veg,Eggless Whole wheat And Orange Almond Cake Recipe,indian|main|sweet|savory|non-veg|halal,nonveg_tags_without_meat_words
e7796e3e-f905-484b-9e3a-b59f84531d8f,Eggplant In Mustard Poppy Seed Yogurt Gravy Recipe-Begun Doi Sorse Posto bata Jhol,indian,medium,45,standard,non_veg,Eggplant In Mustard Poppy Seed Yogurt Gravy Recipe-Begun Doi Sorse Posto bata Jhol,indian|curry|bengali|main|spicy|sour|savory|non-veg|gluten_free|nut_free|halal,nonveg_tags_without_meat_words
d21fa222-a049-4dbc-8d05-446c56026d70,Fish Jaismandi Recipe - Rajasthani Steel Fish in Creamy Gravy,indian,hard,45,standard,non_veg,Fish Jaismandi Recipe - Rajasthani Steel Fish in Creamy Gravy,indian|curry|main|spicy|sour|savory|non-veg|nut_free|halal,nonveg_tags_without_meat_words
41c69dfb-8224-4d40-b0b3-2bd9b1baf87f,Giant Skillet Cookie Recipe,indian,medium,45,standard,vegetarian,Giant Skillet Cookie Recipe,indian|main|sweet|savory|non-veg|nut_free|halal,nonveg_tags_without_meat_words
ac8aba8b-51d1-4079-a329-96eed9e5eb66,Goan Egg Drop Curry (Recipe In Hindi),indian,medium,45,standard,non_veg,Goan Egg Drop Curry (Recipe In Hindi),indian|curry|main|spicy|sour|savory|non-veg|gluten_free|dairy_free|nut_free|halal,nonveg_tags_without_meat_words
ecee7b28-0114-4f9e-aa0f-50fbd5454455,Goan Egg Drop Curry Recipe,indian,medium,45,standard,non_veg,Goan Egg Drop Curry Recipe,indian|curry|main|spicy|sour|savory|non-veg|gluten_free|dairy_free|nut_free|halal,nonveg_tags_without_meat_words
5434fe44-e5eb-457b-a5d5-55716f0e0536,Gongura Chicken Curry Recipe,indian,hard,45,standard,non_veg,Gongura Chicken Curry Recipe,indian|curry|south_indian|main|spicy|savory|non-veg|gluten_free|dairy_free|nut_free|halal,nonveg_tags_without_meat_words
9378428d-960e-4472-8756-c72fa2d06d0c,Gongura Chicken Curry Recipe - Andhra Style Gongura Chicken,indian,medium,45,standard,non_veg,Gongura Chicken Curry Recipe - Andhra Gongura Chicken,indian|curry|south_indian|main|spicy|savory|non-veg|gluten_free|dairy_free|nut_free|halal,nonveg_tags_without_meat_words
e038628d-1cf9-43d6-8704-09ffc88bba96,Grilled Eggplant With Tahini and Yogurt Dip Recipe,indian,medium,45,standard,non_veg,Grilled Eggplant With Tahini and Yogurt Dip Recipe,indian|main|spicy|sour|savory|non-veg|gluten_free|nut_free|halal,nonveg_tags_without_meat_words
85305fa4-a8b4-46a3-98ea-4c4460f57559,Herbed Dinner Rolls Recipe,indian,easy,45,standard,vegetarian,Herbed Dinner Rolls Recipe,indian|main|sweet|savory|non-veg|nut_free|halal,nonveg_tags_without_meat_words
ab1e0910-5c18-4507-9b78-4ee63df01d09,Himachali Pahari Mutton Recipe,indian,medium,45,standard,non_veg,Himachali Pahari Mutton Recipe,indian|main|spicy|sour|savory|non-veg|nut_free|halal,nonveg_tags_without_meat_words
e1cb5cb5-43f5-4f7c-8b92-d2227d960445,Homemade Ice-Cream Cake Recipe,indian,hard,45,standard,vegetarian,Homemade Ice-Cream Cake Recipe,indian|main|sweet|savory|non-veg|nut_free|halal,nonveg_tags_without_meat_words
1fb899e8-bc25-4389-97ec-3abeafaf50a1,Hot chicken recipe,indian,hard,45,standard,non_veg,Hot chicken recipe,indian|main|spicy|sour|savory|non-veg|gluten_free|nut_free|halal,nonveg_tags_without_meat_words
d7f451e8-e01c-4efd-8880-8a1840416692,Indo Mexican Roasted Vegetable Taco Recipe With Creamy Mayo,indian,hard,45,standard,vegetarian,Indo Mexican Roasted Vegetable Taco Recipe With Creamy Mayo,indian|main|spicy|sweet|savory|non-veg|gluten_free|nut_free|halal,nonveg_tags_without_meat_words
9771372b-14c8-4bba-b4f8-d0693f86d110,Kadai Chicken Recipe - Chicken Cooked With Onion And Capsicum,indian,medium,45,standard,non_veg,Kadai Chicken Recipe - Chicken Cooked With Onion And Capsicum,indian|main|north_indian|spicy|savory|non-veg|gluten_free|dairy_free|nut_free|halal,nonveg_tags_without_meat_words
2870e53c-e04b-4907-a544-e490f815de05,Kashmiri Style Chaman Recipe-Qaliya Cottage Cheese Curry,indian,medium,45,standard,vegetarian,Kashmiri Chaman Recipe-Qaliya Cottage Cheese Curry,indian|curry|north_indian|main|savory|non-veg|nut_free,nonveg_tags_without_meat_words
34cc6538-be2d-4c64-ad38-f8494353ebc0,Kashmiri Style Chokh Vangun Recipe - Baingan Masala,indian,medium,45,standard,vegetarian,Kashmiri Chokh Vangun Recipe - Baingan Masala,indian|curry|north_indian|main|spicy|sour|savory|non-veg|gluten_free|dairy_free|nut_free|halal,nonveg_tags_without_meat_words
ea275ea6-73a4-4602-a98f-22f106478162,Kasuri Methi Mach Recipe - Dry Fenugreek Flavoured Fish Curry,indian,medium,45,standard,non_veg,Kasuri Methi Mach Recipe - Dry Fenugreek Flavoured Fish Curry,indian|curry|bengali|main|spicy|sweet|sour|savory|non-veg|gluten_free|nut_free|halal,nonveg_tags_without_meat_words
47096410-8b0f-43fa-8cb6-7348c5ed2903,Kathirikai UrulaiKizhanghu Pachidi Recipe (Brinjals And Potatoes With Moong Dal),indian,hard,45,standard,vegetarian,Kathirikai UrulaiKizhanghu Pachidi Recipe (Brinjals And Potatoes With Moong Dal),indian|main|south_indian|spicy|savory|non-veg|gluten_free|dairy_free|nut_free|halal,nonveg_tags_without_meat_words
09008254-5e7a-4e00-a8ba-c6e19de1f60c,Keema Bhindi Masala Recipe - Okra & Minced Meat Curry,indian,hard,45,standard,vegetarian,Keema Bhindi Masala Recipe - Okra & Minced Meat Curry,indian|curry|north_indian|main|spicy|savory|non-veg|gluten_free|dairy_free|nut_free|halal,nonveg_tags_without_meat_words
feee7f00-8b45-48a3-b4bf-9b6af89b6831,Kerala Style Rich Creamy Egg Cashew Curry Recipe,indian,medium,45,standard,non_veg,Kerala Rich Creamy Egg Cashew Curry Recipe,indian|curry|south_indian|main|spicy|savory|non-veg|gluten_free|halal,nonveg_tags_without_meat_words
854037aa-5089-4fea-8fac-3a5267c27a69,Kerala Style Varutharacha Mutton Curry Recipe,indian,hard,45,standard,non_veg,Kerala Varutharacha Mutton Curry Recipe,indian|curry|south_indian|main|spicy|savory|non-veg|gluten_free|dairy_free|nut_free|halal,nonveg_tags_without_meat_words
4dd5e2e9-836a-4feb-9dac-8286e0d3bc3e,Khaman Dhokla Poha Recipe,indian,easy,45,standard,vegetarian,Khaman Dhokla Poha Recipe,indian|main|north_indian|spicy|savory|non-veg|gluten_free|dairy_free|nut_free,nonveg_tags_without_meat_words
43c923ec-596e-44da-b826-db84820e4baa,Kongunadu Chicken Curry Recipe,indian,medium,45,standard,non_veg,Kongunadu Chicken Curry Recipe,indian|curry|south_indian|main|spicy|sour|savory|non-veg|gluten_free|dairy_free|nut_free|halal,nonveg_tags_without_meat_words
b047b04c-20be-4540-8ddb-3ffcb62f2713,Kothamalli Karuveppilai Sadam Recipe - Coriander And Curry Leaves Rice,indian,hard,45,standard,vegetarian,Kothamalli Karuveppilai Sadam Recipe - Coriander And Curry Leaves Rice,indian|rice|south_indian|main|savory|non-veg|gluten_free,nonveg_tags_without_meat_words
77ebdab7-b4bc-4cb9-9366-e6c8bd97bd57,Kothamalli Kozhukattai (Coriander Rice) Recipe,indian,medium,45,standard,vegetarian,Kothamalli Kozhukattai (Coriander Rice) Recipe,indian|rice|south_indian|main|spicy|savory|non-veg|dairy_free|nut_free,nonveg_tags_without_meat_words
cee769a5-6240-41a3-be48-221d75c46854,Kung Pao Chicken With Vegetable Fried Rice Recipe,indian,medium,45,standard,non_veg,Kung Pao Chicken With Vegetable Fried Rice Recipe,indian|rice|main|spicy|sour|savory|non-veg|gluten_free|dairy_free|halal,nonveg_tags_without_meat_words
e963eeb3-0b41-4b5f-b75e-765dfa67c282,Lugai Gosht Recipe - Mutton In Spicy Tomato Onion Gravy,indian,medium,45,standard,non_veg,Lugai Gosht Recipe - Mutton In Spicy Tomato Onion Gravy,indian|curry|north_indian|main|spicy|savory|non-veg|gluten_free|nut_free|halal,nonveg_tags_without_meat_words
c3c4d8c0-4ad0-4f0b-93f8-db1a84bab48e,Marghi Na Farcha Recipe - Parsi Crispy Fried Chicken,indian,medium,45,standard,non_veg,Marghi Na Farcha Recipe - Parsi Crispy Fried Chicken,indian|main|spicy|savory|non-veg|dairy_free|nut_free|halal,nonveg_tags_without_meat_words
6cc1d5a2-1ee3-47d4-938a-18af4afe1320,Masoor Dal With Scrambled Eggs Recipe - Lentil Curry With Eggs,indian,hard,45,standard,non_veg,Masoor Dal With Scrambled Eggs Recipe - Lentil Curry With Eggs,indian|curry|north_indian|main|spicy|savory|non-veg|gluten_free|nut_free|halal,nonveg_tags_without_meat_words
11217c97-81c4-44aa-8d0e-7bfa31a405f3,Mediterranean Inspired Spicy Grilled Chicken Recipe,indian,easy,45,standard,non_veg,Mediterranean Inspired Spicy Grilled Chicken Recipe,indian|main|spicy|sour|savory|non-veg|gluten_free|dairy_free|nut_free|halal,nonveg_tags_without_meat_words
4b2ea4cb-9ef8-4745-b52f-08a1dc7664f6,Mediterranean Pumpkin Kibbeh Recipe,indian,hard,45,standard,vegetarian,Mediterranean Pumpkin Kibbeh Recipe,indian|main|spicy|sour|savory|non-veg|nut_free|halal,nonveg_tags_without_meat_words
7846acb5-55ad-4451-9666-5725371d0e30,Mini Key Lime Pie Recipe (No Bake And Eggless),indian,easy,45,standard,non_veg,Mini Key Lime Pie Recipe (No Bake And Eggless),indian|main|sweet|sour|savory|non-veg|gluten_free|nut_free|halal,nonveg_tags_without_meat_words
ff0b8adb-60b3-4033-b0e8-0f092de8f0b7,Mixed Vegetable Noodle Cutlet Recipe,indian,easy,45,standard,vegetarian,Mixed Vegetable Noodle Cutlet Recipe,indian|snack|north_indian|spicy|savory|non-veg|nut_free|halal,nonveg_tags_without_meat_words
8c626b2d-5158-46e0-b490-e0ba1c72b189,Moroccan Chicken Burgers With Feta And Carrot Recipe,indian,hard,45,standard,non_veg,Moroccan Chicken Burgers With Feta And Carrot Recipe,indian|main|spicy|sour|savory|non-veg|nut_free|halal,nonveg_tags_without_meat_words
57dee7ef-ff22-4265-b832-0fd98944f4e2,Muesli Oats Cupcake Filled with Yogurt and Strawberries Recipe,indian,easy,45,standard,vegetarian,Muesli Oats Cupcake Filled with Yogurt and Strawberries Recipe,indian|main|sour|savory|non-veg|nut_free|halal,nonveg_tags_without_meat_words
40fbdd1e-6d25-4d65-bd06-9944cf95ca66,Muttai Parotta Recipe ( Ande Ka Paratha / Egg Filled Flat Bread),indian,medium,45,standard,non_veg,Muttai Parotta Recipe ( Ande Ka Paratha / Egg Filled Flat Bread),indian|bread|south_indian|main|spicy|savory|non-veg|dairy_free|nut_free|halal,nonveg_tags_without_meat_words
4d815d0b-ee22-481b-9b41-08fb0a365d10,Nadan Meen Kari Recipe (Kerala Style Fish Curry),indian,hard,45,standard,non_veg,Nadan Meen Kari Recipe (Kerala Fish Curry),indian|curry|south_indian|main|spicy|sour|savory|non-veg|gluten_free|dairy_free|nut_free|halal,nonveg_tags_without_meat_words
7ac7d595-6ae6-44aa-9360-44bc9e5aa777,Nellor Kathirikai - Nellor Brinjal Fry Recipe,indian,medium,45,standard,vegetarian,Nellor Kathirikai - Nellor Brinjal Fry Recipe,indian|main|south_indian|spicy|savory|non-veg|gluten_free|dairy_free|nut_free|halal,nonveg_tags_without_meat_words
141af813-d8ed-430e-9e6b-5c57eddad469,Neymeen Vatti Pattichathu Recipe - Seer Fish In Spicy Masala,indian,medium,45,standard,non_veg,Neymeen Vatti Pattichathu Recipe - Seer Fish In Spicy Masala,indian|curry|south_indian|main|spicy|sour|savory|non-veg|gluten_free|nut_free|halal,nonveg_tags_without_meat_words
978c218b-b87b-4dd3-8344-81d1ee8fa6c8,Orange Lemon Tea Cake Recipe,indian,easy,45,standard,vegetarian,Orange Lemon Tea Cake Recipe,indian|main|sweet|sour|savory|non-veg|nut_free|halal,nonveg_tags_without_meat_words
7c70331f-4511-4210-9370-e777ca4f0445,Pahadi Chicken Curry Recipe,indian,medium,45,standard,non_veg,Pahadi Chicken Curry Recipe,indian|curry|north_indian|main|spicy|sour|savory|non-veg|gluten_free|nut_free|halal,nonveg_tags_without_meat_words
29df657a-104f-4fe2-8e9c-db9668a18298,Paniyaram Muttai Masala Recipe - Spicy Egg Curry Made In Paniyaram Pan,indian,hard,45,standard,non_veg,Paniyaram Muttai Masala Recipe - Spicy Egg Curry Made In Paniyaram Pan,indian|curry|south_indian|main|spicy|sour|savory|non-veg|gluten_free|dairy_free|nut_free|halal,nonveg_tags_without_meat_words
7dc7b125-3206-4a4b-9025-c36227fce5d3,Peach Cobbler Scones Recipe,indian,medium,45,standard,vegetarian,Peach Cobbler Scones Recipe,indian|main|sweet|savory|non-veg|nut_free|halal,nonveg_tags_without_meat_words
ffdd2685-cd0d-47b5-b85c-533dfadaa0bb,Penne Rigate With Minced Chicken Sauce & Cheese Recipe,indian,easy,45,standard,non_veg,Penne Rigate With Minced Chicken Sauce & Cheese Recipe,indian|main|spicy|savory|non-veg|nut_free|halal,nonveg_tags_without_meat_words
dc518f9d-679d-4fea-a950-355baeb11991,Pineapple Chicken Tikka Recipe,indian,medium,45,standard,non_veg,Pineapple Chicken Tikka Recipe,indian|main|north_indian|spicy|sour|savory|non-veg|nut_free|halal,nonveg_tags_without_meat_words
f08c6734-d0a1-40ba-ac41-e6268206d5de,Prawn Balchao Recipe,indian,medium,45,standard,non_veg,Prawn Balchao Recipe,indian|main|spicy|sweet|sour|savory|non-veg|gluten_free|dairy_free|nut_free|halal,nonveg_tags_without_meat_words
c011e621-6500-4aa6-b1cb-20ac919945f5,Prawns Coconut Curry Recipe,indian,medium,45,standard,non_veg,Prawns Coconut Curry Recipe,indian|curry|south_indian|main|spicy|sour|savory|non-veg|gluten_free|nut_free|halal,nonveg_tags_without_meat_words
e3186fe0-a6b2-4ce3-b414-7adc24edadf6,Quinoa Chocolate Cookies Recipe,indian,hard,45,standard,vegetarian,Quinoa Chocolate Cookies Recipe,indian|main|sweet|savory|non-veg|dairy_free|nut_free|halal,nonveg_tags_without_meat_words
4567771e-8d2c-42f7-9ba8-17e147a9507d,Rosemary Chicken Rice Recipe With Spicy Tomato Garlic Sauce,indian,hard,45,standard,non_veg,Rosemary Chicken Rice Recipe With Spicy Tomato Garlic Sauce,indian|rice|main|sweet|savory|non-veg|gluten_free|dairy_free|nut_free|halal,nonveg_tags_without_meat_words
9c9ba809-ea4d-4411-a2dc-950e29fd4985,Shrimp Deviled Eggs Recipe,indian,medium,45,standard,non_veg,Shrimp Deviled Eggs Recipe,indian|main|spicy|savory|non-veg|gluten_free|dairy_free|nut_free|halal,nonveg_tags_without_meat_words
a00b37e4-345b-4f79-bf45-ff3d2ccac910,Sindhi Sai Bhaji Recipe - Sindhi Sai Bhaji Recipe,indian,hard,45,standard,vegetarian,Sindhi Sai Bhaji Recipe - Sindhi Sai Bhaji Recipe,indian|main|spicy|savory|non-veg|gluten_free|nut_free|halal,nonveg_tags_without_meat_words
b7eb44fa-e552-4a11-bf97-85678ea85adf,Slow Oven Roasted Tomatoes With Pasta And Goat Cheese Recipe,indian,medium,45,standard,vegetarian,Slow Oven Roasted Tomatoes With Pasta And Goat Cheese Recipe,indian|main|spicy|sour|savory|non-veg|gluten_free|nut_free|halal,nonveg_tags_without_meat_words
007e1467-c09a-44a7-98e3-434587924399,Smoky Eggplant Soup Recipe,indian,medium,45,standard,non_veg,Smoky Eggplant Soup Recipe,indian|main|spicy|savory|non-veg|gluten_free|dairy_free|halal,nonveg_tags_without_meat_words
f081a063-215e-42ba-b451-730e411344e3,Spaghetti Aglio Olio Pasta Recipe with Bacon,indian,medium,45,standard,vegetarian,Spaghetti Aglio Olio Pasta Recipe with Bacon,indian|main|spicy|savory|non-veg|gluten_free|nut_free,nonveg_tags_without_meat_words
606f0a97-8b1a-4a2f-8744-99191740cc8f,Spiced Chocolate And Beetroot Tea Cake Recipe,indian,easy,45,standard,vegetarian,Spiced Chocolate And Beetroot Tea Cake Recipe,indian|main|sweet|savory|non-veg|dairy_free|nut_free|halal,nonveg_tags_without_meat_words
24d1f6a4-ceff-4a0c-90a3-0875b99d5fe7,Spicy And Delicious Chicken Teriyaki Noodle Recipe,indian,hard,45,standard,non_veg,Spicy And Delicious Chicken Teriyaki Noodle Recipe,indian|main|spicy|savory|non-veg|dairy_free|nut_free|halal,nonveg_tags_without_meat_words
affcfd70-3278-4320-96ea-e344f61d313a,Spicy Haryana Style Egg Curry Recipe,indian,easy,45,standard,non_veg,Spicy Haryana Egg Curry Recipe,indian|curry|main|spicy|savory|non-veg|gluten_free|nut_free|halal,nonveg_tags_without_meat_words
2e845c21-0b1c-480b-a8e3-459e4845a85b,Spicy Indian Style Masala Frittata Recipe,indian,hard,45,standard,vegetarian,Spicy Indian Masala Frittata Recipe,indian|curry|main|spicy|savory|non-veg|gluten_free|nut_free|halal,nonveg_tags_without_meat_words
cc90cfb5-4ed0-41b5-98d1-08d822e637c7,Spicy Pepper Chicken Recipe,indian,hard,45,standard,non_veg,Spicy Pepper Chicken Recipe,indian|main|spicy|savory|non-veg|gluten_free|dairy_free|nut_free|halal,nonveg_tags_without_meat_words
64e7ad5f-45b0-4986-ac18-ca7d8ad0877b,Spicy Sweet Potato Hash Brown Waffles Recipe,indian,easy,45,standard,vegetarian,Spicy Sweet Potato Hash Brown Waffles Recipe,indian|dessert|spicy|sweet|savory|non-veg|gluten_free|nut_free|halal,nonveg_tags_without_meat_words
bf51c135-7674-479d-8da3-d260d5c093d7,Spinach And Soya Sub Sandwich Recipe,indian,hard,45,standard,vegetarian,Spinach And Soya Sub Sandwich Recipe,indian|main|spicy|savory|non-veg|nut_free|halal,nonveg_tags_without_meat_words
8d9968d9-3a0d-4ea7-bb9f-0e1dee20a65d,Spinach And Tomato Quiche Recipe,indian,easy,45,standard,vegetarian,Spinach And Tomato Quiche Recipe,indian|main|savory|non-veg|gluten_free|nut_free|halal,nonveg_tags_without_meat_words
c2e5f78f-d6af-4e48-9c32-0abc1b436dbb,Spinach Buns Recipe (Masala Palak Pav),indian,medium,45,standard,vegetarian,Spinach Buns Recipe (Masala Palak Pav),indian|curry|main|spicy|sweet|savory|non-veg|nut_free|halal,nonveg_tags_without_meat_words
600f5b87-1526-4158-9564-675f0a7c5712,Sprouted Ragi Chicken Cutlet Recipe,indian,medium,45,standard,non_veg,Sprouted Ragi Chicken Cutlet Recipe,indian|snack|spicy|savory|non-veg|gluten_free|dairy_free|nut_free|halal,nonveg_tags_without_meat_words
89c351a2-c1b3-4c57-8503-2a11e7a1df32,Srilankan Prawn Curry Recipe,indian,hard,45,standard,non_veg,Srilankan Prawn Curry Recipe,indian|curry|main|spicy|sour|savory|non-veg|gluten_free|nut_free|halal,nonveg_tags_without_meat_words
beb52e25-ccf4-467d-9103-79271ebe5bfc,Taiwanese Pineapple Cake Recipe - Shortcrust Pastry Cake,indian,medium,45,standard,vegetarian,Taiwanese Pineapple Cake Recipe - Shortcrust Pastry Cake,indian|main|sweet|savory|non-veg|nut_free|halal,nonveg_tags_without_meat_words
fb4494f2-ea0e-405a-b0d3-7f9189583330,Tamil Nadu Style Karamani Murungakkai Kuzhambu Recipe-Black eyed Beans & Drumstick Curry,indian,medium,45,standard,vegetarian,Tamil Nadu Karamani Murungakkai Kuzhambu Recipe-Black eyed Beans & Drumstick Curry,indian|curry|south_indian|main|spicy|savory|non-veg|gluten_free|dairy_free|nut_free,nonveg_tags_without_meat_words
b5d6f0c6-3c95-4a1d-92ec-55b2f6e31aff,Thai Style Mango Chicken Coconut Curry Recipe,indian,hard,45,standard,non_veg,Thai Mango Chicken Coconut Curry Recipe,indian|curry|main|spicy|sour|savory|non-veg|gluten_free|nut_free|halal,nonveg_tags_without_meat_words
f6032709-7995-47f5-a5b3-eb684975031b,Tirunelveli Sodhi Kuzhambu Recipe - Mixed Vegetable Stew,indian,hard,45,standard,vegetarian,Tirunelveli Sodhi Kuzhambu Recipe - Mixed Vegetable Stew,indian|main|south_indian|spicy|sour|savory|non-veg|gluten_free|dairy_free|nut_free,nonveg_tags_without_meat_words
7a7ae17a-e4c1-4422-96fe-cb363f0e18a2,Tomato Basil Chicken Recipe,indian,medium,45,standard,non_veg,Tomato Basil Chicken Recipe,indian|main|spicy|sweet|sour|savory|non-veg|gluten_free|dairy_free|nut_free|halal,nonveg_tags_without_meat_words
859d06ed-3613-45f2-9b04-67db040a56e0,Vankaya Gasagasala Kura | Andhra Style Eggplant Poppy Seeds Curry Recipe,indian,hard,45,standard,non_veg,Vankaya Gasagasala Kura | Andhra Eggplant Poppy Seeds Curry Recipe,indian|curry|south_indian|main|spicy|sweet|sour|savory|non-veg|gluten_free|dairy_free|nut_free|halal,nonveg_tags_without_meat_words
a450f7c7-9651-479a-8930-c31c76896c36,Vegetarian Pad Thai Recipe - Thai style Stir fried Vegetarian Rice Noodle Dish,indian,hard,45,standard,vegetarian,Vegetarian Pad Thai Recipe - Thai Stir fried Vegetarian Rice Noodle Dish,indian|rice|main|spicy|sweet|sour|savory|non-veg|dairy_free|halal,nonveg_tags_without_meat_words
c32134ae-67cc-407b-9650-101708e5f832,Veggie Rava Idli (Recipe In Hindi),indian,hard,45,standard,non_veg,Veggie Rava Idli (Recipe In Hindi),indian|main|south_indian|spicy|sweet|sour|savory|non-veg|nut_free|halal,nonveg_tags_without_meat_words
80c0eed5-7f13-46e4-b7d4-2abb9c65b7c5,Whole Wheat Buttermilk Banana Pancakes Recipes,indian,easy,45,standard,vegetarian,Whole Wheat Buttermilk Banana Pancakes Recipes,indian|main|savory|non-veg|nut_free|halal,nonveg_tags_without_meat_words
f86dda83-160f-49e1-b4f9-af0c89975d5e,Whole Wheat Strawberry Banana Muffins Recipe,indian,easy,45,standard,vegetarian,Whole Wheat Strawberry Banana Muffins Recipe,indian|main|sweet|savory|non-veg|nut_free|halal,nonveg_tags_without_meat_words
a3f4edcb-74d0-4961-932f-518cb89f7274,Kachi Tikya Recipe  - Chicken In Tomato Gravy With Potatoes,indian,hard,46,standard,non_veg,Kachi Tikya Recipe - Chicken In Tomato Gravy With Potatoes,indian|curry|north_indian|main|spicy|savory|non-veg|gluten_free|dairy_free|nut_free|halal,nonveg_tags_without_meat_words
4b454bdb-1463-4cdb-a295-181227c314c0,Oats Carrot Cake Cookies Recipe,indian,easy,48,standard,vegetarian,Oats Carrot Cake Cookies Recipe,indian|main|savory|non-veg|dairy_free|halal,nonveg_tags_without_meat_words
2b25e817-e9aa-45f1-9734-d699718546d3,Orange And Poppy Seeds Muffins Recipe,indian,medium,48,standard,vegetarian,Orange And Poppy Seeds Muffins Recipe,indian|main|sweet|savory|non-veg|nut_free|halal,nonveg_tags_without_meat_words
902a17c5-6ced-4d43-ba02-f15ce0c2d49f,Aloo Methi Masala Recipe - Potato & Fenugreek Leaves Gravy,indian,hard,50,standard,vegetarian,Aloo Methi Masala Recipe - Potato & Fenugreek Leaves Gravy,indian|curry|main|spicy|savory|non-veg|dairy_free|nut_free|halal,nonveg_tags_without_meat_words
95851148-fbc2-43ad-912b-ab806a8d9c88,And fish soup recipe - Bengali fish curry,indian,hard,50,standard,non_veg,And fish soup recipe - Bengali fish curry,indian|curry|bengali|main|spicy|savory|non-veg|dairy_free|nut_free|halal,nonveg_tags_without_meat_words
b4ea366c-5194-469a-b5de-de6f7c6cd7d2,Andhra Style Chicken Fry Recipe,indian,medium,50,standard,non_veg,Andhra Chicken Fry Recipe,indian|main|south_indian|spicy|sour|savory|non-veg|gluten_free|nut_free|halal,nonveg_tags_without_meat_words
1b9d0ed7-50de-4747-b9dd-472251659ac3,Arbi Gosht Masala Recipe - Mutton Arbi Curry In Electric Pressure Cooker,indian,medium,50,standard,non_veg,Arbi Gosht Masala Recipe - Mutton Arbi Curry In Electric Pressure Cooker,indian|curry|north_indian|main|spicy|savory|non-veg|gluten_free|dairy_free|nut_free|halal,nonveg_tags_without_meat_words
93cb4ba9-c30a-4799-a17f-479bbd8ae927,Avocado Ada Pradhaman Recipe (With Vegan Option),indian,easy,50,standard,vegetarian,Avocado Ada Pradhaman Recipe (With Vegan Option),indian|main|south_indian|sweet|savory|non-veg|gluten_free,nonveg_tags_without_meat_words
5611fc23-3544-416b-a2ab-ae3191deeb15,Awadhi Style Nargisi Kofta Recipe (Boiled Egg Wrapped With Spiced Potato Recipe),indian,easy,50,standard,non_veg,Awadhi Nargisi Kofta Recipe (Boiled Egg Wrapped With Spiced Potato Recipe),indian|main|north_indian|spicy|savory|non-veg|dairy_free|nut_free|halal,nonveg_tags_without_meat_words
a77bf551-8159-4c06-ae4d-64a95679a3f3,Baingan Musallam Recipe (Mughlai Style Eggplant Simmered In Rich Tomato Curry),indian,medium,50,standard,non_veg,Baingan Musallam Recipe (Mughlai Eggplant Simmered In Rich Tomato Curry),indian|curry|north_indian|main|spicy|savory|non-veg|dairy_free|nut_free|halal,nonveg_tags_without_meat_words
3eef22cb-7416-4059-948a-bd69592329f1,Barley Whole Wheat Coffee Marble Cake Recipe,indian,medium,50,standard,vegetarian,Barley Whole Wheat Coffee Marble Cake Recipe,indian|main|sweet|savory|non-veg|nut_free|halal,nonveg_tags_without_meat_words
908afa33-7e5c-4c6d-928b-d43c67a51b2d,Beer Batter Prawns Recipe,indian,medium,50,standard,non_veg,Beer Batter Prawns Recipe,indian|main|spicy|savory|non-veg|dairy_free|nut_free|halal,nonveg_tags_without_meat_words
0487b41a-80d3-41a9-be09-85c90cda48a3,Beet Baba Ganoush Dip Recipe,indian,medium,50,standard,vegetarian,Beet Baba Ganoush Dip Recipe,indian|main|sour|savory|non-veg|gluten_free|dairy_free|nut_free|halal,nonveg_tags_without_meat_words
c27c1514-e4b7-4cbe-96cd-e558c8fb8463,Beetroot Chicken Cutlets Recipe,indian,medium,50,standard,non_veg,Beetroot Chicken Cutlets Recipe,indian|snack|spicy|savory|non-veg|dairy_free|nut_free|halal,nonveg_tags_without_meat_words
07640e02-5e6f-4d42-b089-bee18d335a1c,Beetroot Cupcakes Recipe With Oreo Frosting,indian,medium,50,standard,vegetarian,Beetroot Cupcakes Recipe With Oreo Frosting,indian|main|sweet|sour|savory|non-veg|nut_free|halal,nonveg_tags_without_meat_words
4e74069b-311c-4f8b-863b-0e5030c52710,Bengali Style Chori Recipe-Mixed Vegetable Sabzi,indian,medium,50,standard,vegetarian,Bengali Chori Recipe-Mixed Vegetable Sabzi,indian|main|bengali|spicy|sweet|savory|non-veg|gluten_free|dairy_free|nut_free|halal,nonveg_tags_without_meat_words
99f1187f-304a-4a4c-93f4-8026979b8f32,Bengali Style Mixed Vegetable (Recipe In Hindi),indian,hard,50,standard,vegetarian,Bengali Mixed Vegetable (Recipe In Hindi),indian|main|bengali|sweet|savory|non-veg|gluten_free|dairy_free|nut_free|halal,nonveg_tags_without_meat_words
7e356375-d474-481e-9c77-94d574bb6ef4,Bonda Mor Kuzhambu Recipe,indian,medium,50,standard,vegetarian,Bonda Mor Kuzhambu Recipe,indian|main|south_indian|spicy|sour|savory|non-veg|gluten_free|nut_free,nonveg_tags_without_meat_words
f937b4c9-99a9-47f5-a942-10a611a8bb8b,Brinjal Methi Bharta Recipe With Pomagrams,indian,hard,50,standard,vegetarian,Brinjal Methi Bharta Recipe With Pomagrams,indian|main|north_indian|spicy|savory|non-veg|gluten_free|nut_free|halal,nonveg_tags_without_meat_words
8483951f-6071-496f-a349-7d4363f86326,Brinjal Tomato Vegetable - Brinjal / Eggplant Masala Recipe,indian,medium,50,standard,non_veg,Brinjal Tomato Vegetable - Brinjal / Eggplant Masala Recipe,indian|curry|main|spicy|savory|non-veg|gluten_free|nut_free|halal,nonveg_tags_without_meat_words
fe1fe148-3f58-4278-9434-ae8408665d6d,Buckwheat Crepes Stuffed With Spinach And Eggs Recipe,indian,medium,50,standard,non_veg,Buckwheat Crepes Stuffed With Spinach And Eggs Recipe,indian|main|spicy|savory|non-veg|nut_free|halal,nonveg_tags_without_meat_words
df3dc1d0-fa15-4de1-8d28-25cc9a0a5727,Carrot Cake Parfait With Custard And Strawberries Recipe,indian,hard,50,standard,vegetarian,Carrot Cake Parfait With Custard And Strawberries Recipe,indian|main|sweet|sour|savory|non-veg|halal,nonveg_tags_without_meat_words
3d5b4572-f3e4-4bcc-91a1-2a6f52811eed,Carrot Pistachio Coconut Cake Recipe,indian,medium,50,standard,vegetarian,Carrot Pistachio Coconut Cake Recipe,indian|main|sweet|savory|non-veg|dairy_free|halal,nonveg_tags_without_meat_words
46de191c-fb1c-44db-b7ac-315a0b8dd4fe,Ceylon Egg Parotta Recipe,indian,medium,50,standard,non_veg,Ceylon Egg Parotta Recipe,indian|main|spicy|sour|savory|non-veg|nut_free|halal,nonveg_tags_without_meat_words
19fd623b-c3bb-458c-b37a-56ef6fafbb23,Chargrilled Eggplant Tabbouleh Recipe,indian,medium,50,standard,non_veg,Chargrilled Eggplant Tabbouleh Recipe,indian|main|sour|savory|non-veg|dairy_free|nut_free|halal,nonveg_tags_without_meat_words
31396896-82b6-4218-ae00-87563e9f2fbf,Cheesy Bread Pizza Recipe With Roasted Veggies,indian,easy,50,standard,non_veg,Cheesy Bread Pizza Recipe With Roasted Veggies,indian|main|spicy|savory|non-veg|nut_free|halal,nonveg_tags_without_meat_words
3261822d-814b-48b4-891c-ba6842f15b6d,Chena Mezhukkupuratti Recipe ( Eggplant Foot Yam Stir Fry),indian,medium,50,standard,non_veg,Chena Mezhukkupuratti Recipe ( Eggplant Foot Yam Stir Fry),indian|main|south_indian|spicy|savory|non-veg|gluten_free|dairy_free|nut_free|halal,nonveg_tags_without_meat_words
a0f783e8-c44a-4449-9ac7-499d7022ffdc,Chettinad Muttai Masala Recipe - Chettinad Style Egg Curry,indian,medium,50,standard,non_veg,Chettinad Muttai Masala Recipe - Chettinad Egg Curry,indian|curry|south_indian|main|spicy|savory|non-veg|gluten_free|dairy_free|nut_free|halal,nonveg_tags_without_meat_words
d1401516-9606-4026-9d7b-92c521093550,Chettinad Nandu Varuval Recipe (Crab Fry Dry With Baby Onions),indian,hard,50,standard,vegetarian,Chettinad Nandu Varuval Recipe (Crab Fry Dry With Baby Onions),indian|main|south_indian|spicy|savory|non-veg|gluten_free|dairy_free|nut_free|halal,nonveg_tags_without_meat_words
a127850a-0ac3-4ff3-b9a1-9ea65658808c,Chicken Bharta Recipe - Dhaba Style Chicken Masala,indian,hard,50,standard,non_veg,Chicken Bharta Recipe - Dhaba Chicken Masala,indian|curry|main|spicy|sweet|sour|savory|non-veg|halal,nonveg_tags_without_meat_words
4a65a21a-a554-4096-8c13-57e31716a37f,Chicken Burrito Recipe,indian,hard,50,standard,non_veg,Chicken Burrito Recipe,indian|main|spicy|sweet|savory|non-veg|gluten_free|nut_free|halal,nonveg_tags_without_meat_words
99c97144-e172-4bd8-9a57-a182da2063ea,Chicken Cheese Stuffed Kulcha Recipe,indian,hard,50,standard,non_veg,Chicken Cheese Stuffed Kulcha Recipe,indian|bread|north_indian|main|spicy|sweet|sour|savory|non-veg|nut_free|halal,nonveg_tags_without_meat_words
5fcc8c65-d96a-4b41-8696-8dcd24aded42,Chicken Corn Fritters Recipe,indian,easy,50,standard,non_veg,Chicken Corn Fritters Recipe,indian|main|spicy|savory|non-veg|nut_free|halal,nonveg_tags_without_meat_words
4921349a-7d28-43d5-858e-3cf89fcc06a6,Chicken Keema Paratha Recipe - Minced Chicken Flat Bread,indian,hard,50,standard,non_veg,Chicken Keema Paratha Recipe - Minced Chicken Flat Bread,indian|bread|north_indian|main|spicy|sour|savory|non-veg|nut_free|halal,nonveg_tags_without_meat_words
b483f7d7-8406-46ab-989c-b09fa933cb30,Chicken Malai Kebab Recipe,indian,easy,50,standard,non_veg,Chicken Malai Kebab Recipe,indian|main|spicy|sour|savory|non-veg|gluten_free|nut_free|halal,nonveg_tags_without_meat_words
09377766-ec8c-4611-a054-d2959cef31e0,Chicken Manchurian Dry Recipe,indian,medium,50,standard,non_veg,Chicken Manchurian Dry Recipe,indian|main|spicy|sweet|sour|savory|non-veg|dairy_free|nut_free|halal,nonveg_tags_without_meat_words
2c69e489-5be8-48b8-8735-9c0d1bedaa72,Chicken Pies Recipe,indian,easy,50,standard,non_veg,Chicken Pies Recipe,indian|main|bengali|sweet|savory|non-veg|gluten_free|halal,nonveg_tags_without_meat_words
1f70398f-5a97-44b8-8e2a-26625a195dde,Chicken Schezwan Momo - Steamed Chicken Dumpling Recipe,indian,easy,50,standard,non_veg,Chicken Schezwan Momo - Steamed Chicken Dumpling Recipe,indian|main|spicy|savory|non-veg|dairy_free|nut_free|halal,nonveg_tags_without_meat_words
6aa19690-3ada-44dd-b646-b9b97a5b04ae,Chicken Steak Recipe With Pan Roasted Vegetables & Potato Mash,indian,hard,50,standard,non_veg,Chicken Steak Recipe With Pan Roasted Vegetables & Potato Mash,indian|main|spicy|sour|savory|non-veg|nut_free|halal,nonveg_tags_without_meat_words
04ffec63-4b1f-4746-8b8c-28bcce705609,Chicken Yakitori Recipe - Japanese Chicken Skewers,indian,hard,50,standard,non_veg,Chicken Yakitori Recipe - Japanese Chicken Skewers,indian|main|spicy|sweet|sour|savory|non-veg|dairy_free|nut_free|halal,nonveg_tags_without_meat_words
85b2fea9-23a5-4f1c-9884-f9c9c6e434fa,Chinna Vengaya Puli Kuzhambu Recipe (Spicy Tangy Baby Onion Curry),indian,medium,50,standard,vegetarian,Chinna Vengaya Puli Kuzhambu Recipe (Spicy Tangy Baby Onion Curry),indian|curry|south_indian|main|sweet|sour|savory|non-veg|gluten_free|dairy_free|nut_free,nonveg_tags_without_meat_words
a113a876-cd1d-4690-8f11-b075f27f0a3e,Coconut French Toast with Chocolate Chips Recipe,indian,easy,50,standard,vegetarian,Coconut French Toast with Chocolate Chips Recipe,indian|main|sweet|savory|non-veg|nut_free|halal,nonveg_tags_without_meat_words
87e31123-33ff-4125-8b78-6482d57ef087,Cottage Cheese Pancake Recipe Stuffed With Chocolate - Russian Syrniki Recipe,indian,medium,50,standard,vegetarian,Cottage Cheese Pancake Recipe Stuffed With Chocolate - Russian Syrniki Recipe,indian|main|savory|non-veg|nut_free|halal,nonveg_tags_without_meat_words
13ab0495-fe4a-415b-b924-b80d5f785259,Cream Cheese Swirl Brownies Recipes,indian,medium,50,standard,vegetarian,Cream Cheese Swirl Brownies Recipes,indian|main|sweet|savory|non-veg|nut_free|halal,nonveg_tags_without_meat_words
cf5ac3bb-891e-49a6-8eb1-1e4d66861eaf,Creamy Stuffed Chicken With Pepper Cilantro Sauce Recipe,indian,medium,50,standard,non_veg,Creamy Stuffed Chicken With Pepper Cilantro Sauce Recipe,indian|main|spicy|sweet|sour|savory|non-veg|nut_free|halal,nonveg_tags_without_meat_words
2541eea5-7e21-415a-8948-2bc633c0da39,Crepes Stuffed With Caramelized Banana Recipe,indian,medium,50,standard,vegetarian,Crepes Stuffed With Caramelized Banana Recipe,indian|main|sweet|savory|non-veg|nut_free|halal,nonveg_tags_without_meat_words
c3d7a695-baf9-45e9-9e4a-5aee81679f72,Delicious Butter Chicken Pani Puri Recipe,indian,medium,50,standard,non_veg,Delicious Butter Chicken Pani Puri Recipe,indian|bread|main|spicy|sour|savory|non-veg|gluten_free|nut_free|halal,nonveg_tags_without_meat_words
4c388fab-813a-40ff-8b9e-f74579955c6e,Dum Murgh Kali Mirch Recipe - Chicken In Rich White Gravy,indian,hard,50,standard,non_veg,Dum Murgh Kali Mirch Recipe - Chicken In Rich White Gravy,indian|curry|main|spicy|sour|savory|non-veg|gluten_free|halal,nonveg_tags_without_meat_words
b1a65022-10fb-4a70-9755-9773baa47b77,Eggless Banana Pressure Cooker Cake Recipe,indian,medium,50,standard,non_veg,Eggless Banana Pressure Cooker Cake Recipe,indian|main|sweet|sour|savory|non-veg|nut_free|halal,nonveg_tags_without_meat_words
45d34d6f-32e5-4885-9863-41fa13db64ab,Eggless Boston Cream Cupcake Recipe - Vegan Option,indian,easy,50,standard,non_veg,Eggless Boston Cream Cupcake Recipe - Vegan Option,indian|main|sweet|savory|non-veg|halal,nonveg_tags_without_meat_words
eb13a6dc-6227-434e-ae42-e3becb4b4c02,Eggless Chocolate Chip Cupcakes With Spinach Recipe,indian,easy,50,standard,non_veg,Eggless Chocolate Chip Cupcakes With Spinach Recipe,indian|main|sweet|sour|savory|non-veg|gluten_free|halal,nonveg_tags_without_meat_words
5252e851-ae26-4a31-a5ef-935a908e4987,Eggless Fresh Cherry Cake Recipe,indian,medium,50,standard,non_veg,Eggless Fresh Cherry Cake Recipe,indian|main|sweet|savory|non-veg|nut_free|halal,nonveg_tags_without_meat_words
7c154f9f-497c-4ffb-93dd-4935228ee3bc,Eggless Lemon Pound Cake Recipe,indian,easy,50,standard,non_veg,Eggless Lemon Pound Cake Recipe,indian|main|sweet|sour|savory|non-veg|nut_free|halal,nonveg_tags_without_meat_words
b4cfeb9f-d507-4a33-8bcb-621185b57c3f,Eggless Rich Chocolate Brownies Recipe,indian,medium,50,standard,non_veg,Eggless Rich Chocolate Brownies Recipe,indian|main|sweet|savory|non-veg|halal,nonveg_tags_without_meat_words
3e15b106-e2a8-4ec7-b144-2882bd88e705,Fenugreek & Egg Fried Rice Recipe (Anda Methi Chawal),indian,medium,50,standard,non_veg,Fenugreek & Egg Fried Rice Recipe (Anda Methi Chawal),indian|rice|main|spicy|savory|non-veg|gluten_free|dairy_free|nut_free|halal,nonveg_tags_without_meat_words
1f4374b9-6af4-42cc-b4ce-336ffeb28602,Figs and Muesli Bread Pudding Recipe,indian,easy,50,standard,vegetarian,Figs and Muesli Bread Pudding Recipe,indian|main|savory|non-veg|nut_free|halal,nonveg_tags_without_meat_words
a57d3c8b-5238-4520-954c-5b92f3c1ddaf,Financiers Recipe - French Almond Tea Cake,indian,medium,50,standard,vegetarian,Financiers Recipe - French Almond Tea Cake,indian|main|sweet|savory|non-veg|halal,nonveg_tags_without_meat_words
59292572-c38b-4628-b205-ec81b4fe3195,Flourless Chocolate Rum Cake Recipe,indian,easy,50,standard,vegetarian,Flourless Chocolate Rum Cake Recipe,indian|main|sweet|savory|non-veg|nut_free|halal,nonveg_tags_without_meat_words
c2ddbc7b-7b94-4222-b244-7e77bdef321d,Fresh Apple Bundt Cake Recipe,indian,easy,50,standard,vegetarian,Fresh Apple Bundt Cake Recipe,indian|main|sweet|savory|non-veg|dairy_free|nut_free|halal,nonveg_tags_without_meat_words
03b5aaf4-33fd-4e94-9131-de21ac6ecf95,Goan Chicken Vindaloo Recipe,indian,hard,50,standard,non_veg,Goan Chicken Vindaloo Recipe,indian|main|spicy|sweet|sour|savory|non-veg|gluten_free|dairy_free|nut_free|halal,nonveg_tags_without_meat_words
7ac020e7-8f25-4990-9078-826a812aa31c,Goan Prawns Balchao Recipe (Prawns Pickle),indian,medium,50,standard,non_veg,Goan Prawns Balchao Recipe (Prawns Pickle),indian|side|spicy|sour|savory|non-veg|gluten_free|dairy_free|nut_free|halal,nonveg_tags_without_meat_words
21fbf4eb-57ee-40b2-ae8a-786db255d44b,Grilled Aubergines with Tzatziki Sauce Recipe,indian,medium,50,standard,vegetarian,Grilled Aubergines with Tzatziki Sauce Recipe,indian|main|spicy|savory|non-veg|gluten_free|dairy_free|nut_free|halal,nonveg_tags_without_meat_words
45e09dba-cebe-4bb9-babb-90c8f4c7a905,Herbed Potato Salad Recipe,indian,easy,50,standard,vegetarian,Herbed Potato Salad Recipe,indian|main|spicy|sour|savory|non-veg|gluten_free|halal,nonveg_tags_without_meat_words
280440d0-b3ea-4228-a217-c49026f483d1,Hot and Spicy Chicken Curry Noodles Recipe,indian,easy,50,standard,non_veg,Hot and Spicy Chicken Curry Noodles Recipe,indian|curry|main|spicy|savory|non-veg|nut_free|halal,nonveg_tags_without_meat_words
5e1384ed-a562-4ee9-abe2-77ae2d14a400,Idli Tikka Recipe With Sambar,indian,hard,50,standard,vegetarian,Idli Tikka Recipe With Sambar,indian|main|spicy|sour|savory|non-veg|dairy_free|nut_free|halal,nonveg_tags_without_meat_words
2f5a28ef-c241-49bf-a408-91fda7a22375,Ilish Pulao Recipe - Bengali Style Hilsa Fish Pilaf,indian,hard,50,standard,non_veg,Ilish Pulao Recipe - Bengali Hilsa Fish Pilaf,indian|rice|bengali|main|spicy|savory|non-veg|nut_free|halal,nonveg_tags_without_meat_words
3372c3a1-de1c-4a80-ab66-1e88006e91ee,Japanese Chicken Udon Soup Recipe,indian,medium,50,standard,non_veg,Japanese Chicken Udon Soup Recipe,indian|main|sweet|savory|non-veg|dairy_free|nut_free|halal,nonveg_tags_without_meat_words
bee8823e-3936-4dc5-9b61-25f7e23c2fd5,Jeera Miri Kolambi Recipe - Cumin & Black Pepper Prawns,indian,medium,50,standard,non_veg,Jeera Miri Kolambi Recipe - Cumin & Black Pepper Prawns,indian|main|spicy|sour|savory|non-veg|gluten_free|dairy_free|nut_free|halal,nonveg_tags_without_meat_words
d1862def-c3e7-4a82-9d50-3d9a760e6fef,Jhinga Gavar Recipe - Shrimps & Cluster Beans Vegetable,indian,easy,50,standard,vegetarian,Jhinga Gavar Recipe - Shrimps & Cluster Beans Vegetable,indian|main|spicy|sour|savory|non-veg|gluten_free|dairy_free|nut_free|halal,nonveg_tags_without_meat_words
cab6ac82-2e35-445e-8d6e-ef17e60c8a22,Kalmi Kabab Recipe - Mughlai Style Chicken Tangdi Kebab,indian,easy,50,standard,non_veg,Kalmi Kabab Recipe - Mughlai Chicken Tangdi Kebab,indian|main|north_indian|spicy|sour|savory|non-veg|gluten_free|halal,nonveg_tags_without_meat_words
4a4e9514-1a59-4e96-8099-31ac3311dd3a,Karnataka Style Badnekayi Mosaru Gojju Recipe,indian,easy,50,standard,vegetarian,Karnataka Badnekayi Mosaru Gojju Recipe,indian|main|south_indian|spicy|sour|savory|non-veg|gluten_free|nut_free|halal,nonveg_tags_without_meat_words
31bf8cda-c03a-46ec-91c1-bf085457172c,Karuveppilai Kuzhambu Recipe (Tangy & Spicy Curry Leaves Curry),indian,hard,50,standard,vegetarian,Karuveppilai Kuzhambu Recipe (Tangy & Spicy Curry Leaves Curry),indian|curry|south_indian|main|spicy|sweet|sour|savory|non-veg|gluten_free|dairy_free|nut_free,nonveg_tags_without_meat_words
77935897-e89c-46df-8e30-3f07962c494c,Kathirikai Gotsu Recipe,indian,medium,50,standard,vegetarian,Kathirikai Gotsu Recipe,indian|main|south_indian|sweet|sour|savory|non-veg|gluten_free|dairy_free|nut_free|halal,nonveg_tags_without_meat_words
7144897d-1a06-48df-b5c8-407447524102,Kathirikkai Thogayal Recipe - Thuvaiyal (Spicy Brinjal Chutney Recipe),indian,easy,50,standard,vegetarian,Kathirikkai Thogayal Recipe - Thuvaiyal (Spicy Brinjal Chutney Recipe),indian|side|south_indian|spicy|sour|savory|non-veg|gluten_free|dairy_free|nut_free|halal,nonveg_tags_without_meat_words
2964e1f0-3df0-496f-8c76-9efbb7300920,Kerala Style Chicken Chatti Pathiri Recipe,indian,hard,50,standard,non_veg,Kerala Chicken Chatti Pathiri Recipe,indian|main|south_indian|spicy|savory|non-veg|dairy_free|nut_free|halal,nonveg_tags_without_meat_words
080af2d7-cfbd-49c9-b75c-2369b8d30907,Kerala Style Eggplant Curry Recipe,indian,medium,50,standard,non_veg,Kerala Eggplant Curry Recipe,indian|curry|south_indian|main|spicy|savory|non-veg|gluten_free|nut_free|halal,nonveg_tags_without_meat_words
0c6b97ea-a2b0-4c6d-9977-451d21dea8c8,Kerala Style Eggplant Curry Recipe - Kerala Style Eggplant Curry,indian,hard,50,standard,non_veg,Kerala Eggplant Curry Recipe - Kerala Eggplant Curry,indian|curry|south_indian|main|spicy|savory|non-veg|gluten_free|nut_free|halal,nonveg_tags_without_meat_words
30c44e5b-2da5-4442-b7b3-ca6593648047,Kitkat Cake With Sponge Recipe (Eggless),indian,easy,50,standard,non_veg,Kitkat Cake With Sponge Recipe (Eggless),indian|main|sweet|savory|non-veg|nut_free|halal,nonveg_tags_without_meat_words
32868643-a9c9-4a66-bac4-d46b2dd91c43,Kolambi Bhaat Recipe (Maharashtrian Prawn Rice),indian,medium,50,standard,non_veg,Kolambi Bhaat Recipe (Maharashtrian Prawn Rice),indian|rice|main|spicy|sweet|savory|non-veg|dairy_free|nut_free|halal,nonveg_tags_without_meat_words
ce853412-b68d-4f8f-90f1-deda1d47153f,Lebanese Style Baked Chicken and Potatoes Recipe,indian,hard,50,standard,non_veg,Lebanese Baked Chicken and Potatoes Recipe,indian|main|spicy|sour|savory|non-veg|gluten_free|dairy_free|nut_free|halal,nonveg_tags_without_meat_words
f06e318c-3fc4-412c-938a-38081af380bc,Masala Cornflakes Chicken Recipe,indian,easy,50,standard,non_veg,Masala Cornflakes Chicken Recipe,indian|curry|main|spicy|savory|non-veg|gluten_free|dairy_free|nut_free|halal,nonveg_tags_without_meat_words
2528a19a-6abf-49eb-be19-e864e6c9fbd5,Mediterranean Dajaj Mechwi Recipe,indian,easy,50,standard,vegetarian,Mediterranean Dajaj Mechwi Recipe,indian|main|spicy|savory|non-veg|gluten_free|dairy_free|nut_free|halal,nonveg_tags_without_meat_words
a71d369e-5da0-440e-ac89-76767ac13649,Mini Victoria Sponge Cake Recipe,indian,easy,50,standard,vegetarian,Mini Victoria Sponge Cake Recipe,indian|main|sweet|sour|savory|non-veg|nut_free|halal,nonveg_tags_without_meat_words
4dc4d823-157d-4c61-918b-61dbc67d230b,Mozzarella & Parmesan Stuffed Meat Balls Recipe,indian,medium,50,standard,vegetarian,Mozzarella & Parmesan Stuffed Meat Balls Recipe,indian|main|spicy|savory|non-veg|gluten_free|nut_free|halal,nonveg_tags_without_meat_words
3b673b11-ff37-4dca-b1b1-e40b341e3bfb,Mughlai Style Chicken Haleem Recipe,indian,hard,50,standard,non_veg,Mughlai Chicken Haleem Recipe,indian|main|north_indian|spicy|savory|non-veg|nut_free|halal,nonveg_tags_without_meat_words
93db5040-4dfc-463b-adb7-87a0fc73ba41,Mughlai Style Eggplant Simmered In Rich Tomato Curry (Recipe In Hindi),indian,hard,50,standard,non_veg,Mughlai Eggplant Simmered In Rich Tomato Curry (Recipe In Hindi),indian|curry|north_indian|main|spicy|savory|non-veg|gluten_free|dairy_free|nut_free|halal,nonveg_tags_without_meat_words
f277e1f6-3c6e-428b-a88c-7d9de1c38d08,Murungakkai Puli Kuzhambu Recipe -Spicy Drumstick Curry,indian,easy,50,standard,vegetarian,Murungakkai Puli Kuzhambu Recipe -Spicy Drumstick Curry,indian|curry|south_indian|main|sour|savory|non-veg|gluten_free|dairy_free|nut_free,nonveg_tags_without_meat_words
1f0c8a39-b4cf-4335-937d-3dc021c2af06,Mushroom and Prawn Malai Curry Recipe,indian,medium,50,standard,non_veg,Mushroom and Prawn Malai Curry Recipe,indian|curry|bengali|main|spicy|sweet|sour|savory|non-veg|nut_free|halal,nonveg_tags_without_meat_words
272e1c6a-9f3d-4f71-ba16-e1783b7b524d,Nandan Kozhi Recipe  - Kerala Style Chicken Curry,indian,medium,50,standard,non_veg,Nandan Kozhi Recipe - Kerala Chicken Curry,indian|curry|south_indian|main|spicy|savory|non-veg|gluten_free|dairy_free|nut_free|halal,nonveg_tags_without_meat_words
9940b6bd-a86c-400d-943a-75dfff0c94c5,Nankhatai Recipe - A Spiced Eggless Indian Cookie,indian,easy,50,standard,non_veg,Nankhatai Recipe - A Spiced Eggless Indian Cookie,indian|main|sweet|sour|savory|non-veg|nut_free|halal,nonveg_tags_without_meat_words
dafa9cdd-27a1-41f5-81d8-7ab5f240d910,Nepalese Chicken Sekuwa Recipe,indian,easy,50,standard,non_veg,Nepalese Chicken Sekuwa Recipe,indian|main|spicy|sour|savory|non-veg|gluten_free|nut_free|halal,nonveg_tags_without_meat_words
13ce3ed9-0980-4ed2-adf4-5923fc2d6d00,No Bake Lemon Bars Recipe,indian,hard,50,standard,vegetarian,No Bake Lemon Bars Recipe,indian|main|sweet|sour|savory|non-veg|nut_free,nonveg_tags_without_meat_words
11f1f818-cf67-47d6-95c3-7ba10760e09f,No Onion No Garlic Kadamba Sambar Rice - Temple Ritual Recipe,indian,hard,50,standard,vegetarian,No Onion No Garlic Kadamba Sambar Rice - Temple Ritual Recipe,indian|rice|south_indian|main|spicy|sour|savory|non-veg|gluten_free|dairy_free|nut_free|halal,nonveg_tags_without_meat_words
b01cc5b5-35c3-4713-a30c-2df878d1042c,Nutella Pancakes Recipe,indian,easy,50,standard,vegetarian,Nutella Pancakes Recipe,indian|main|sweet|savory|non-veg|nut_free|halal,nonveg_tags_without_meat_words
17f3a0b3-8672-42f9-8f59-1bdd95945253,One Pot Chicken Fried Rice Recipe,indian,hard,50,standard,non_veg,One Pot Chicken Fried Rice Recipe,indian|rice|main|spicy|savory|non-veg|dairy_free|nut_free|halal,nonveg_tags_without_meat_words
9b2498e7-347d-4162-9756-83a8214ada9e,Orange Yogurt Cake Recipe,indian,easy,50,standard,vegetarian,Orange Yogurt Cake Recipe,indian|main|sweet|sour|savory|non-veg|nut_free|halal,nonveg_tags_without_meat_words
cf4c902c-f929-466e-9ad1-9d7c12f818a1,Pan Fried Chinese Chilli Chicken recipe,indian,medium,50,standard,non_veg,Pan Fried Chinese Chilli Chicken recipe,indian|main|spicy|savory|non-veg|dairy_free|nut_free|halal,nonveg_tags_without_meat_words
d410196d-750a-4c05-aa9b-e0639236721a,Pancakes Drizzled With Chocolate Sauce Served With Fruits & Jaggery Recipe (Breakfast In Bed),indian,easy,50,standard,vegetarian,Pancakes Drizzled With Chocolate Sauce Served With Fruits & Jaggery Recipe (Breakfast In Bed),indian|main|sweet|savory|non-veg|nut_free|halal,nonveg_tags_without_meat_words
5760b6b7-1019-4079-88ad-b5ea27d9fcf6,Paneer Pav Bhaji Recipe - Wholesome Weeknight Dinner,indian,hard,50,standard,vegetarian,Paneer Pav Bhaji Recipe - Wholesome Weeknight Dinner,indian|main|north_indian|spicy|sour|savory|non-veg|gluten_free|nut_free,nonveg_tags_without_meat_words
b013e635-c717-400b-aff7-30f19d1dc3f8,Parsi Mutton Cutlets Recipe,indian,medium,50,standard,non_veg,Parsi Mutton Cutlets Recipe,indian|snack|spicy|savory|non-veg|dairy_free|nut_free|halal,nonveg_tags_without_meat_words
c76b2a47-5814-494b-a4ac-860df9a8fa82,Penne Pasta With Veggies in Tomato Base Recipe,indian,medium,50,standard,non_veg,Penne Pasta With Veggies in Tomato Base Recipe,indian|main|spicy|savory|non-veg|nut_free|halal,nonveg_tags_without_meat_words
a2c8239b-c2e3-4d40-bf6f-73851582360b,Poblano Chili Rellenos Recipe - Baked Cheese Stuffed Chilies,indian,hard,50,standard,vegetarian,Poblano Chili Rellenos Recipe - Baked Cheese Stuffed Chilies,indian|main|spicy|sweet|savory|non-veg|nut_free|halal,nonveg_tags_without_meat_words
b36d9d0f-1dd1-42cd-bf7b-1d29c3a48f7f,Pohala Jhola Recipe (Pohala Fish Curry),indian,easy,50,standard,non_veg,Pohala Jhola Recipe (Pohala Fish Curry),indian|curry|main|spicy|savory|non-veg|gluten_free|dairy_free|nut_free|halal,nonveg_tags_without_meat_words
8c5f7e24-40f6-47db-8f3d-65d8d1315f60,Potato Basil Fritters Recipe,indian,easy,50,standard,vegetarian,Potato Basil Fritters Recipe,indian|main|spicy|savory|non-veg|dairy_free|nut_free|halal,nonveg_tags_without_meat_words
59b6e334-797d-484d-b371-b1d05538ad95,Rajasthani Laal Maas Recipe-Mutton In Red Spicy Gravy,indian,medium,50,standard,non_veg,Rajasthani Laal Maas Recipe-Mutton In Red Spicy Gravy,indian|curry|main|spicy|sour|savory|non-veg|nut_free|halal,nonveg_tags_without_meat_words
f903a6ff-bfdc-4aa6-8943-dee50d97d92d,Rajasthani Style Mutton Banjara Recipe,indian,medium,50,standard,non_veg,Rajasthani Mutton Banjara Recipe,indian|main|spicy|sour|savory|non-veg|nut_free|halal,nonveg_tags_without_meat_words
4c4570a1-f9e0-45ea-81ed-bd2dbce30c53,Ravioli Recipe With Broccoli Filling In White And Red Sauce,indian,medium,50,standard,vegetarian,Ravioli Recipe With Broccoli Filling In White And Red Sauce,indian|main|spicy|savory|non-veg|nut_free|halal,nonveg_tags_without_meat_words
342f3c8e-23db-4296-a657-be135d216bd2,Raw Mango Prawns Curry Recipe,indian,medium,50,standard,non_veg,Raw Mango Prawns Curry Recipe,indian|curry|south_indian|main|spicy|sour|savory|non-veg|gluten_free|nut_free|halal,nonveg_tags_without_meat_words
a2064e0d-29d1-4b95-b07b-66e6c51082c4,Rich Dark Chocolate Mousse Recipe,indian,medium,50,standard,vegetarian,Rich Dark Chocolate Mousse Recipe,indian|main|sweet|savory|non-veg|gluten_free|dairy_free|nut_free|halal,nonveg_tags_without_meat_words
68cde116-6b15-45d7-b466-c342e5ba0bc1,Roasted Vegetables With Tahini Sauce Recipe,indian,medium,50,standard,vegetarian,Roasted Vegetables With Tahini Sauce Recipe,indian|main|spicy|sour|savory|non-veg|gluten_free|dairy_free|halal,nonveg_tags_without_meat_words
fffaaa06-247a-455d-b1e3-9d0edec83488,Safed Murgh Handi Recipe - Chicken In White Gravy,indian,medium,50,standard,non_veg,Safed Murgh Handi Recipe - Chicken In White Gravy,indian|curry|main|spicy|sour|savory|non-veg|halal,nonveg_tags_without_meat_words
401d1b23-9a9b-4723-9de4-f6171c26df72,Savoury Bread Pudding Recipe,indian,hard,50,standard,vegetarian,Savoury Bread Pudding Recipe,indian|main|spicy|savory|non-veg|nut_free|halal,nonveg_tags_without_meat_words
c2df937e-a219-47f7-9bc4-7cbcd1a50686,Shandong Spicy Eggplant With Peppers And Potato Recipe (Di San Xian Recipe),indian,hard,50,standard,non_veg,Shandong Spicy Eggplant With Peppers And Potato Recipe (Di San Xian Recipe),indian|main|spicy|sour|savory|non-veg|dairy_free|nut_free|halal,nonveg_tags_without_meat_words
91fba27c-8db0-4123-9074-3a1874afe4ae,Sikkim Style Steamed Chicken Momo Recipe,indian,hard,50,standard,non_veg,Sikkim Steamed Chicken Momo Recipe,indian|main|north_indian|spicy|sweet|savory|non-veg|dairy_free|nut_free|halal,nonveg_tags_without_meat_words
1c6e49fa-a524-4cf2-ae22-ff00910560de,Sorakkai Kozhukattai Paal Kuzhambu Recipe - Bottle Gourd Curry,indian,medium,50,standard,vegetarian,Sorakkai Kozhukattai Paal Kuzhambu Recipe - Bottle Gourd Curry,indian|curry|south_indian|main|spicy|sweet|savory|non-veg|nut_free,nonveg_tags_without_meat_words
91823ef9-4b29-4635-9e32-2e5538504aa9,Sorakkai Puli Kuzhambu Recipe - Tangy Bottle Gourd Curry,indian,easy,50,standard,vegetarian,Sorakkai Puli Kuzhambu Recipe - Tangy Bottle Gourd Curry,indian|curry|south_indian|main|sour|savory|non-veg|gluten_free|dairy_free|nut_free,nonveg_tags_without_meat_words
31309939-11ab-45c5-bbf2-9cf6e9cdbc96,Spicy Chicken Curry Recipe In Naga Style,indian,easy,50,standard,non_veg,Spicy Chicken Curry Recipe In Naga,indian|curry|main|spicy|savory|non-veg|gluten_free|dairy_free|nut_free|halal,nonveg_tags_without_meat_words
ac4191fd-7a06-4c02-ae5c-5f6f2ad7cf69,Spicy Moroccan Rice With Chicken Recipe,indian,medium,50,standard,non_veg,Spicy Moroccan Rice With Chicken Recipe,indian|rice|main|spicy|savory|non-veg|gluten_free|nut_free|halal,nonveg_tags_without_meat_words
19e637f4-e14d-4219-86bd-3dbe8fd5a8ed,Spicy Mushroom Puffs Recipe (Empanadas stuffed with Mushroom Recipe),indian,easy,50,standard,vegetarian,Spicy Mushroom Puffs Recipe (Empanadas stuffed with Mushroom Recipe),indian|main|spicy|savory|non-veg|nut_free|halal,nonveg_tags_without_meat_words
0761a5fb-ecf0-40c3-a2ce-251dbf4ba6e2,Spicy Mushroom Veggie Burger Recipe,indian,medium,50,standard,non_veg,Spicy Mushroom Veggie Burger Recipe,indian|main|spicy|savory|non-veg|gluten_free|nut_free|halal,nonveg_tags_without_meat_words
133df165-a6c1-49be-8dba-bf9e3356f2d4,Spinach Banana Muffin Recipe,indian,easy,50,standard,vegetarian,Spinach Banana Muffin Recipe,indian|main|savory|non-veg|nut_free|halal,nonveg_tags_without_meat_words
b386e7e5-4f5f-48ad-bbd5-ac95a1a474e4,Spinach Potato Frittata Bites Recipe,indian,easy,50,standard,vegetarian,Spinach Potato Frittata Bites Recipe,indian|main|spicy|savory|non-veg|gluten_free|nut_free|halal,nonveg_tags_without_meat_words
eff1c5c8-f0ab-45d3-91ce-3549fe548cae,Super Easy Eggless Banana Clafoutis Recipe,indian,easy,50,easy,non_veg,Super Eggless Banana Clafoutis Recipe,indian|main|sweet|savory|non-veg|gluten_free|nut_free|halal,nonveg_tags_without_meat_words
b68b52be-8347-43be-89a4-a2b9079d3863,Swedish Saffron Buns Recipe,indian,medium,50,standard,vegetarian,Swedish Saffron Buns Recipe,indian|main|sweet|savory|non-veg|nut_free|halal,nonveg_tags_without_meat_words
aeaa429d-a0cb-4761-a8dc-c806727d6aec,Sweet Potato And Bitter Gourd Kulambu Recipe,indian,medium,50,standard,non_veg,Sweet Potato And Bitter Gourd Kulambu Recipe,indian|dessert|spicy|sweet|sour|savory|non-veg|gluten_free|dairy_free|halal,nonveg_tags_without_meat_words
0c0a2286-6ef8-4b86-88a1-dbd685778407,Sweet Spicy & Tangy Vegetarian Thai Green Curry Recipe With Tamarind,indian,hard,50,standard,vegetarian,Sweet Spicy & Tangy Vegetarian Thai Green Curry Recipe With Tamarind,indian|curry|main|spicy|sweet|sour|savory|non-veg|gluten_free|nut_free|halal,nonveg_tags_without_meat_words
61fb2bad-b408-4c8b-b939-187ba020e8e4,Tamatar Gosht Recipe-Mutton In Tomato Curry,indian,medium,50,standard,non_veg,Tamatar Gosht Recipe-Mutton In Tomato Curry,indian|curry|north_indian|main|spicy|savory|non-veg|dairy_free|nut_free|halal,nonveg_tags_without_meat_words
59032791-5b68-4c03-99e3-8d6ebed702f6,Tandoori Chicken Momo Recipe,indian,medium,50,standard,non_veg,Tandoori Chicken Momo Recipe,indian|main|spicy|sour|savory|non-veg|dairy_free|nut_free|halal,nonveg_tags_without_meat_words
05aecf1d-3f0f-49aa-834f-bd1e8223eb89,Thai Baked Chicken Satay Recipe With Thai Peanut Sauce,indian,medium,50,standard,non_veg,Thai Baked Chicken Satay Recipe With Thai Peanut Sauce,indian|main|spicy|sweet|sour|savory|non-veg|gluten_free|halal,nonveg_tags_without_meat_words
69670560-c613-4b1b-8cf2-b4b87606bd4d,Thai Chicken Noodle Soup With Veggies Recipe,indian,medium,50,standard,non_veg,Thai Chicken Noodle Soup With Veggies Recipe,indian|main|spicy|sour|savory|non-veg|dairy_free|nut_free|halal,nonveg_tags_without_meat_words
f3a19fb0-8551-45e0-8b9a-f8f4de274c7a,Thalapakattu Chicken Biryani Recipe,indian,hard,50,standard,non_veg,Thalapakattu Chicken Biryani Recipe,indian|rice|south_indian|main|spicy|savory|non-veg|gluten_free|dairy_free|nut_free|halal,nonveg_tags_without_meat_words
e8f4d636-6d72-4fbd-9dfc-6146b23017c5,Tofu Banh Mi Recipe - Vietnamese Grilled Tofu Sandwich,indian,hard,50,standard,vegetarian,Tofu Banh Mi Recipe - Vietnamese Grilled Tofu Sandwich,indian|main|spicy|sweet|sour|savory|non-veg|gluten_free|dairy_free|nut_free|halal,nonveg_tags_without_meat_words
a1ebf613-f127-4c28-a42a-9c11fedf22af,Udupi Style Mixed Vegetable Sambar Recipe (Lentil Curry With Vegetables),indian,hard,50,standard,vegetarian,Udupi Mixed Vegetable Sambar Recipe (Lentil Curry With Vegetables),indian|curry|main|spicy|sweet|sour|savory|non-veg|gluten_free|dairy_free|nut_free|halal,nonveg_tags_without_meat_words
4b8eedb0-e089-4fc5-aeb0-6c10ff4dac30,Vaangi Bhaat Recipe (Maharashtrian Style Brinjal Rice),indian,medium,50,standard,vegetarian,Vaangi Bhaat Recipe (Maharashtrian Brinjal Rice),indian|rice|main|spicy|savory|non-veg|gluten_free|dairy_free|nut_free|halal,nonveg_tags_without_meat_words
f253b4de-50ed-4d87-b4ef-1ffb6b1e1d98,Veggie Penne Pasta Recipe In Creamy Roasted Carrot Sauce,indian,medium,50,standard,non_veg,Veggie Penne Pasta Recipe In Creamy Roasted Carrot Sauce,indian|main|spicy|savory|non-veg|gluten_free|nut_free|halal,nonveg_tags_without_meat_words
e1c6e060-5180-4cdf-8033-dc5cae151e8c,Watalappan Recipe - Steamed Egg Pudding With Jaggery,indian,easy,50,standard,non_veg,Watalappan Recipe - Steamed Egg Pudding With Jaggery,indian|main|sweet|savory|non-veg|gluten_free|halal,nonveg_tags_without_meat_words
b27e8a6c-4ede-46e7-9d25-1793ddf254e1,Whole Wheat Black Forest Cake In A Jar Recipe (Eggless),indian,hard,50,standard,non_veg,Whole Wheat Black Forest Cake In A Jar Recipe (Eggless),indian|main|sweet|sour|savory|non-veg|nut_free|halal,nonveg_tags_without_meat_words
5b927dc1-0081-479b-a118-c76ef61d9a5f,Whole Wheat Crepe With Eggs And Roasted Peppers Recipe,indian,medium,50,standard,non_veg,Whole Wheat Crepe With Eggs And Roasted Peppers Recipe,indian|main|spicy|savory|non-veg|nut_free|halal,nonveg_tags_without_meat_words
076b6276-c854-4107-ac98-1fef4555883c,Whole Wheat Lemon & Cranberry Muffins Recipe,indian,easy,50,standard,vegetarian,Whole Wheat Lemon & Cranberry Muffins Recipe,indian|main|sweet|sour|savory|non-veg|nut_free|halal,nonveg_tags_without_meat_words
eed063a0-7da5-40a6-a57e-436af74536d2,"Whole Wheat Pizza With Egg, Bell Peppers And Fresh Basil Recipe",indian,easy,50,standard,non_veg,"Whole Wheat Pizza With Egg, Bell Peppers And Fresh Basil Recipe",indian|main|spicy|savory|non-veg|nut_free|halal,nonveg_tags_without_meat_words
6228a9d4-86ba-4399-8a4b-1a72700f6672,Dahi Baingan Recipe - Brinjal In Curd Based Gravy,indian,hard,51,standard,vegetarian,Dahi Baingan Recipe - Brinjal In Curd Based Gravy,indian|curry|north_indian|main|spicy|sour|savory|non-veg|nut_free|halal,nonveg_tags_without_meat_words
45f1bb0d-bf17-4b48-ae0f-8255ecae4c08,Mutton Ghee Roast Recipe,indian,hard,51,standard,non_veg,Mutton Ghee Roast Recipe,indian|main|spicy|sweet|sour|savory|non-veg|gluten_free|nut_free|halal,nonveg_tags_without_meat_words
c060c757-51f7-4f8b-9068-48acbda51ed7,Achari Baingan Bharta (Recipe In Hindi),indian,hard,55,standard,vegetarian,Achari Baingan Bharta (Recipe In Hindi),indian|main|north_indian|spicy|savory|non-veg|gluten_free|dairy_free|nut_free|halal,nonveg_tags_without_meat_words
d9aaf3d6-c172-4e90-bdad-51faf91532ff,Achari Baingan Bharta Recipe,indian,medium,55,standard,vegetarian,Achari Baingan Bharta Recipe,indian|main|north_indian|spicy|sour|savory|non-veg|gluten_free|dairy_free|nut_free|halal,nonveg_tags_without_meat_words
a2ff88f0-0e07-4352-805b-27f59e8245af,Achari Gosht Recipe,indian,medium,55,standard,vegetarian,Achari Gosht Recipe,indian|main|north_indian|spicy|sour|savory|non-veg|gluten_free|nut_free|halal,nonveg_tags_without_meat_words
909e24bd-4b67-44d2-8cd1-474e21717522,Ambur Star Chicken Biryani Recipe,indian,hard,55,standard,non_veg,Ambur Star Chicken Biryani Recipe,indian|rice|south_indian|main|spicy|sour|savory|non-veg|nut_free|halal,nonveg_tags_without_meat_words
f1415ada-9920-4928-8d8f-26b1920e6f4a,Amritsari Murgh Makhani Recipe- Chicken Makhani Recipe,indian,hard,55,standard,non_veg,Amritsari Murgh Makhani Recipe- Chicken Makhani Recipe,indian|main|north_indian|spicy|sour|savory|non-veg|halal,nonveg_tags_without_meat_words
65326bff-7fb1-46d2-a57a-ba162102152c,Apple Upside Down Cake Recipe,indian,hard,55,standard,vegetarian,Apple Upside Down Cake Recipe,indian|main|sweet|sour|savory|non-veg|halal,nonveg_tags_without_meat_words
d3f7f54e-1c63-488e-97a6-dc529dbc9f72,Asian Style Honey Soy Sticky Chicken Recipe,indian,easy,55,standard,non_veg,Asian Honey Soy Sticky Chicken Recipe,indian|main|spicy|sweet|sour|savory|non-veg|gluten_free|dairy_free|nut_free|halal,nonveg_tags_without_meat_words
fe73ffef-14e7-472c-a898-982c2e434d61,Badshahi Chicken Recipe,indian,hard,55,standard,non_veg,Badshahi Chicken Recipe,indian|main|spicy|sweet|sour|savory|non-veg|gluten_free|halal,nonveg_tags_without_meat_words
713d7b2a-53d7-4f3b-a5fc-0f09f48555b8,Baked Egg With Quinoa & Tomato Sauce Recipe,indian,hard,55,standard,non_veg,Baked Egg With Quinoa & Tomato Sauce Recipe,indian|main|spicy|savory|non-veg|gluten_free|nut_free|halal,nonveg_tags_without_meat_words
ef3ce199-12fa-4e3c-af9e-7c299ee40a22,Balsamic Glazed Eggplant Feta Rollatini Recipe,indian,easy,55,standard,non_veg,Balsamic Glazed Eggplant Feta Rollatini Recipe,indian|main|sour|savory|non-veg|gluten_free|nut_free|halal,nonveg_tags_without_meat_words
688261f3-6f87-4d17-9767-7921efd7ebc3,Banana Butterscotch Cake Recipe,indian,easy,55,standard,vegetarian,Banana Butterscotch Cake Recipe,indian|main|sweet|savory|non-veg|nut_free|halal,nonveg_tags_without_meat_words
2ba75da9-d96a-4715-b8a2-3e8fc793241d,Banana Date Chocolate Chip Cake Recipe,indian,medium,55,standard,vegetarian,Banana Date Chocolate Chip Cake Recipe,indian|main|sweet|savory|non-veg|dairy_free|nut_free|halal,nonveg_tags_without_meat_words
75c038ea-7575-4f33-836e-8399da593619,Bengali Sukto Recipe - Mixed Vegetable Curry,indian,hard,55,standard,vegetarian,Bengali Sukto Recipe - Mixed Vegetable Curry,indian|curry|bengali|main|spicy|sweet|savory|non-veg|nut_free|halal,nonveg_tags_without_meat_words
9432efce-ab41-4ec1-a29d-066394f34b98,Bharma Baingan Ki Sabzi Recipe - Spicy Stuffed Brinjals,indian,medium,55,standard,vegetarian,Bharma Baingan Ki Sabzi Recipe - Spicy Stuffed Brinjals,indian|main|spicy|sour|savory|non-veg|gluten_free|dairy_free|nut_free|halal,nonveg_tags_without_meat_words
fa68642a-bb52-43fa-bcd6-b73a801efdc8,Breakfast Enchiladas With Mushroom Sauce Recipe,indian,hard,55,standard,vegetarian,Breakfast Enchiladas With Mushroom Sauce Recipe,indian|main|spicy|savory|non-veg|nut_free|halal,nonveg_tags_without_meat_words
db10a7c3-b952-4247-bbd7-13a51cb6c3f5,Brinjal Mor Kuzhambu Recipe,indian,medium,55,standard,vegetarian,Brinjal Mor Kuzhambu Recipe,indian|main|south_indian|spicy|sour|savory|non-veg|gluten_free|nut_free,nonveg_tags_without_meat_words
2b929c40-984b-4ad3-9ad8-9e998848abd7,Broccoli Chilli Noodles With Grilled Salmon Recipe,indian,medium,55,standard,vegetarian,Broccoli Chilli Noodles With Grilled Salmon Recipe,indian|main|spicy|sour|savory|non-veg|dairy_free|nut_free|halal,nonveg_tags_without_meat_words
b1a78111-36a7-49a8-815b-ddb331988d1d,Carrot Cake Recipe for Healthy Heart,indian,easy,55,standard,vegetarian,Carrot Cake Recipe for Healthy Heart,indian|main|sweet|savory|non-veg|dairy_free|halal,nonveg_tags_without_meat_words
26b4cee8-b584-4cda-a36c-48e11244242e,Carrot Corn Mayo Pancake Recipe With Sandwich Spread,indian,hard,55,standard,vegetarian,Carrot Corn Mayo Pancake Recipe With Sandwich Spread,indian|main|spicy|sweet|sour|savory|non-veg|nut_free|halal,nonveg_tags_without_meat_words
85fe0849-e276-41fb-9832-400639486624,Cashmere Steel Fried Tomato Recipe - Fish Curry,indian,medium,55,standard,non_veg,Cashmere Steel Fried Tomato Recipe - Fish Curry,indian|curry|north_indian|main|spicy|sour|savory|non-veg|gluten_free|dairy_free|nut_free|halal,nonveg_tags_without_meat_words
8cf34126-1df9-4274-986d-dd7a75663eff,Cheesy Vegetarian Pizza Muffins Recipe,indian,easy,55,standard,vegetarian,Cheesy Vegetarian Pizza Muffins Recipe,indian|main|spicy|savory|non-veg|nut_free|halal,nonveg_tags_without_meat_words
52b7ebd4-0ae2-488d-973f-7f38e3e11ad1,Chettinad Chicken Curry Recipe - Chettinad Chicken Surri,indian,hard,55,standard,non_veg,Chettinad Chicken Curry Recipe - Chettinad Chicken Surri,indian|curry|south_indian|main|spicy|sour|savory|non-veg|gluten_free|dairy_free|nut_free|halal,nonveg_tags_without_meat_words
dd5ac6ee-fa4b-4f87-8840-109c0fdb2c2b,Chettinad Style Prawn Biryani Recipe,indian,medium,55,standard,non_veg,Chettinad Prawn Biryani Recipe,indian|rice|south_indian|main|spicy|sour|savory|non-veg|nut_free|halal,nonveg_tags_without_meat_words
54a4b610-e6e4-40a7-b50e-d87a34cf78c7,Chicken Jalfrezi Recipe - Chicken And Bell Peppers In Tomato Gravy,indian,medium,55,standard,non_veg,Chicken Jalfrezi Recipe - Chicken And Bell Peppers In Tomato Gravy,indian|curry|north_indian|main|spicy|savory|non-veg|gluten_free|nut_free|halal,nonveg_tags_without_meat_words
812f3658-82c2-40a9-8b51-b131a076e477,Chicken Kappa Biryani Recipe,indian,hard,55,standard,non_veg,Chicken Kappa Biryani Recipe,indian|rice|south_indian|main|spicy|savory|non-veg|gluten_free|dairy_free|nut_free|halal,nonveg_tags_without_meat_words
842abcbe-3823-4470-ad97-014f351eb7d2,Chicken Kofta Curry Recipe,indian,hard,55,standard,non_veg,Chicken Kofta Curry Recipe,indian|curry|main|spicy|savory|non-veg|gluten_free|dairy_free|nut_free|halal,nonveg_tags_without_meat_words
9d95137f-dcee-4544-ab77-b206df93db9a,Chicken Lasagna Recipe,indian,medium,55,standard,non_veg,Chicken Lasagna Recipe,indian|main|spicy|sour|savory|non-veg|gluten_free|nut_free|halal,nonveg_tags_without_meat_words
5681b419-578e-47c3-b65d-7c26ee63303f,Chicken Mapas Recipe - Chicken in Coconut Milk Curry,indian,medium,55,standard,non_veg,Chicken Mapas Recipe - Chicken in Coconut Milk Curry,indian|curry|south_indian|main|spicy|savory|non-veg|gluten_free|nut_free|halal,nonveg_tags_without_meat_words
369900e1-e968-4089-8777-fd2ba30158c8,Chicken Pasanda Recipe,indian,medium,55,standard,non_veg,Chicken Pasanda Recipe,indian|main|north_indian|spicy|sour|savory|non-veg|nut_free|halal,nonveg_tags_without_meat_words
1c644cb7-0bf3-4516-9569-451483920746,Chicken Xacuti Recipe - Goan Chicken Gravy,indian,hard,55,standard,non_veg,Chicken Xacuti Recipe - Goan Chicken Gravy,indian|curry|main|spicy|sour|savory|non-veg|gluten_free|dairy_free|nut_free|halal,nonveg_tags_without_meat_words
cca2f6e2-6ccc-4f5e-8619-273a4b6760af,Cranberry Cookie Recipe,indian,medium,55,standard,vegetarian,Cranberry Cookie Recipe,indian|main|sweet|savory|non-veg|nut_free|halal,nonveg_tags_without_meat_words
fb975d8d-9164-4026-9dbe-5c63626e221b,Dal Chingri (Bengali Style Channa Dal And Prawns) Recipe,indian,medium,55,standard,non_veg,Dal Chingri (Bengali Channa Dal And Prawns) Recipe,indian|main|bengali|spicy|sweet|savory|non-veg|nut_free|halal,nonveg_tags_without_meat_words
82078793-85f3-4213-8cd6-f1fe1724dbcf,Dal Vangi Recipe - Spicy Lentils with Roasted Eggplant,indian,hard,55,standard,non_veg,Dal Vangi Recipe - Spicy Lentils with Roasted Eggplant,indian|main|spicy|sweet|sour|savory|non-veg|gluten_free|dairy_free|nut_free|halal,nonveg_tags_without_meat_words
ee0f0889-e149-4c8d-b3b1-2b6974eeb7a4,Dark Chocolate Cherry Cake Recipe,indian,medium,55,standard,vegetarian,Dark Chocolate Cherry Cake Recipe,indian|main|sweet|savory|non-veg|nut_free|halal,nonveg_tags_without_meat_words
ff4c91fc-a854-457b-89cc-74d174b94274,Dark Chocolate Cream Jars Recipe,indian,easy,55,standard,vegetarian,Dark Chocolate Cream Jars Recipe,indian|main|sweet|savory|non-veg|gluten_free|nut_free|halal,nonveg_tags_without_meat_words
9d0f791f-e39a-4895-a74b-2b446bce666f,Delicious Italian Chicken Cacciatore Recipe with Mushrooms & Olives - (Poultry & Vegetable Hunter's Stew),indian,medium,55,standard,non_veg,Delicious Italian Chicken Cacciatore Recipe with Mushrooms & Olives - (Poultry & Vegetable Hunter's Stew),indian|main|savory|non-veg|gluten_free|dairy_free|nut_free|halal,nonveg_tags_without_meat_words
8b6fc1a5-b9e7-445d-a094-f78ca0486298,Dudhi Dal Gosht Recipe-Mutton With Bottle Gourd & Lentils,indian,hard,55,standard,non_veg,Dudhi Dal Gosht Recipe-Mutton With Bottle Gourd & Lentils,indian|main|spicy|sour|savory|non-veg|nut_free|halal,nonveg_tags_without_meat_words
e43b2322-f35a-40c2-9c91-335ffca37b34,Dum Ke Shami Kebab Recipe,indian,medium,55,standard,vegetarian,Dum Ke Shami Kebab Recipe,indian|main|north_indian|spicy|savory|non-veg|gluten_free|dairy_free|nut_free,nonveg_tags_without_meat_words
9e3e21c8-3800-4d1b-8b23-8a51352e969a,Egg Hakka Noodles Recipe,indian,hard,55,standard,non_veg,Egg Hakka Noodles Recipe,indian|main|spicy|savory|non-veg|dairy_free|nut_free|halal,nonveg_tags_without_meat_words
0cd10b8c-55ec-4ed8-a576-74b0074adee1,Eggless Red Velvet Beetroot Muffins Recipe,indian,medium,55,standard,non_veg,Eggless Red Velvet Beetroot Muffins Recipe,indian|main|sweet|sour|savory|non-veg|nut_free|halal,nonveg_tags_without_meat_words
a77eb845-cab2-438f-bde3-2b499531862d,Erode Pallipalayam Chicken Fry Recipe,indian,medium,55,standard,non_veg,Erode Pallipalayam Chicken Fry Recipe,indian|main|south_indian|spicy|savory|non-veg|gluten_free|dairy_free|nut_free|halal,nonveg_tags_without_meat_words
c4824b02-db40-447e-8c23-94948ec8b48a,Goan Style Brinjal Bharta (Recipe In Hindi),indian,medium,55,standard,vegetarian,Goan Brinjal Bharta (Recipe In Hindi),indian|main|spicy|sour|savory|non-veg|gluten_free|dairy_free|nut_free|halal,nonveg_tags_without_meat_words
fbe51ffe-5116-4387-b628-c052afa46371,Goan Style Brinjal Bharta Recipe,indian,easy,55,standard,vegetarian,Goan Brinjal Bharta Recipe,indian|main|spicy|sour|savory|non-veg|gluten_free|dairy_free|nut_free|halal,nonveg_tags_without_meat_words
71f1edd8-ff08-4cb4-b65a-11cbd1764228,Gutti Vankaya Recipe - Andhra Style Stuffed Brinjal,indian,hard,55,standard,vegetarian,Gutti Vankaya Recipe - Andhra Stuffed Brinjal,indian|main|south_indian|spicy|sour|savory|non-veg|dairy_free|halal,nonveg_tags_without_meat_words
f5f7bcda-8513-4436-b84f-9facd9eda300,Healthy Eggless Date Squares Recipe,indian,medium,55,standard,non_veg,Healthy Eggless Date Squares Recipe,indian|main|sweet|savory|non-veg|halal,nonveg_tags_without_meat_words
00daaa67-c5c6-44c4-8965-43caf096c6b5,Healthy General Tso's Chicken Recipe,indian,medium,55,standard,non_veg,Healthy General Tso's Chicken Recipe,indian|main|spicy|sweet|sour|savory|non-veg|gluten_free|dairy_free|nut_free|halal,nonveg_tags_without_meat_words
77a532a3-4869-4896-ab57-7dd276fbe3ce,Hyderabadi Chicken Shikampuri Kebab Recipe,indian,medium,55,standard,non_veg,Hyderabadi Chicken Shikampuri Kebab Recipe,indian|bread|main|spicy|sour|savory|non-veg|gluten_free|nut_free|halal,nonveg_tags_without_meat_words
a1166bb0-ccae-4ff4-9428-a2909c445034,Indonesian Potato And Chicken Croquette Recipe,indian,hard,55,standard,non_veg,Indonesian Potato And Chicken Croquette Recipe,indian|main|spicy|sweet|savory|non-veg|dairy_free|nut_free|halal,nonveg_tags_without_meat_words
3c6bc6a9-5989-4f08-8b13-adc33e7c69fd,Jello Poke Cake Recipe,indian,medium,55,standard,vegetarian,Jello Poke Cake Recipe,indian|main|sweet|savory|non-veg|halal,nonveg_tags_without_meat_words
1e573c22-981f-42b3-a2a1-cb51544ede35,Kakrar Jhal (Bengali Crab Korma Recipe),indian,medium,55,standard,vegetarian,Kakrar Jhal (Bengali Crab Korma Recipe),indian|curry|bengali|main|spicy|sweet|savory|non-veg|gluten_free|dairy_free|nut_free|halal,nonveg_tags_without_meat_words
a36e70aa-ef7e-4e50-986f-fa6f1c402e1e,Karnataka Style Badanekai Yennegai Gojju Recipe (Stuffed Brinjal Recipe),indian,hard,55,standard,vegetarian,Karnataka Badanekai Yennegai Gojju Recipe (Stuffed Brinjal Recipe),indian|main|south_indian|spicy|sweet|sour|savory|non-veg|gluten_free|dairy_free|halal,nonveg_tags_without_meat_words
3995dd5b-6852-4634-9ec9-13ae64100632,Karnataka Style Chicken Saaru Recipe,indian,hard,55,standard,non_veg,Karnataka Chicken Saaru Recipe,indian|main|south_indian|spicy|savory|non-veg|gluten_free|dairy_free|nut_free|halal,nonveg_tags_without_meat_words
ef4b3eb1-734d-406b-9af0-0a006201c3be,Karuveppilai Chicken Fry Recipe- Curry Leaf Flavoured Chicken,indian,hard,55,standard,non_veg,Karuveppilai Chicken Fry Recipe- Curry Leaf Flavoured Chicken,indian|curry|south_indian|main|spicy|savory|non-veg|gluten_free|dairy_free|nut_free|halal,nonveg_tags_without_meat_words
661e7338-3e9a-4c87-a334-65cde4baf732,Kashmiri Methi T Golemach Recipe-Minced Chicken Balls With Fenugreek Leaves,indian,medium,55,standard,non_veg,Kashmiri Methi T Golemach Recipe-Minced Chicken Balls With Fenugreek Leaves,indian|main|north_indian|spicy|savory|non-veg|dairy_free|nut_free|halal,nonveg_tags_without_meat_words
21110a68-51c5-4534-a879-39bd2027ed9e,Kashmiri Style Gushtaba Recipe - Mutton Kofta in Curd,indian,medium,55,standard,non_veg,Kashmiri Gushtaba Recipe - Mutton Kofta in Curd,indian|main|north_indian|sour|savory|non-veg|nut_free|halal,nonveg_tags_without_meat_words
e313ab79-80e4-4ada-a813-b433bfddf6b8,Keema Kaleji Recipe- Mutton Liver Mince,indian,hard,55,standard,non_veg,Keema Kaleji Recipe- Mutton Liver Mince,indian|main|north_indian|spicy|sour|savory|non-veg|nut_free|halal,nonveg_tags_without_meat_words
809365f2-56b5-4b19-87d5-b5c5a7b8eab0,Keeme Ja Bhalla Recipe - Sindhi Mutton Keema Balls In Gravy,indian,hard,55,standard,non_veg,Keeme Ja Bhalla Recipe - Sindhi Mutton Keema Balls In Gravy,indian|curry|main|spicy|savory|non-veg|dairy_free|nut_free|halal,nonveg_tags_without_meat_words
ed0f213a-5858-4ed4-ba12-a6903647dbfb,Kerala Chicken Curry Recipe With Freshly Ground Spices,indian,medium,55,standard,non_veg,Kerala Chicken Curry Recipe With Freshly Ground Spices,indian|curry|south_indian|main|spicy|savory|non-veg|gluten_free|nut_free|halal,nonveg_tags_without_meat_words
3f2c4d03-3053-433d-a8d9-4b607197dd6a,Kolhapuri Palak Egg Curry Recipe,indian,medium,55,standard,non_veg,Kolhapuri Palak Egg Curry Recipe,indian|curry|north_indian|main|spicy|savory|non-veg|dairy_free|halal,nonveg_tags_without_meat_words
5ad3109d-d258-456f-a6e5-d72fdba54040,Konkani Style Sungta Ambat Aani Tallel Sungta Recipe- Fried Prawns & Curry,indian,hard,55,standard,non_veg,Konkani Sungta Ambat Aani Tallel Sungta Recipe- Fried Prawns & Curry,indian|curry|main|spicy|sour|savory|non-veg|dairy_free|nut_free|halal,nonveg_tags_without_meat_words
aade5288-454c-4379-87cc-5c86e34f6d1c,Kumro Patai Ilish Paturi Recipe - Hilsa Fish In Pumpkin Leaves,indian,medium,55,standard,non_veg,Kumro Patai Ilish Paturi Recipe - Hilsa Fish In Pumpkin Leaves,indian|main|bengali|spicy|savory|non-veg|gluten_free|dairy_free|nut_free|halal,nonveg_tags_without_meat_words
76c74750-4cf6-4782-9e0e-8bdcbc2e29be,Lagan Ki Machli Recipe - Delicious Pomfret Curry,indian,hard,55,standard,vegetarian,Lagan Ki Machli Recipe - Delicious Pomfret Curry,indian|curry|main|spicy|sour|savory|non-veg|gluten_free|nut_free|halal,nonveg_tags_without_meat_words
2fe98e6e-b1d2-4e09-b773-79c4ac5e5614,Lemon Grilled Chicken Recipe,indian,hard,55,standard,non_veg,Lemon Grilled Chicken Recipe,indian|main|spicy|sweet|sour|savory|non-veg|gluten_free|nut_free|halal,nonveg_tags_without_meat_words
e9a9213e-f5b7-4c98-8210-67cb323267a7,Malabar Style Erachi Pathiri Recipe - Flat Bread Stuffed With Shredded Chicken,indian,hard,55,standard,non_veg,Malabar Erachi Pathiri Recipe - Flat Bread Stuffed With Shredded Chicken,indian|main|spicy|savory|non-veg|dairy_free|nut_free|halal,nonveg_tags_without_meat_words
b0649316-d782-4591-acdd-2b9a7649fb77,Malabar Style Kozhi Pidi Recipe - Rice Dumplings In Chicken Stew,indian,medium,55,standard,non_veg,Malabar Kozhi Pidi Recipe - Rice Dumplings In Chicken Stew,indian|rice|main|spicy|savory|non-veg|dairy_free|nut_free|halal,nonveg_tags_without_meat_words
a836add6-32bc-4438-8d68-78fc11bac717,Mamsaam Chops Recipe (Lamb Chops in Black Pepper Gravy),indian,medium,55,standard,non_veg,Mamsaam Chops Recipe (Lamb Chops in Black Pepper Gravy),indian|curry|main|spicy|savory|non-veg|gluten_free|nut_free|halal,nonveg_tags_without_meat_words
2817267f-50f2-4a1a-8794-3cf6afe6056e,Mangalorean Style Vaingana Mashinga Sange Sukhe/Sukka Recipe - Brinjal & Cashew Nut Stir Fry,indian,easy,55,standard,vegetarian,Mangalorean Vaingana Mashinga Sange Sukhe/Sukka Recipe - Brinjal & Cashew Nut Stir Fry,indian|main|spicy|savory|non-veg|gluten_free|dairy_free|halal,nonveg_tags_without_meat_words
2f9ac555-c4e0-4a53-b227-9538416748f9,Methi Murgh Recipe - Chicken with Fenugreek Leaves,indian,medium,55,standard,non_veg,Methi Murgh Recipe - Chicken with Fenugreek Leaves,indian|main|north_indian|spicy|savory|non-veg|gluten_free|dairy_free|nut_free|halal,nonveg_tags_without_meat_words
3790faa8-eec2-4f93-8160-539d3e75ab94,Mexican Chicken Soup Recipe,indian,medium,55,standard,non_veg,Mexican Chicken Soup Recipe,indian|main|spicy|sweet|sour|savory|non-veg|gluten_free|dairy_free|nut_free|halal,nonveg_tags_without_meat_words
eee010be-185c-4226-b9c2-05ea4c25ae04,Minced Meat & Corn Stuffed Bell Peppers Recipe,indian,easy,55,standard,vegetarian,Minced Meat & Corn Stuffed Bell Peppers Recipe,indian|main|spicy|sweet|savory|non-veg|gluten_free|nut_free|halal,nonveg_tags_without_meat_words
321db654-e6b6-477b-895f-3b2ab7411f21,Minced Meat And Egg Croquettes Recipe,indian,hard,55,standard,non_veg,Minced Meat And Egg Croquettes Recipe,indian|main|north_indian|spicy|savory|non-veg|dairy_free|nut_free|halal,nonveg_tags_without_meat_words
40395802-7904-4f0c-81fc-26500056303d,Mizoram Style Arsa Beipenek Recipe  - Spicy Chicken Stew,indian,easy,55,standard,non_veg,Mizoram Arsa Beipenek Recipe - Spicy Chicken Stew,indian|main|north_indian|spicy|savory|non-veg|dairy_free|nut_free|halal,nonveg_tags_without_meat_words
c605dacb-9b45-4ef1-b7e6-b3b8b0d8430d,Murgh Aur Masoor Dal Recipe-Bombay Style Chicken with Dal,indian,hard,55,standard,non_veg,Murgh Aur Masoor Dal Recipe-Bombay Chicken with Dal,indian|main|north_indian|spicy|sour|savory|non-veg|gluten_free|dairy_free|nut_free|halal,nonveg_tags_without_meat_words
18477e04-a4e9-46da-94a8-864c5f78122f,Mushroom Stuffed Ravioli With Burnt Butter Sauce Recipe,indian,hard,55,standard,vegetarian,Mushroom Stuffed Ravioli With Burnt Butter Sauce Recipe,indian|main|spicy|savory|non-veg|nut_free|halal,nonveg_tags_without_meat_words
23b506b5-9639-4293-8681-c44532dde3e9,Nepalese Mutton Curry Recipe,indian,hard,55,standard,non_veg,Nepalese Mutton Curry Recipe,indian|curry|main|spicy|savory|non-veg|dairy_free|nut_free|halal,nonveg_tags_without_meat_words
2e795a7f-571c-4a11-bc5d-e608c940624c,Nihari Gosht Recipe,indian,hard,55,standard,vegetarian,Nihari Gosht Recipe,indian|main|north_indian|spicy|sour|savory|non-veg|nut_free|halal,nonveg_tags_without_meat_words
154883a3-fd23-49b5-bc4c-2071339d70a9,Oats and Rajma Cutlet Recipe,indian,medium,55,standard,vegetarian,Oats and Rajma Cutlet Recipe,indian|snack|north_indian|spicy|savory|non-veg|nut_free|halal,nonveg_tags_without_meat_words
2f09dddc-def0-4674-917d-fb45d23ac9ff,Orange Flavored Barbecue Chicken With Fresh Salad Recipe,indian,medium,55,standard,non_veg,Orange Flavored Barbecue Chicken With Fresh Salad Recipe,indian|main|spicy|sweet|sour|savory|non-veg|gluten_free|nut_free|halal,nonveg_tags_without_meat_words
dd83a92c-10fb-4d45-9430-667011ec3818,Oven Crisped Burritos with Shredded Chicken Recipe,indian,medium,55,standard,non_veg,Oven Crisped Burritos with Shredded Chicken Recipe,indian|main|spicy|savory|non-veg|dairy_free|nut_free|halal,nonveg_tags_without_meat_words
006ea29f-761f-4e75-b61f-005a928e9956,Paprika Chicken Skewers Recipe,indian,easy,55,standard,non_veg,Paprika Chicken Skewers Recipe,indian|main|spicy|savory|non-veg|gluten_free|dairy_free|nut_free|halal,nonveg_tags_without_meat_words
8cd09005-496e-4f33-bfdf-3caba2e02ba5,Persian Eggplant Stew Recipe (Khoresht Bademjan),indian,easy,55,standard,non_veg,Persian Eggplant Stew Recipe (Khoresht Bademjan),indian|main|spicy|savory|non-veg|gluten_free|dairy_free|nut_free|halal,nonveg_tags_without_meat_words
6f99edd8-13b8-4188-b040-59824a4792dd,Persian Eggplant Stew Recipe - Persian Eggplant Stew Recipe,indian,medium,55,standard,non_veg,Persian Eggplant Stew Recipe - Persian Eggplant Stew Recipe,indian|main|spicy|savory|non-veg|gluten_free|dairy_free|nut_free|halal,nonveg_tags_without_meat_words
10cf23b4-3523-4fbe-892e-bc9d4667751a,Peshawari Karahi Gosht Recipe,indian,easy,55,standard,vegetarian,Peshawari Karahi Gosht Recipe,indian|main|spicy|sour|savory|non-veg|gluten_free|nut_free|halal,nonveg_tags_without_meat_words
ecb8cafd-934f-45cb-bc57-931efb7afe15,Prawns Theeyal Recipe (Chemeen Theeyal),indian,medium,55,standard,non_veg,Prawns Theeyal Recipe (Chemeen Theeyal),indian|main|south_indian|spicy|sour|savory|non-veg|gluten_free|dairy_free|nut_free|halal,nonveg_tags_without_meat_words
16905a64-0a5c-47bc-a7b1-a4fabd9a746b,Quick And Simple Egg Curry Recipe,indian,hard,55,quick,non_veg,And Simple Egg Curry Recipe,indian|curry|main|spicy|sweet|savory|non-veg|gluten_free|dairy_free|nut_free|halal,nonveg_tags_without_meat_words
5b94d317-76a4-4583-9c95-aa1cde04834b,Quinoa Vangi Bath Recipe,indian,medium,55,standard,vegetarian,Quinoa Vangi Bath Recipe,indian|main|spicy|sour|savory|non-veg|gluten_free|dairy_free|halal,nonveg_tags_without_meat_words
eab4da23-fcf5-4d91-9ca5-489b01ea0b00,Ragi (Finger Millet) Chocolate Brownie Recipe,indian,medium,55,standard,vegetarian,Ragi (Finger Millet) Chocolate Brownie Recipe,indian|main|sweet|savory|non-veg|halal,nonveg_tags_without_meat_words
7c30b328-f5fc-4919-a709-102c831be594,Rajasthani Hari Mirch Ka Maas Recipe,indian,hard,55,standard,vegetarian,Rajasthani Hari Mirch Ka Maas Recipe,indian|main|north_indian|spicy|sour|savory|non-veg|gluten_free|nut_free|halal,nonveg_tags_without_meat_words
ccacc63d-e5da-4128-a7fd-23f23e8b5b65,Rajasthani Steel White Mass Recipe,indian,medium,55,standard,vegetarian,Rajasthani Steel White Mass Recipe,indian|main|spicy|sour|savory|non-veg|halal,nonveg_tags_without_meat_words
e86f3795-e5e2-4202-a1b8-829e18dbe3f5,Restaurant Style Chettinad Style Fish Curry Recipe,indian,medium,55,standard,non_veg,Restaurant Chettinad Fish Curry Recipe,indian|curry|south_indian|main|spicy|sour|savory|non-veg|gluten_free|dairy_free|nut_free|halal,nonveg_tags_without_meat_words
1a9a7571-5109-4e39-830b-7f8615069960,Sambal Spiced Veggie Mee Goreng Recipe,indian,medium,55,standard,non_veg,Sambal Spiced Veggie Mee Goreng Recipe,indian|main|spicy|sweet|sour|savory|non-veg|dairy_free|nut_free|halal,nonveg_tags_without_meat_words
53a7ae45-5b42-4f99-b823-f43f6d4828fd,Shakshuka With Spinach & Feta Cheese Recipe,indian,medium,55,standard,vegetarian,Shakshuka With Spinach & Feta Cheese Recipe,indian|main|spicy|sweet|savory|non-veg|nut_free|halal,nonveg_tags_without_meat_words
6a6c79e6-9281-4b1b-b831-30c4654da308,Spicy & Tangy Goan Chicken Stew Recipe With Vegetables,indian,hard,55,standard,non_veg,Spicy & Tangy Goan Chicken Stew Recipe With Vegetables,indian|main|spicy|sour|savory|non-veg|gluten_free|dairy_free|nut_free|halal,nonveg_tags_without_meat_words
d53e3e6d-8d4a-4893-b4c4-f8a650c3fa6e,Spicy Schezwan Indo-Chinese Egg Fried Rice Recipe,indian,easy,55,standard,non_veg,Spicy Schezwan Indo-Chinese Egg Fried Rice Recipe,indian|rice|main|sour|savory|non-veg|gluten_free|dairy_free|nut_free|halal,nonveg_tags_without_meat_words
c555edd0-5c49-4789-a44b-cd0a2ac2fdf3,Spinach & Broad Bean Shakshuka Recipe,indian,medium,55,standard,vegetarian,Spinach & Broad Bean Shakshuka Recipe,indian|main|spicy|sweet|savory|non-veg|gluten_free|dairy_free|nut_free|halal,nonveg_tags_without_meat_words
f7d356eb-3e1d-4cbd-8196-58452f442b9b,Spinach And Feta Cheese Rotolo Recipe,indian,medium,55,standard,vegetarian,Spinach And Feta Cheese Rotolo Recipe,indian|main|spicy|savory|non-veg|nut_free|halal,nonveg_tags_without_meat_words
106fd521-c8b5-4d67-9dd8-16d05de65930,Sri Lankan Chicken Curry Recipe,indian,medium,55,standard,non_veg,Sri Lankan Chicken Curry Recipe,indian|curry|main|spicy|sour|savory|non-veg|gluten_free|dairy_free|nut_free|halal,nonveg_tags_without_meat_words
1fe64431-254f-49e7-94fc-f3f4ea39151c,Strawberry Cheesecake Muffins Recipe,indian,easy,55,standard,vegetarian,Strawberry Cheesecake Muffins Recipe,indian|main|sweet|savory|non-veg|nut_free|halal,nonveg_tags_without_meat_words
ca1fcddf-71d2-4aeb-8d42-f6ddc6cb901f,Sweet Chili Lime Grilled Chicken Recipe,indian,medium,55,standard,non_veg,Sweet Chili Lime Grilled Chicken Recipe,indian|dessert|spicy|sweet|sour|savory|non-veg|gluten_free|nut_free|halal,nonveg_tags_without_meat_words
31deb799-d309-4fc8-b726-8321f7f03f6b,Sweet Potato Gnocchi Recipe With Garlic And Herb Butter,indian,hard,55,standard,vegetarian,Sweet Potato Gnocchi Recipe With Garlic And Herb Butter,indian|dessert|spicy|sweet|sour|savory|non-veg|nut_free|halal,nonveg_tags_without_meat_words
271bdf00-41c5-4bc2-b66f-73c3736ae2b1,Tamil Nadu Style Chicken Salna Recipe,indian,hard,55,standard,non_veg,Tamil Nadu Chicken Salna Recipe,indian|main|south_indian|spicy|savory|non-veg|gluten_free|dairy_free|nut_free|halal,nonveg_tags_without_meat_words
cb4c937c-24fe-4ab4-a4bd-e2df15175990,Tandoori Chicken Curry Recipe,indian,hard,55,standard,non_veg,Tandoori Chicken Curry Recipe,indian|curry|north_indian|main|spicy|sour|savory|non-veg|nut_free|halal,nonveg_tags_without_meat_words
8e49d991-24cc-4bb6-b39d-9298de97fa1c,Teriyaki Chicken Recipe,indian,hard,55,standard,non_veg,Teriyaki Chicken Recipe,indian|main|spicy|sweet|savory|non-veg|dairy_free|nut_free|halal,nonveg_tags_without_meat_words
95a904f0-ad87-4711-a257-61c7b920e903,Thai Chicken Massaman Curry Recipe,indian,medium,55,standard,non_veg,Thai Chicken Massaman Curry Recipe,indian|curry|main|spicy|sweet|sour|savory|non-veg|gluten_free|nut_free|halal,nonveg_tags_without_meat_words
76d36144-b7f6-4d18-b1ec-666cdf9bf152,Thai Style Khao Tom Recipe (Black Rice Clear Soup Recipe),indian,medium,55,standard,vegetarian,Thai Khao Tom Recipe (Black Rice Clear Soup Recipe),indian|rice|main|spicy|sour|savory|non-veg|gluten_free|dairy_free|nut_free|halal,nonveg_tags_without_meat_words
07bb874b-9839-4146-acc3-83957a423f2e,The Best Spicy Spaghetti Bolognese Recipe,indian,hard,55,standard,vegetarian,The Best Spicy Spaghetti Bolognese Recipe,indian|main|spicy|savory|non-veg|gluten_free|nut_free,nonveg_tags_without_meat_words
57623954-a18a-45dc-b404-62b0e45b8793,Turai Baingan Ki Sabzi Recipe - Eggplant Ridge Gourd Sabzi,indian,medium,55,standard,non_veg,Turai Baingan Ki Sabzi Recipe - Eggplant Ridge Gourd Sabzi,indian|main|sweet|sour|savory|non-veg|gluten_free|dairy_free|nut_free|halal,nonveg_tags_without_meat_words
c6488a9a-d0a0-4d1c-ad1e-3028285c08bc,Turkish Chicken Gozleme Recipe-Stuffed Spinach Chicken Bread,indian,hard,55,standard,non_veg,Turkish Chicken Gozleme Recipe-Stuffed Spinach Chicken Bread,indian|main|spicy|sour|savory|non-veg|nut_free|halal,nonveg_tags_without_meat_words
8d42a4b4-76a1-4b30-9614-baac47318231,Veg Chili Cheese Burgers Recipe,indian,hard,55,standard,vegetarian,Veg Chili Cheese Burgers Recipe,indian|main|spicy|savory|non-veg|nut_free|halal,nonveg_tags_without_meat_words
d7e5247d-fb01-465e-b45b-ac33b8470fb0,Vegetarian Grilled Gyros Recipe,indian,medium,55,standard,vegetarian,Vegetarian Grilled Gyros Recipe,indian|main|spicy|sour|savory|non-veg|dairy_free|nut_free|halal,nonveg_tags_without_meat_words
982f7234-5f3b-46b1-babd-5095d044057f,Vepampoo Kara Kuzhambu Recipe (Dried Neem Flower Gravy),indian,medium,55,standard,vegetarian,Vepampoo Kara Kuzhambu Recipe (Dried Neem Flower Gravy),indian|curry|south_indian|main|spicy|sour|savory|non-veg|gluten_free|dairy_free|nut_free,nonveg_tags_without_meat_words
3c5e8e14-119f-4199-9ac4-aa8acc4ecef4,Whole Wheat Waffles with Caramelised Bananas (Egg and Eggless Recipe),indian,medium,55,standard,non_veg,Whole Wheat Waffles with Caramelised Bananas (Egg and Eggless Recipe),indian|main|sweet|savory|non-veg|nut_free|halal,nonveg_tags_without_meat_words
86b8b131-dbd3-47b0-97dd-461bc45c7144,Whole Wheat Zucchini Cake Recipe,indian,easy,55,standard,vegetarian,Whole Wheat Zucchini Cake Recipe,indian|main|sweet|sour|savory|non-veg|halal,nonveg_tags_without_meat_words
3ab0f4b9-da06-4789-926e-b5fbfca56226,Whole Wheat and Jowar (Pearl Millet) Orange Cake With Orange Glaze Recipe,indian,medium,55,standard,vegetarian,Whole Wheat and Jowar (Pearl Millet) Orange Cake With Orange Glaze Recipe,indian|main|sweet|savory|non-veg|nut_free|halal,nonveg_tags_without_meat_words
626f5580-6171-4771-8c59-77d46b59f74f,Upside Down Choco Orange Cake Recipe,indian,medium,58,standard,vegetarian,Upside Down Choco Orange Cake Recipe,indian|main|sweet|savory|non-veg|nut_free|halal,nonveg_tags_without_meat_words
55eb4233-b8b1-41f8-b9b8-27e55fdd98de,Andhra Style Mutton Curry Recipe,indian,medium,60,standard,non_veg,Andhra Mutton Curry Recipe,indian|curry|south_indian|main|spicy|savory|non-veg|gluten_free|dairy_free|nut_free|halal,nonveg_tags_without_meat_words
39bc3846-43dc-43a9-aaa9-8c25969e628b,Attukal Soup Recipe | Paya Soup,indian,easy,60,standard,vegetarian,Attukal Soup Recipe | Paya Soup,indian|main|north_indian|spicy|savory|non-veg|gluten_free|dairy_free|nut_free|halal,nonveg_tags_without_meat_words
67fc1780-c7bf-4ed7-b179-640a5cc25255,Baingan Bharta Recipe - Brinjal Bharta Recipe,indian,hard,60,standard,vegetarian,Baingan Bharta Recipe - Brinjal Bharta Recipe,indian|main|north_indian|spicy|savory|non-veg|gluten_free|nut_free|halal,nonveg_tags_without_meat_words
e8a9f4f0-ae9d-40c1-a9b7-b598a8f78f33,Baingan Bharta Recipe - Smoked Roasted Eggplant with Green Chillies and Ginger,indian,medium,60,standard,non_veg,Baingan Bharta Recipe - Smoked Roasted Eggplant with Green Chillies and Ginger,indian|main|north_indian|spicy|savory|non-veg|gluten_free|nut_free|halal,nonveg_tags_without_meat_words
f53ad3ad-d78c-44d4-9830-50f181518bb6,Bengali Style Dimer Chop Recipe,indian,hard,60,standard,vegetarian,Bengali Dimer Chop Recipe,indian|main|bengali|spicy|savory|non-veg|dairy_free|nut_free|halal,nonveg_tags_without_meat_words
5efbea11-481a-4a88-911b-6f0e9cd72fbe,Bengali Style Dimer Torka Recipe (Egg Tadka Dal Recipe),indian,medium,60,standard,non_veg,Bengali Dimer Torka Recipe (Egg Tadka Dal Recipe),indian|main|bengali|spicy|savory|non-veg|gluten_free|nut_free|halal,nonveg_tags_without_meat_words
1f730361-702a-45b3-baaa-9d1dfa84db86,Bharwa Baingan Aur Pyaaz Ki Sabzi Recipe - Roz Ka Khana With Figaro Olive Oil,indian,medium,60,standard,vegetarian,Bharwa Baingan Aur Pyaaz Ki Sabzi Recipe - Roz Ka Khana With Figaro Olive Oil,indian|main|north_indian|spicy|sweet|sour|savory|non-veg|gluten_free|dairy_free|nut_free|halal,nonveg_tags_without_meat_words
16d41b2b-e105-49ca-af30-1ee281100cfe,Bhey Vangan Saag Recipe - Sindhi Style Lotus Stem Spinach Brinjal Sabzi,indian,medium,60,standard,vegetarian,Bhey Vangan Saag Recipe - Sindhi Lotus Stem Spinach Brinjal Sabzi,indian|main|spicy|savory|non-veg|gluten_free|dairy_free|nut_free|halal,nonveg_tags_without_meat_words
c61852d5-0e57-48c5-8bc3-0e959cb1129e,Big Farm Fresh Pizza Recipe Loaded With Crisp Veggies,indian,medium,60,standard,non_veg,Big Farm Fresh Pizza Recipe Loaded With Crisp Veggies,indian|main|spicy|sweet|savory|non-veg|nut_free|halal,nonveg_tags_without_meat_words
478233c4-cf6c-46ae-b5bb-2844c00ce071,Blueberry Muffin Cake Recipe,indian,easy,60,standard,vegetarian,Blueberry Muffin Cake Recipe,indian|main|sweet|savory|non-veg|nut_free|halal,nonveg_tags_without_meat_words
d7ed770f-aff8-4fde-8914-230c7d08ddc3,Buckwheat & Oat Waffle Recipe With Bananas & Vanilla Ice Cream,indian,medium,60,standard,vegetarian,Buckwheat & Oat Waffle Recipe With Bananas & Vanilla Ice Cream,indian|main|sweet|sour|savory|non-veg|nut_free|halal,nonveg_tags_without_meat_words|quick_keyword_but_long_total_time
b64f1626-48f3-4adf-8d90-410d4d2bc44e,Buckwheat Crepe Recipe with Fruit Compote,indian,medium,60,standard,vegetarian,Buckwheat Crepe Recipe with Fruit Compote,indian|main|sweet|savory|non-veg|nut_free|halal,nonveg_tags_without_meat_words
24b262f1-a893-485d-88d0-50264194df21,Caramelized Carrots & Pumpkin Seeds Cake Recipe,indian,hard,60,standard,vegetarian,Caramelized Carrots & Pumpkin Seeds Cake Recipe,indian|main|sweet|savory|non-veg|nut_free|halal,nonveg_tags_without_meat_words
e2c5cd53-c758-4da4-8ee8-a08ce98e3818,Carrot And Orange Loaf Cake Recipe,indian,easy,60,standard,vegetarian,Carrot And Orange Loaf Cake Recipe,indian|main|sweet|sour|savory|non-veg|dairy_free|nut_free|halal,nonveg_tags_without_meat_words
2b4f8a88-1c92-4bd6-96aa-9f6aa7b480d5,Carrot Bran Breakfast Muffin Recipe,indian,medium,60,standard,vegetarian,Carrot Bran Breakfast Muffin Recipe,indian|main|sweet|savory|non-veg|nut_free|halal,nonveg_tags_without_meat_words
2554c3be-6497-4be2-a1c2-7bc3e34e1154,Cauliflower Croquettes Recipe,indian,easy,60,standard,vegetarian,Cauliflower Croquettes Recipe,indian|main|savory|non-veg|nut_free|halal,nonveg_tags_without_meat_words
36788713-700e-4df0-8ad3-fd103dbede91,"Cauliflower Crust Pizza With Pesto, Sundried Tomatoes & Goat Cheese",indian,medium,60,standard,vegetarian,"Cauliflower Crust Pizza With Pesto, Sundried Tomatoes & Goat Cheese",indian|main|spicy|savory|non-veg|gluten_free|nut_free|halal,nonveg_tags_without_meat_words
592d257b-92c2-478c-a241-c1cef9ba0c22,Chettinad Sura Meen Kuzhambu Recipe (Shark Fish Curry),indian,medium,60,standard,non_veg,Chettinad Sura Meen Kuzhambu Recipe (Shark Fish Curry),indian|curry|south_indian|main|spicy|sour|savory|non-veg|gluten_free|dairy_free|nut_free,nonveg_tags_without_meat_words
f2d60896-68d2-4aea-b9a5-45f9edd5f5d0,Chicken In A Foil Recipe,indian,medium,60,standard,non_veg,Chicken In A Foil Recipe,indian|main|spicy|sour|savory|non-veg|gluten_free|halal,nonveg_tags_without_meat_words
4471366d-efd4-48e5-81f4-a0a1337829b5,Chicken Keema Samosa Recipe,indian,hard,60,standard,non_veg,Chicken Keema Samosa Recipe,indian|snack|spicy|sour|savory|non-veg|nut_free|halal,nonveg_tags_without_meat_words
e06ba877-e88e-43e0-a548-1509fef281f6,Chicken Learned Kebab Recipe,indian,hard,60,standard,non_veg,Chicken Learned Kebab Recipe,indian|main|spicy|sour|savory|non-veg|nut_free|halal,nonveg_tags_without_meat_words
4e3f6e8a-e828-4c05-b77a-be7368acc460,Chicken Momos Recipe -Delicious Steamed Chicken Dumplings,indian,easy,60,standard,non_veg,Chicken Momos Recipe -Delicious Steamed Chicken Dumplings,indian|main|north_indian|spicy|savory|non-veg|dairy_free|nut_free|halal,nonveg_tags_without_meat_words
d63e233c-041f-48b2-b406-cedf705b15ad,Chicken Tariwala Recipe - Punjabi Murgh Tariwala Recipe,indian,medium,60,standard,non_veg,Chicken Tariwala Recipe - Punjabi Murgh Tariwala Recipe,indian|main|north_indian|spicy|sour|savory|non-veg|nut_free|halal,nonveg_tags_without_meat_words
10e312ac-d0b7-4cb5-8162-4a9bb4ca8656,Chicken Tikka Masala Recipe,indian,hard,60,standard,non_veg,Chicken Tikka Masala Recipe,indian|curry|north_indian|main|spicy|sour|savory|non-veg|gluten_free|halal,nonveg_tags_without_meat_words
c3211e50-4c17-48ac-9cc3-2a94db053059,Chocolate Crinkle Cookies Recipe,indian,medium,60,standard,vegetarian,Chocolate Crinkle Cookies Recipe,indian|main|sweet|savory|non-veg|nut_free|halal,nonveg_tags_without_meat_words
22c76763-49c0-4fd6-b173-1e005ededf93,Coffee Raisin Cake With Sugar Glaze Recipe,indian,hard,60,standard,vegetarian,Coffee Raisin Cake With Sugar Glaze Recipe,indian|main|sweet|savory|non-veg|nut_free|halal,nonveg_tags_without_meat_words|quick_keyword_but_long_total_time
5a821502-496d-46b6-b525-c828390d9573,Coorg Koli Curry Recipe - Coorgi Chicken Curry,indian,medium,60,standard,non_veg,Coorg Koli Curry Recipe - Coorgi Chicken Curry,indian|curry|main|spicy|sour|savory|non-veg|gluten_free|dairy_free|nut_free|halal,nonveg_tags_without_meat_words
d7cc8d68-f715-45b0-b241-7a92c0402a87,Creamy Kulfi Kebab Recipe With Tandoori Mayo Recipe,indian,easy,60,standard,vegetarian,Creamy Kulfi Kebab Recipe With Tandoori Mayo Recipe,indian|main|north_indian|sour|savory|non-veg|gluten_free|nut_free|halal,nonveg_tags_without_meat_words
d16dceaa-9da8-4877-823c-f94c467a6bc7,Crispy Eggless Pinwheels Bread Recipe,indian,hard,60,standard,non_veg,Crispy Eggless Pinwheels Bread Recipe,indian|main|spicy|savory|non-veg|nut_free|halal,nonveg_tags_without_meat_words
5d391a1c-380d-4923-9f9b-0a64706a2780,Croquettes Recipe With Bhetki Fish,indian,medium,60,standard,non_veg,Croquettes Recipe With Bhetki Fish,indian|main|spicy|sweet|savory|non-veg|dairy_free|nut_free|halal,nonveg_tags_without_meat_words|quick_keyword_but_long_total_time
6032cf8d-888e-4478-881b-2e443a76dbfc,Dulce De Leche Brownie Recipe,indian,easy,60,standard,vegetarian,Dulce De Leche Brownie Recipe,indian|main|sweet|savory|non-veg|halal,nonveg_tags_without_meat_words
05420ba1-6236-4032-8376-0ead0df810e2,Dum Murgh Aatishi Recipe - Spicy Smoked Chicken Recipe,indian,hard,60,standard,non_veg,Dum Murgh Aatishi Recipe - Spicy Smoked Chicken Recipe,indian|main|north_indian|spicy|sour|savory|non-veg|gluten_free|halal,nonveg_tags_without_meat_words
0231d17a-50de-4475-b424-0568164ffa31,Egg Butter Masala Recipe,indian,hard,60,standard,non_veg,Egg Butter Masala Recipe,indian|curry|main|spicy|savory|non-veg|halal,nonveg_tags_without_meat_words
15f7ef07-be6a-494f-9e93-466359a8d1f7,Eggless & Gluten free Oats Banana Brownie Recipe,indian,medium,60,standard,non_veg,Eggless & Gluten free Oats Banana Brownie Recipe,indian|main|sweet|savory|non-veg|gluten_free|dairy_free|halal,nonveg_tags_without_meat_words|quick_keyword_but_long_total_time
5de1e113-bb14-4895-832b-a96d3982232c,Eggless Apple Strudel Recipe With Homemade Pastry Sheet,indian,easy,60,standard,non_veg,Eggless Apple Strudel Recipe With Homemade Pastry Sheet,indian|main|sweet|savory|non-veg|halal,nonveg_tags_without_meat_words
124fabfc-d936-4ba0-9333-7dfcc2cfc15c,Eggless Beetroot Brownie Recipe Made With Amaranth Flour,indian,medium,60,standard,non_veg,Eggless Beetroot Brownie Recipe Made With Amaranth Flour,indian|main|sweet|savory|non-veg|halal,nonveg_tags_without_meat_words
64cfa4f7-538f-448c-b485-da0394ffc045,Eggless Cake Pops Recipe,indian,easy,60,standard,non_veg,Eggless Cake Pops Recipe,indian|main|sweet|savory|non-veg|nut_free|halal,nonveg_tags_without_meat_words
b157b07a-6940-4454-9f60-bc32347703f1,Eggless Cinnamon Flavoured Apple & Plum Cake Recipe,indian,medium,60,standard,non_veg,Eggless Cinnamon Flavoured Apple & Plum Cake Recipe,indian|main|sweet|sour|savory|non-veg|nut_free|halal,nonveg_tags_without_meat_words|quick_keyword_but_long_total_time
c03ff76b-b11c-4d98-8fec-40157136a7b9,Eggless Custard Cookie Recipe,indian,medium,60,standard,non_veg,Eggless Custard Cookie Recipe,indian|main|sweet|savory|non-veg|nut_free|halal,nonveg_tags_without_meat_words
f1c4f58c-398b-4ec9-8325-4c068e7fb7c4,Eggless Date And Cashew Cake Recipe,indian,easy,60,standard,non_veg,Eggless Date And Cashew Cake Recipe,indian|main|sweet|savory|non-veg|dairy_free|halal,nonveg_tags_without_meat_words
19036e20-3152-45f9-aee6-3bfc76206816,Eggless Fudgy Chocolate Chunk Brownie Recipe,indian,medium,60,standard,non_veg,Eggless Fudgy Chocolate Chunk Brownie Recipe,indian|main|sweet|savory|non-veg|nut_free|halal,nonveg_tags_without_meat_words
3ab71c26-4470-482b-8b1c-9b9c5c4c7ccb,Eggless Spicy Spinach Bread Recipe,indian,medium,60,standard,non_veg,Eggless Spicy Spinach Bread Recipe,indian|main|spicy|sour|savory|non-veg|nut_free|halal,nonveg_tags_without_meat_words
761da22b-c468-4e05-b5ee-85431abf32d1,"Eggless Strawberry, Rose And Pistachio Cake Recipe",indian,medium,60,standard,non_veg,"Eggless Strawberry, Rose And Pistachio Cake Recipe",indian|main|sweet|savory|non-veg|halal,nonveg_tags_without_meat_words|quick_keyword_but_long_total_time
65e95e89-4b72-4994-a26d-7ef81e716bd1,Eggless Whole Wheat Banana Muffins Recipe,indian,medium,60,standard,non_veg,Eggless Whole Wheat Banana Muffins Recipe,indian|main|sweet|savory|non-veg|halal,nonveg_tags_without_meat_words
0c7c0c2f-dccf-49c2-ad54-caa08d3c21c3,Eggless Whole Wheat Cake with Chocolate Buttercream Frosting Recipe,indian,medium,60,standard,non_veg,Eggless Whole Wheat Cake with Chocolate Buttercream Frosting Recipe,indian|main|sweet|sour|savory|non-veg|halal,nonveg_tags_without_meat_words
1ccdcec3-9f14-4497-9bf2-6d7fd96d26f5,Eggless Whole Wheat Pineapple Muffins Recipe,indian,easy,60,standard,non_veg,Eggless Whole Wheat Pineapple Muffins Recipe,indian|main|sweet|sour|savory|non-veg|nut_free|halal,nonveg_tags_without_meat_words
0cb41b9b-d404-423c-a6e4-66591e65195c,Eggless Whole Wheat Tutti Frutti Cake Recipe,indian,easy,60,standard,non_veg,Eggless Whole Wheat Tutti Frutti Cake Recipe,indian|main|sweet|sour|savory|non-veg|nut_free|halal,nonveg_tags_without_meat_words
8d407dbd-8900-4924-9a7a-f86e5dfdce3c,Eggless Wholewheat And Custard Powder Coconut Cookies Recipe,indian,easy,60,standard,non_veg,Eggless Wholewheat And Custard Powder Coconut Cookies Recipe,indian|main|sweet|savory|non-veg|nut_free|halal,nonveg_tags_without_meat_words
c2a352bd-3e08-4d39-a34f-1c793787a62d,Fennel Potato Croquettes With Paneer Recipe,indian,medium,60,standard,vegetarian,Fennel Potato Croquettes With Paneer Recipe,indian|main|spicy|savory|non-veg|nut_free|halal,nonveg_tags_without_meat_words
5282952e-7b22-489e-a4f3-871a27cd0e65,Filter Coffee Fudge Brownies Recipe,indian,medium,60,standard,vegetarian,Filter Coffee Fudge Brownies Recipe,indian|main|sweet|savory|non-veg|halal,nonveg_tags_without_meat_words|quick_keyword_but_long_total_time
78d86970-c505-47a8-8153-c4dabcb09f4f,Flourless Mud Pie Recipe,indian,medium,60,standard,vegetarian,Flourless Mud Pie Recipe,indian|main|sweet|savory|non-veg|halal,nonveg_tags_without_meat_words
879f3423-5540-4fc8-bc3e-73302f53121e,Goan Style Kulkuls Recipe (Honey glazed wheat Curls Recipe),indian,easy,60,standard,vegetarian,Goan Kulkuls Recipe (Honey glazed wheat Curls Recipe),indian|main|sweet|savory|non-veg|nut_free|halal,nonveg_tags_without_meat_words
95760410-de94-4dce-b190-c1aa11695483,Greek Style Briami Recipe (Simple Vegetable Stew Recipe),indian,medium,60,standard,vegetarian,Greek Briami Recipe (Simple Vegetable Stew Recipe),indian|main|spicy|savory|non-veg|gluten_free|dairy_free|nut_free|halal,nonveg_tags_without_meat_words
38adf217-f317-4fc7-9a81-287432fef477,Grilled Eggplant Roll Recipe With Spicy Herbed Carrots,indian,easy,60,standard,non_veg,Grilled Eggplant Roll Recipe With Spicy Herbed Carrots,indian|main|spicy|savory|non-veg|gluten_free|nut_free|halal,nonveg_tags_without_meat_words
749e0fa3-8ea3-4791-9734-d2c8d1a39dee,Hariyali Mutton Curry Recipe,indian,medium,60,standard,non_veg,Hariyali Mutton Curry Recipe,indian|curry|north_indian|main|spicy|savory|non-veg|gluten_free|dairy_free|nut_free|halal,nonveg_tags_without_meat_words
84b608a6-bdad-4858-b7e6-0df8c34b51ae,Haryanvi Saag Gosht Recipe,indian,medium,60,standard,vegetarian,Haryanvi Saag Gosht Recipe,indian|main|spicy|savory|non-veg|gluten_free|dairy_free|nut_free|halal,nonveg_tags_without_meat_words
eedc601b-9cda-4a00-8f80-6e115e6bc831,Herbed Lentil Loaf Recipe Using Horsegram,indian,medium,60,standard,vegetarian,Herbed Lentil Loaf Recipe Using Horsegram,indian|main|spicy|sour|savory|non-veg|dairy_free|nut_free|halal,nonveg_tags_without_meat_words|quick_keyword_but_long_total_time
705276ad-0bcc-43b9-9190-2d48b33d9dae,Homemade Tagliatelle Pasta with Capers and Bell peppers Recipe,indian,easy,60,standard,vegetarian,Homemade Tagliatelle Pasta with Capers and Bell peppers Recipe,indian|main|spicy|savory|non-veg|dairy_free|nut_free|halal,nonveg_tags_without_meat_words
be97c97a-5f14-4038-88d0-6cf4d8cedf7d,Homemade Vada Pav Recipe With Spinach Corn Tikki,indian,hard,60,standard,vegetarian,Homemade Vada Pav Recipe With Spinach Corn Tikki,indian|main|spicy|sweet|savory|non-veg|nut_free|halal,nonveg_tags_without_meat_words
2f94b137-5497-49f1-94ba-8a82f5618cbd,Indian Chicken Keema Sliders Recipe,indian,hard,60,standard,non_veg,Indian Chicken Keema Sliders Recipe,indian|main|spicy|sour|savory|non-veg|gluten_free|nut_free|halal,nonveg_tags_without_meat_words
14a6c859-0485-46fc-8f93-f9737dd341c8,Kakrar Jhal Recipe - Bengali Style Crab Curry,indian,hard,60,standard,vegetarian,Kakrar Jhal Recipe - Bengali Crab Curry,indian|curry|bengali|main|spicy|sweet|savory|non-veg|gluten_free|dairy_free|nut_free|halal,nonveg_tags_without_meat_words
7356fc22-cc7b-43ed-b098-b7d68175f9e7,Kashmiri Style Haak T Thool Recipe - Greens Cooked With Eggs,indian,easy,60,standard,non_veg,Kashmiri Haak T Thool Recipe - Greens Cooked With Eggs,indian|main|north_indian|spicy|savory|non-veg|gluten_free|dairy_free|nut_free|halal,nonveg_tags_without_meat_words
3c7dfd18-9b4b-4526-a366-d06177a41f3f,Khamiri Roti Recipe,indian,easy,60,standard,vegetarian,Khamiri Roti Recipe,indian|bread|north_indian|main|sweet|savory|non-veg|nut_free,nonveg_tags_without_meat_words
fc3457b1-8e37-4176-8f93-1dda96604d58,Kori Gassi Recipe - Mangalorean Traditional Chicken Curry With Coconut Milk,indian,hard,60,traditional,non_veg,Kori Gassi Recipe - Mangalorean Chicken Curry With Coconut Milk,indian|curry|main|spicy|sour|savory|non-veg|gluten_free|nut_free|halal,nonveg_tags_without_meat_words
3baf9c3a-4886-4b2f-a205-50b987a58633,Macher Chop Recipe (Bengali Style Fish Croquettes),indian,hard,60,standard,non_veg,Macher Chop Recipe (Bengali Fish Croquettes),indian|main|bengali|spicy|sweet|savory|non-veg|dairy_free|nut_free|halal,nonveg_tags_without_meat_words
fc02ae71-409f-4a41-9b27-187e58e7a015,Maharashtrian Style Bhogichi Bhaji Recipe - Mixed Vegetable Curry,indian,hard,60,standard,vegetarian,Maharashtrian Bhogichi Bhaji Recipe - Mixed Vegetable Curry,indian|curry|main|spicy|sweet|savory|non-veg|gluten_free|dairy_free|nut_free|halal,nonveg_tags_without_meat_words
31f66769-5e88-49b7-ae0a-18d1ea7f5dde,Malabar Mutton Biryani Recipe,indian,hard,60,standard,non_veg,Malabar Mutton Biryani Recipe,indian|rice|main|spicy|sour|savory|non-veg|halal,nonveg_tags_without_meat_words
18e7f119-b531-408d-8bee-a6d5919b07ab,Malabar Prawn Curry Recipe,indian,medium,60,standard,non_veg,Malabar Prawn Curry Recipe,indian|curry|south_indian|main|spicy|sour|savory|non-veg|gluten_free|nut_free|halal,nonveg_tags_without_meat_words
3223759f-1800-4c7a-9de5-dbfe2329ed64,Mambazha Pulissery Recipe - Mango Mor Kuzhambu Recipe,indian,easy,60,standard,vegetarian,Mambazha Pulissery Recipe - Mango Mor Kuzhambu Recipe,indian|main|south_indian|spicy|sweet|sour|savory|non-veg|gluten_free|nut_free,nonveg_tags_without_meat_words
7eb77d77-6fcc-4f3d-ac13-a0290e007c2b,Mangalore Buns Recipe - Puffed Banana Puris,indian,easy,60,standard,vegetarian,Mangalore Buns Recipe - Puffed Banana Puris,indian|bread|main|sweet|sour|savory|non-veg|nut_free,nonveg_tags_without_meat_words
b612d9c4-d94f-449f-8325-541d69d89639,Mawa Gujiya With Badam and Pista Recipe,indian,hard,60,standard,vegetarian,Mawa Gujiya With Badam and Pista Recipe,indian|main|north_indian|sweet|savory|non-veg|halal,nonveg_tags_without_meat_words
d91c170e-9c54-41c7-a19a-397deb6772ed,Mexican Chicken Meatball Chilli Stew Recipe,indian,hard,60,standard,non_veg,Mexican Chicken Meatball Chilli Stew Recipe,indian|main|spicy|savory|non-veg|gluten_free|dairy_free|nut_free|halal,nonveg_tags_without_meat_words
b7fbb26a-b58d-4457-ae38-8105c33f0a3c,Mudaliar Style Omelette Curry Recipe,indian,medium,60,standard,vegetarian,Mudaliar Omelette Curry Recipe,indian|curry|south_indian|main|spicy|sour|savory|non-veg|gluten_free|nut_free|halal,nonveg_tags_without_meat_words
7a206c6b-c72a-44b0-a8a7-6af1245464ee,Mughlai Style Chicken Changezi Recipe,indian,hard,60,standard,non_veg,Mughlai Chicken Changezi Recipe,indian|main|north_indian|spicy|sour|savory|non-veg|gluten_free|nut_free|halal,nonveg_tags_without_meat_words
e76ad055-c44d-47a8-88ae-5f5f7cd9980b,Mutton KM Samos Recipe-Meat Singara,indian,hard,60,standard,non_veg,Mutton KM Samos Recipe-Meat Singara,indian|main|spicy|savory|non-veg|nut_free|halal,nonveg_tags_without_meat_words
5f23f2eb-37f5-4f49-a0ae-451b41a320e7,Oats Cheela Recipe Stuffed With Creamy Palak Paneer,indian,easy,60,standard,vegetarian,Oats Cheela Recipe Stuffed With Creamy Palak Paneer,indian|main|spicy|savory|non-veg|nut_free|halal,nonveg_tags_without_meat_words|quick_keyword_but_long_total_time
d6d88e5e-03f6-4db6-8cd2-1e71655b9cef,Oil Free Gujarati Undhiyu Recipe - No Onion No Garlic,indian,hard,60,standard,vegetarian,Oil Free Gujarati Undhiyu Recipe - No Onion No Garlic,indian|main|gujarati|spicy|sweet|savory|non-veg|dairy_free|nut_free|halal,nonveg_tags_without_meat_words|quick_keyword_but_long_total_time
03e8a469-b4e1-40cd-a98b-8f7e62823396,Orange & Date Muffin Recipe,indian,medium,60,standard,vegetarian,Orange & Date Muffin Recipe,indian|main|sweet|savory|non-veg|halal,nonveg_tags_without_meat_words
f920aff8-00c6-4104-9f4f-34cf43cd7791,Orange Cranberry Cupcakes Recipe,indian,easy,60,standard,vegetarian,Orange Cranberry Cupcakes Recipe,indian|main|sweet|savory|non-veg|nut_free|halal,nonveg_tags_without_meat_words
fbf4d86f-0e42-499d-8476-0154b85e407c,Oriya Style Ambila Recipe-Sweet & Spicy Mixed Vegetable Sabzi,indian,hard,60,standard,vegetarian,Oriya Ambila Recipe-Sweet & Spicy Mixed Vegetable Sabzi,indian|dessert|spicy|sweet|sour|savory|non-veg|nut_free|halal,nonveg_tags_without_meat_words
122d3a4a-27a8-4c7a-b208-e5a5f9928bd1,Pabda Macher Kalo Jeera Diye Recipe - Bengali Pabda Fish Curry,indian,hard,60,standard,non_veg,Pabda Macher Kalo Jeera Diye Recipe - Bengali Pabda Fish Curry,indian|curry|bengali|main|spicy|savory|non-veg|gluten_free|dairy_free|nut_free|halal,nonveg_tags_without_meat_words
f7beda01-75df-4a86-a5a2-3e71efd48063,Pakodi Koora Recipes,indian,medium,60,standard,vegetarian,Pakodi Koora Recipes,indian|main|spicy|savory|non-veg|dairy_free|halal,nonveg_tags_without_meat_words
2994fa02-13da-43b5-b3ba-618b213a41f5,Potato Roulade Recipe,indian,easy,60,standard,vegetarian,Potato Roulade Recipe,indian|main|spicy|sweet|savory|non-veg|nut_free|halal,nonveg_tags_without_meat_words
15e68f14-019b-4223-b1e9-ac2dec6b9d99,Prawns Biryani Recipe,indian,medium,60,standard,non_veg,Prawns Biryani Recipe,indian|rice|main|spicy|sour|savory|non-veg|nut_free|halal,nonveg_tags_without_meat_words
62eac753-7f57-485b-b46c-37178b271d46,Quatre Quart Pound Cake Recipe With Fresh Figs,indian,medium,60,standard,vegetarian,Quatre Quart Pound Cake Recipe With Fresh Figs,indian|main|sweet|savory|non-veg|nut_free|halal,nonveg_tags_without_meat_words
c22114b0-1363-4f3b-8855-7d62ac8529c2,Quick & Spicy Mutton Curry Recipe,indian,medium,60,quick,non_veg,& Spicy Mutton Curry Recipe,indian|curry|main|spicy|savory|non-veg|gluten_free|dairy_free|nut_free|halal,nonveg_tags_without_meat_words|quick_keyword_but_long_total_time
d5cba419-6b2e-40dd-89d7-1bc91516a989,Quinoa-Flaxseed Banana Muffins Recipe,indian,medium,60,standard,vegetarian,Quinoa-Flaxseed Banana Muffins Recipe,indian|main|sweet|sour|savory|non-veg|nut_free|halal,nonveg_tags_without_meat_words|quick_keyword_but_long_total_time
e51ea702-e5dc-430a-b51b-dd2dcb512592,Rajma Wrap Recipe With Carrot Cucumber Sandwich Spread,indian,medium,60,standard,vegetarian,Rajma Wrap Recipe With Carrot Cucumber Sandwich Spread,indian|main|spicy|savory|non-veg|dairy_free|nut_free|halal,nonveg_tags_without_meat_words
7cf8d6e9-4324-43c8-91b3-843098afe9cb,Red Wine Chocolate Cake Recipe,indian,easy,60,standard,vegetarian,Red Wine Chocolate Cake Recipe,indian|main|sweet|savory|non-veg|nut_free|halal,nonveg_tags_without_meat_words
8adfc5c8-efb4-4f11-ad39-7fee39a8488f,Roasted Onion Gosht Recipe - Mutton Curry with Roasted Onion & Spices,indian,hard,60,standard,non_veg,Roasted Onion Gosht Recipe - Mutton Curry with Roasted Onion & Spices,indian|curry|north_indian|main|spicy|sour|savory|non-veg|nut_free|halal,nonveg_tags_without_meat_words
5768816b-1d88-4cdd-9df5-04ac99636a4a,Safed Achari Baingan Recipe - White Aubergine in pickled spices,indian,hard,60,standard,vegetarian,Safed Achari Baingan Recipe - White Aubergine in pickled spices,indian|side|spicy|sour|savory|non-veg|gluten_free|dairy_free|nut_free|halal,nonveg_tags_without_meat_words|quick_keyword_but_long_total_time
69aa26cf-de4a-4559-9340-e2c2a9e52ff8,Shredded Mutton With Caramelized Onions Recipe,indian,easy,60,standard,non_veg,Shredded Mutton With Caramelized Onions Recipe,indian|main|spicy|savory|non-veg|gluten_free|dairy_free|nut_free|halal,nonveg_tags_without_meat_words|quick_keyword_but_long_total_time
9168cba6-a25f-4023-9cde-390a7f2176c8,Shrimp Stir Fry With Cheesy Dip Mayo Recipe,indian,medium,60,standard,vegetarian,Shrimp Stir Fry With Cheesy Dip Mayo Recipe,indian|main|spicy|savory|non-veg|gluten_free|dairy_free|nut_free|halal,nonveg_tags_without_meat_words
359199bf-ce28-48c8-bdb6-9bc3f23a5298,Shrimp Walnut Bruschetta Recipe Flavored With Cheesy Dip,indian,hard,60,standard,vegetarian,Shrimp Walnut Bruschetta Recipe Flavored With Cheesy Dip,indian|main|spicy|savory|non-veg|gluten_free|halal,nonveg_tags_without_meat_words
a7d71d3d-cbf3-41c2-b8cf-f4100de18b72,Soft Millet Taco Recipe Topped With Hummus & Veggies,indian,hard,60,standard,non_veg,Soft Millet Taco Recipe Topped With Hummus & Veggies,indian|main|spicy|sweet|savory|non-veg|nut_free|halal,nonveg_tags_without_meat_words
ba62ce9e-5e09-4011-9f06-c459e4641fc6,Spiced Carrot Walnut Cake Recipe With Chocolate,indian,easy,60,standard,vegetarian,Spiced Carrot Walnut Cake Recipe With Chocolate,indian|main|sweet|savory|non-veg|dairy_free|halal,nonveg_tags_without_meat_words
e4c18c87-599e-4f41-8857-1b01624d24ce,Spicy Chettinad Fish Fry Recipe,indian,medium,60,standard,non_veg,Spicy Chettinad Fish Fry Recipe,indian|main|south_indian|spicy|sour|savory|non-veg|gluten_free|dairy_free|nut_free|halal,nonveg_tags_without_meat_words
66f426fa-a5ee-4b98-bb8d-c9611adf3087,Spicy Coconut Peanut Stuffed Baby Brinjal Recipe,indian,hard,60,standard,vegetarian,Spicy Coconut Peanut Stuffed Baby Brinjal Recipe,indian|main|spicy|savory|non-veg|gluten_free|dairy_free|halal,nonveg_tags_without_meat_words
43c8c319-3a24-4204-be9e-9a81554c6d86,Sri Lankan Egg Curry Recipe,indian,medium,60,standard,non_veg,Sri Lankan Egg Curry Recipe,indian|curry|main|spicy|savory|non-veg|gluten_free|nut_free|halal,nonveg_tags_without_meat_words|quick_keyword_but_long_total_time
85feb1a2-80d3-4feb-a8aa-9e6dd1ea82ea,Stuffed Chicken Recipe With Mixed Vegetables,indian,medium,60,standard,non_veg,Stuffed Chicken Recipe With Mixed Vegetables,indian|main|spicy|sour|savory|non-veg|gluten_free|halal,nonveg_tags_without_meat_words
b04b48b3-2f0a-4b5a-ae6b-cfa630ffc42b,Tamil Nadu Style Pulses Broth Recipe - Fruit Lentil Surri,indian,medium,60,standard,vegetarian,Tamil Nadu Pulses Broth Recipe - Fruit Lentil Surri,indian|main|south_indian|spicy|sour|savory|non-veg|gluten_free|dairy_free|nut_free|halal,nonveg_tags_without_meat_words
00cbb85e-3a04-4f32-bb27-0361198f6f2a,Tomato Chicken Roast Recipe Flavoured With Kasuri Methi,indian,medium,60,standard,non_veg,Tomato Chicken Roast Recipe Flavoured With Kasuri Methi,indian|main|spicy|savory|non-veg|gluten_free|dairy_free|nut_free|halal,nonveg_tags_without_meat_words
2b38b8cc-e7e6-48ab-8e9b-1637f139870d,Vegetarian Moussaka with Mushrooms Sauce Recipe,indian,hard,60,standard,vegetarian,Vegetarian Moussaka with Mushrooms Sauce Recipe,indian|main|spicy|savory|non-veg|nut_free|halal,nonveg_tags_without_meat_words
543b93d8-cdbb-4349-a463-92c2c54a3780,Vegetarian Thukpa Recipe,indian,hard,60,standard,vegetarian,Vegetarian Thukpa Recipe,indian|main|spicy|sour|savory|non-veg|dairy_free|nut_free|halal,nonveg_tags_without_meat_words|quick_keyword_but_long_total_time
0c2ca8b7-580b-4526-8677-d6d302a8b19c,Veggie Chop Burger Recipe,indian,hard,60,standard,non_veg,Veggie Chop Burger Recipe,indian|main|spicy|sweet|savory|non-veg|dairy_free|nut_free|halal,nonveg_tags_without_meat_words
fd3d221d-32c2-46e7-a875-9ba159696c3d,Whole Wheat Cupcakes Recipe,indian,easy,60,standard,vegetarian,Whole Wheat Cupcakes Recipe,indian|main|sweet|savory|non-veg|nut_free|halal,nonveg_tags_without_meat_words
80e053cf-b73c-433f-a9e1-cd535eb35241,"Whole Wheat, Oatmeal and Amaranth Fruitcake Cookie Recipe",indian,hard,60,standard,vegetarian,"Whole Wheat, Oatmeal and Amaranth Fruitcake Cookie Recipe",indian|main|sweet|savory|non-veg|halal,nonveg_tags_without_meat_words|quick_keyword_but_long_total_time
e731066e-653f-4033-b458-28c795077a6f,Zafrani Mawa Cake Recipe (Saffron Flavored Milk Cake),indian,easy,60,standard,vegetarian,Zafrani Mawa Cake Recipe (Saffron Flavored Milk Cake),indian|main|sweet|savory|non-veg|nut_free|halal,nonveg_tags_without_meat_words
e9d7c83f-4c85-4d18-b17b-2a31ae93c698,Baked Eggplant Stuffed with Red Lentil Hummus Recipe,indian,hard,65,standard,non_veg,Baked Eggplant Stuffed with Red Lentil Hummus Recipe,indian|main|spicy|sweet|sour|savory|non-veg|gluten_free|halal,nonveg_tags_without_meat_words
dcc7fdee-52f5-4119-9934-aa6ae2c81ac1,Banana Chia Seeds Muesli Muffin Recipe,indian,medium,65,standard,vegetarian,Banana Chia Seeds Muesli Muffin Recipe,indian|main|savory|non-veg|nut_free|halal,nonveg_tags_without_meat_words
c5417378-7e20-40e0-869d-ebfcc2a93b23,Bengali Egg Curry Recipe,indian,hard,65,standard,non_veg,Bengali Egg Curry Recipe,indian|curry|bengali|main|spicy|savory|non-veg|dairy_free|nut_free|halal,nonveg_tags_without_meat_words
502ec43d-3d11-4d07-b37a-52f10c7bdcd2,Cantonese Style Vegetarian Chowmein Recipes,indian,hard,65,standard,vegetarian,Cantonese Vegetarian Chowmein Recipes,indian|main|spicy|sweet|sour|savory|non-veg|dairy_free|nut_free|halal,nonveg_tags_without_meat_words
4a75525d-05a7-4788-85a5-83c419f03420,Caramelized Coconut Cake Recipe,indian,hard,65,standard,vegetarian,Caramelized Coconut Cake Recipe,indian|main|sweet|savory|non-veg|nut_free|halal,nonveg_tags_without_meat_words
da89d5e9-197d-4b20-a5bc-8c70fbe238d2,Carrot and Oats  Whole Wheat Bread Recipe,indian,medium,65,standard,vegetarian,Carrot and Oats Whole Wheat Bread Recipe,indian|main|savory|non-veg|nut_free|halal,nonveg_tags_without_meat_words|quick_keyword_but_long_total_time
850f61b5-bbfb-4dd7-ade1-650b8fd7125c,Chicken And Shrimp Bánh Xèo Recipe  -Vietnamese Stuffed Crepe,indian,hard,65,standard,non_veg,Chicken And Shrimp Bánh Xèo Recipe -Vietnamese Stuffed Crepe,indian|main|spicy|sweet|sour|savory|non-veg|nut_free|halal,nonveg_tags_without_meat_words
e4c7df0c-81e9-4bd9-8bfd-a16c940e2030,Chicken Manchurian Recipe,indian,hard,65,standard,non_veg,Chicken Manchurian Recipe,indian|main|spicy|sour|savory|non-veg|dairy_free|nut_free|halal,nonveg_tags_without_meat_words
2a7d4023-a45a-4253-ab35-4999dd32124c,Chicken Stuffed Bread Recipe,indian,hard,65,standard,non_veg,Chicken Stuffed Bread Recipe,indian|main|spicy|sweet|savory|non-veg|nut_free|halal,nonveg_tags_without_meat_words
54b33aad-65be-49ab-9c1b-954080040843,Chicken and Mushroom Pot Pie Recipe,indian,hard,65,standard,non_veg,Chicken and Mushroom Pot Pie Recipe,indian|main|spicy|savory|non-veg|gluten_free|dairy_free|nut_free|halal,nonveg_tags_without_meat_words
c81c131e-cc99-485e-82a5-c65225ff0953,Chocolate Almond Raisin Cookie Recipe,indian,hard,65,standard,vegetarian,Chocolate Almond Raisin Cookie Recipe,indian|main|sweet|savory|non-veg|halal,nonveg_tags_without_meat_words
796616a1-6765-4274-9bce-4982e2b20c12,Creamy Spinach And Potato Breakfast Casserole Recipe,indian,hard,65,standard,vegetarian,Creamy Spinach And Potato Breakfast Casserole Recipe,indian|main|spicy|savory|non-veg|gluten_free|nut_free|halal,nonveg_tags_without_meat_words
97dbbea9-17e9-45b1-a30b-d75a94673162,Dim Posto Recipe - Bengali Egg Curry With Poppy Seeds,indian,hard,65,standard,non_veg,Dim Posto Recipe - Bengali Egg Curry With Poppy Seeds,indian|curry|bengali|main|spicy|sweet|savory|non-veg|dairy_free|nut_free|halal,nonveg_tags_without_meat_words
178b09fa-8566-4ef2-99f6-f67030077dff,Dimer Malai Curry Recipe (Bengali Style Egg Curry In Coconut Milk),indian,hard,65,standard,non_veg,Dimer Malai Curry Recipe (Bengali Egg Curry In Coconut Milk),indian|curry|bengali|main|spicy|savory|non-veg|nut_free|halal,nonveg_tags_without_meat_words|quick_keyword_but_long_total_time
89873ed1-d16c-49c0-b12a-44a9ef68a60c,Eggless Chocolate Banana Cake Recipe,indian,hard,65,standard,non_veg,Eggless Chocolate Banana Cake Recipe,indian|main|sweet|savory|non-veg|nut_free|halal,nonveg_tags_without_meat_words
27a18e84-527e-44c9-ac8b-9a5b8bffb951,Eggless Tutti Frutti Cake Recipe,indian,hard,65,standard,non_veg,Eggless Tutti Frutti Cake Recipe,indian|main|sweet|sour|savory|non-veg|nut_free|halal,nonveg_tags_without_meat_words
d716b3c6-9178-460f-a52c-feeea226e3e9,Fish Fry Recipe - Kerala Style Fish Split,indian,medium,65,standard,non_veg,Fish Fry Recipe - Kerala Fish Split,indian|main|south_indian|spicy|sour|savory|non-veg|gluten_free|dairy_free|nut_free|halal,nonveg_tags_without_meat_words
e1b24413-40ca-45f9-8799-03341f47df21,Giant Chocolate Chunk Cookie Recipe with Walnuts,indian,medium,65,standard,vegetarian,Giant Chocolate Chunk Cookie Recipe with Walnuts,indian|main|sweet|savory|non-veg|halal,nonveg_tags_without_meat_words
94d87091-2e74-442b-a8f1-b4684a2110fb,Ginger Brandy Cookie Recipe,indian,medium,65,standard,vegetarian,Ginger Brandy Cookie Recipe,indian|main|sweet|savory|non-veg|nut_free|halal,nonveg_tags_without_meat_words
49ab1bbb-3e62-4f6f-a02e-4bbd1dea9b80,Healthy Whole Wheat Brown Butter Banana Bread Recipe,indian,hard,65,standard,vegetarian,Healthy Whole Wheat Brown Butter Banana Bread Recipe,indian|main|sweet|savory|non-veg|halal,nonveg_tags_without_meat_words
d231dbc6-633d-465a-bef6-74a6b6c4bee0,Jerk Chicken With Rice And Peas Pilaf Recipe,indian,hard,65,standard,non_veg,Jerk Chicken With Rice And Peas Pilaf Recipe,indian|rice|main|sour|savory|non-veg|nut_free|halal,nonveg_tags_without_meat_words
4a7c5efe-a0db-453f-91a6-1086b98d132f,Kadali Bhanda O Chingudi Tarkari Recipe (Odia Style Banana Blossom & Prawn Curry),indian,hard,65,standard,non_veg,Kadali Bhanda O Chingudi Tarkari Recipe (Odia Banana Blossom & Prawn Curry),indian|curry|main|spicy|sweet|savory|non-veg|dairy_free|nut_free|halal,nonveg_tags_without_meat_words
e8b47045-473a-45c1-a69a-344d71008598,Kashmiri Style Mutton Gogji Syun Recipe - Mutton & Turnip,indian,medium,65,standard,non_veg,Kashmiri Mutton Gogji Syun Recipe - Mutton & Turnip,indian|main|north_indian|spicy|savory|non-veg|gluten_free|dairy_free|nut_free|halal,nonveg_tags_without_meat_words
3c9dd8ce-e9b0-4ec5-88b8-741a8a6ce8dd,Kerala Mutton Roast Recipe - Kerala Mutton Masala,indian,hard,65,standard,non_veg,Kerala Mutton Roast Recipe - Kerala Mutton Masala,indian|curry|south_indian|main|spicy|savory|non-veg|gluten_free|dairy_free|nut_free|halal,nonveg_tags_without_meat_words
b45e87b4-d12a-4551-8733-cd7213f861cd,Kerala Style Vettu Cake Recipe (Eggless Wholewheat Tea Shop Cake),indian,hard,65,standard,non_veg,Kerala Vettu Cake Recipe (Eggless Wholewheat Tea Shop Cake),indian|main|south_indian|sweet|savory|non-veg|nut_free|halal,nonveg_tags_without_meat_words
4bcc3cb7-21a8-46b2-8f3f-447f3352cff1,Madras Lamb Curry Recipe,indian,hard,65,standard,non_veg,Madras Lamb Curry Recipe,indian|curry|south_indian|main|spicy|sweet|sour|savory|non-veg|gluten_free|nut_free|halal,nonveg_tags_without_meat_words
4cb87ddd-fe69-4668-b2d3-9eec2ea03374,Meat Ka Achaar Recipe (Goat Pickle),indian,hard,65,standard,vegetarian,Meat Ka Achaar Recipe (Goat Pickle),indian|side|spicy|sour|savory|non-veg|dairy_free|nut_free|halal,nonveg_tags_without_meat_words
8578eef5-8385-4789-822b-afa1359a2768,Mexican Chicken Fajita Recipe,indian,hard,65,standard,non_veg,Mexican Chicken Fajita Recipe,indian|main|spicy|sour|savory|non-veg|gluten_free|nut_free|halal,nonveg_tags_without_meat_words
b7184b18-e4fb-4fba-9e82-6f691fdd7f07,Mocha Chingri Manohara Recipe (Shrimps Stuffed Banana Flower Kofta Curry),indian,hard,65,standard,vegetarian,Mocha Chingri Manohara Recipe (Shrimps Stuffed Banana Flower Kofta Curry),indian|curry|bengali|main|spicy|sweet|sour|savory|non-veg|halal,nonveg_tags_without_meat_words
cad56be6-b402-410a-b87c-574d2bc9a0a5,Moroccan Baked Fish Recipe,indian,hard,65,standard,non_veg,Moroccan Baked Fish Recipe,indian|main|spicy|sour|savory|non-veg|gluten_free|dairy_free|nut_free|halal,nonveg_tags_without_meat_words
d7d77b21-bd71-4e48-9ef3-0ea820dc916b,Moroccan Chicken Stew Recipe With Sauteed Zucchini & Onion Dressing,indian,hard,65,standard,non_veg,Moroccan Chicken Stew Recipe With Sauteed Zucchini & Onion Dressing,indian|main|spicy|sour|savory|non-veg|gluten_free|dairy_free|nut_free|halal,nonveg_tags_without_meat_words
f7e4b760-8bd7-46c0-bd57-0779808c0759,Muesli Pumpkin Bread Recipe,indian,hard,65,standard,vegetarian,Muesli Pumpkin Bread Recipe,indian|main|sweet|savory|non-veg|nut_free|halal,nonveg_tags_without_meat_words|quick_keyword_but_long_total_time
bdf8fe12-a860-4ec6-9286-eb6668693ea4,Pakki Mutton Biryani Recipe,indian,hard,65,standard,non_veg,Pakki Mutton Biryani Recipe,indian|rice|main|spicy|sour|savory|non-veg|gluten_free|nut_free|halal,nonveg_tags_without_meat_words
c30278da-31b1-465f-8a78-cf54a6ab1c18,Paleo Breakfast Casserole Recipe In A Mug,indian,medium,65,standard,vegetarian,Paleo Breakfast Casserole Recipe In A Mug,indian|main|spicy|savory|non-veg|gluten_free|dairy_free|nut_free|halal,nonveg_tags_without_meat_words
b9d4fd96-cf61-4a82-8d0d-4a9d095e72d8,Pan Fried Rice Balls Filled With Cheese Recipe,indian,hard,65,standard,vegetarian,Pan Fried Rice Balls Filled With Cheese Recipe,indian|rice|main|sweet|savory|non-veg|nut_free|halal,nonveg_tags_without_meat_words
61070fae-f338-43ff-9c51-3c2352704008,Ringan Ravaiya Recipe (Parsi Style Stuffed Eggplant Recipe),indian,medium,65,standard,non_veg,Ringan Ravaiya Recipe (Parsi Stuffed Eggplant Recipe),indian|main|sour|savory|non-veg|nut_free|halal,nonveg_tags_without_meat_words
6d0d0a06-575b-4713-b793-71847639b041,Spicy Cabbage Rice Recipe (South Indian Style Mutta Kose Sadham Recipe),indian,medium,65,standard,vegetarian,Spicy Cabbage Rice Recipe (South Indian Mutta Kose Sadham Recipe),indian|rice|south_indian|main|spicy|savory|non-veg|nut_free,nonveg_tags_without_meat_words
57b48b73-0546-43c3-8ab8-6fc058ee4663,Spicy Raisins And Walnut Cake Recipe,indian,hard,65,standard,vegetarian,Spicy Raisins And Walnut Cake Recipe,indian|main|sweet|savory|non-veg|halal,nonveg_tags_without_meat_words
3023c5a2-da8c-4aee-8cce-8ebc5e1aad77,Spicy Seafood Stew Casserole With Tomatoes And Lime Recipe,indian,hard,65,standard,vegetarian,Spicy Seafood Stew Casserole With Tomatoes And Lime Recipe,indian|main|south_indian|spicy|sour|savory|non-veg|gluten_free|nut_free|halal,nonveg_tags_without_meat_words
55d0b1c4-6096-467a-b41e-26a8dd30c15c,Strawberry Brownie Bars Recipe,indian,medium,65,standard,vegetarian,Strawberry Brownie Bars Recipe,indian|main|sweet|savory|non-veg|nut_free|halal,nonveg_tags_without_meat_words
7d77bda2-f03d-4883-b502-d8a404433b67,Strawberry Bundt Cake with Muesli and Oats Recipe,indian,hard,65,standard,vegetarian,Strawberry Bundt Cake with Muesli and Oats Recipe,indian|main|sweet|savory|non-veg|nut_free|halal,nonveg_tags_without_meat_words|quick_keyword_but_long_total_time
50db9086-89ac-4719-8e29-32e93f58443c,Sugar Free Pineapple Dates Cake Recipe,indian,medium,65,standard,vegetarian,Sugar Free Pineapple Dates Cake Recipe,indian|main|sweet|savory|non-veg|nut_free|halal,nonveg_tags_without_meat_words
d9d290ea-97db-46d8-b08f-aca5fdabc006,Tomato Tarts Recipe,indian,medium,65,standard,vegetarian,Tomato Tarts Recipe,indian|main|savory|non-veg|nut_free|halal,nonveg_tags_without_meat_words
a29be1fd-842b-48e1-a533-e53238d9a2b8,Vegetable Filled Souffle Recipe,indian,hard,65,standard,vegetarian,Vegetable Filled Souffle Recipe,indian|main|spicy|sour|savory|non-veg|nut_free|halal,nonveg_tags_without_meat_words
159aa710-a922-464e-bbe4-e39841b332ec,Veggie Pearl Millet Tart Recipe,indian,hard,65,standard,non_veg,Veggie Pearl Millet Tart Recipe,indian|main|spicy|sweet|savory|non-veg|nut_free|halal,nonveg_tags_without_meat_words|quick_keyword_but_long_total_time
dcb2a1d1-35db-4c93-b521-7b56d53f8be7,Ada Pradhaman Recipe - Kerala Style Rice Ada Pudding With Jaggery & Coconut Milk,indian,medium,70,standard,vegetarian,Ada Pradhaman Recipe - Kerala Rice Ada Pudding With Jaggery & Coconut Milk,indian|rice|south_indian|main|sweet|savory|non-veg|gluten_free,nonveg_tags_without_meat_words
91588e1d-6a05-4bc1-a8f3-c9709c9b31a2,Aoria Special Dalma Recipe (Aoria Dal & Tarkari),indian,hard,70,standard,vegetarian,Aoria Special Dalma Recipe (Aoria Dal & Tarkari),indian|main|spicy|sweet|savory|non-veg|gluten_free|nut_free|halal,nonveg_tags_without_meat_words
308f0326-8e71-4ceb-9fd3-a187ddc4a7ee,Baked Muesli Tart with Strawberry Yogurt and Chia Seeds Recipe,indian,medium,70,standard,vegetarian,Baked Muesli Tart with Strawberry Yogurt and Chia Seeds Recipe,indian|main|sour|savory|non-veg|gluten_free|halal,nonveg_tags_without_meat_words
4dbba1fe-de48-4033-87eb-bf32a69235d4,Banana Bread With Chocolate Chips And Walnut Recipe,indian,medium,70,standard,vegetarian,Banana Bread With Chocolate Chips And Walnut Recipe,indian|main|sweet|savory|non-veg|halal,nonveg_tags_without_meat_words
176d55a9-1849-4150-8909-dd2088d9c758,Bhut Jolokia Murgh Recipe,indian,hard,70,standard,vegetarian,Bhut Jolokia Murgh Recipe,indian|main|north_indian|spicy|savory|non-veg|gluten_free|nut_free|halal,nonveg_tags_without_meat_words
43ba4c58-b2ca-4eb7-9d45-5db4854da458,Cardamom Macaroons Recipe,indian,hard,70,standard,vegetarian,Cardamom Macaroons Recipe,indian|main|sweet|savory|non-veg|gluten_free|halal,nonveg_tags_without_meat_words
e80a3795-c9fa-4474-86bb-87f1af0a570e,Chettinad Mutton Chops Kuzhambu Recipe-Mutton Chops Curry,indian,hard,70,standard,non_veg,Chettinad Mutton Chops Kuzhambu Recipe-Mutton Chops Curry,indian|curry|south_indian|main|spicy|savory|non-veg|dairy_free|nut_free,nonveg_tags_without_meat_words
75bf63e5-7040-4a95-9f29-579981bebd79,Chicken Chilli Cheese Quesadillas Recipe,indian,medium,70,standard,non_veg,Chicken Chilli Cheese Quesadillas Recipe,indian|main|spicy|sweet|sour|savory|non-veg|gluten_free|nut_free|halal,nonveg_tags_without_meat_words
81ce0f8e-14dc-4a61-b2ab-2847a0a6875c,Chicken Curry With Sweet Potatoes Recipe,indian,hard,70,standard,non_veg,Chicken Curry With Sweet Potatoes Recipe,indian|curry|north_indian|main|spicy|sweet|sour|savory|non-veg|gluten_free|nut_free|halal,nonveg_tags_without_meat_words
1813e104-c278-4148-ac10-9990cb2a30b9,Chicken Donne Biryani Recipe - Bangalore Shivaji Military Style,indian,hard,70,standard,non_veg,Chicken Donne Biryani Recipe - Bangalore Shivaji Military,indian|rice|south_indian|main|spicy|sour|savory|non-veg|nut_free|halal,nonveg_tags_without_meat_words
2817d37e-e6e6-45b6-a87b-02703b66a78f,Chicken Parmigiana Recipe,indian,hard,70,standard,non_veg,Chicken Parmigiana Recipe,indian|main|spicy|sweet|savory|non-veg|nut_free|halal,nonveg_tags_without_meat_words
7cadeed2-ecd2-49a3-ac32-9bb14c54ff1a,Chicken Spaghetti in Tomato Basil Sauce Recipe,indian,medium,70,standard,non_veg,Chicken Spaghetti in Tomato Basil Sauce Recipe,indian|main|spicy|sweet|savory|non-veg|gluten_free|dairy_free|nut_free|halal,nonveg_tags_without_meat_words
84367c76-5d9e-4a66-ac4a-56ca6a2c4814,Chocolate Coffee Sticky Cake Recipe,indian,hard,70,standard,vegetarian,Chocolate Coffee Sticky Cake Recipe,indian|main|sweet|savory|non-veg|halal,nonveg_tags_without_meat_words|quick_keyword_but_long_total_time
cad4a242-ea4b-4d59-9930-4ca52fc6634b,Chocolate Dipped Eggless Coconut Macaroon Recipe,indian,medium,70,standard,non_veg,Chocolate Dipped Eggless Coconut Macaroon Recipe,indian|main|sweet|savory|non-veg|gluten_free|nut_free|halal,nonveg_tags_without_meat_words
82d8027a-eff6-490d-923e-e386fa17246d,Classic Andhra Style Chicken Curry Recipe,indian,hard,70,standard,non_veg,Classic Andhra Chicken Curry Recipe,indian|curry|south_indian|main|spicy|savory|non-veg|dairy_free|nut_free|halal,nonveg_tags_without_meat_words
aa95c6b3-fecd-493b-844b-64e8433fe0eb,Crisp Baked Tandoori Mayo Cheddar Chicken Recipe,indian,medium,70,standard,non_veg,Crisp Baked Tandoori Mayo Cheddar Chicken Recipe,indian|main|north_indian|spicy|savory|non-veg|gluten_free|nut_free|halal,nonveg_tags_without_meat_words
f05e6e34-3b12-46e8-b5e5-61225b353360,Delicious Strawberry Tea Cake Recipe,indian,medium,70,standard,vegetarian,Delicious Strawberry Tea Cake Recipe,indian|main|sweet|savory|non-veg|nut_free|halal,nonveg_tags_without_meat_words
b8c009b3-cea1-4e25-9af8-cc6e8e7b7ce3,Dhaba Style Country Chicken Recipe,indian,hard,70,standard,non_veg,Dhaba Country Chicken Recipe,indian|main|north_indian|spicy|savory|non-veg|dairy_free|nut_free|halal,nonveg_tags_without_meat_words
6e823f13-71b2-4ddd-8301-916ca181746a,Doi Bhetki Recipe - Bengali Style Yogurt Fish Curry,indian,hard,70,standard,non_veg,Doi Bhetki Recipe - Bengali Yogurt Fish Curry,indian|curry|bengali|main|spicy|sour|savory|non-veg|nut_free|halal,nonveg_tags_without_meat_words
7f133822-4c9f-47f4-8980-c049eb895205,Dragon Chicken Sizzler Recipe,indian,hard,70,standard,non_veg,Dragon Chicken Sizzler Recipe,indian|main|spicy|sweet|savory|non-veg|dairy_free|nut_free|halal,nonveg_tags_without_meat_words
7bf5ad66-4e32-442c-9783-08941a440892,Egg Pulao Recipe,indian,hard,70,standard,non_veg,Egg Pulao Recipe,indian|rice|main|spicy|sour|savory|non-veg|nut_free|halal,nonveg_tags_without_meat_words
64ee52c2-8585-4683-8879-2e3469f2ddc5,Eggless Chocolate Pistachio Biscotti Recipe,indian,medium,70,standard,non_veg,Eggless Chocolate Pistachio Biscotti Recipe,indian|main|sweet|savory|non-veg|halal,nonveg_tags_without_meat_words
360260a6-2dcf-448f-a512-bf6532a89533,Eggless French Rosy Apple Tart Recipe,indian,medium,70,standard,non_veg,Eggless French Rosy Apple Tart Recipe,indian|main|sweet|savory|non-veg|nut_free|halal,nonveg_tags_without_meat_words
e7481221-602f-49b9-9e31-f5924dab7752,Eggless Peanut Butter Cookies Recipe,indian,medium,70,standard,non_veg,Eggless Peanut Butter Cookies Recipe,indian|main|sweet|savory|non-veg|halal,nonveg_tags_without_meat_words
21d33922-9bcd-4850-91c1-20a75d313093,Eggless Pumpkin Cheesecake Recipe,indian,hard,70,standard,non_veg,Eggless Pumpkin Cheesecake Recipe,indian|main|sweet|savory|non-veg|gluten_free|nut_free|halal,nonveg_tags_without_meat_words
f28f00de-92af-4397-b077-ad0a5f8cd183,Eggplant Potato Alkaline Broth Recipe,indian,hard,70,standard,non_veg,Eggplant Potato Alkaline Broth Recipe,indian|main|south_indian|spicy|sour|savory|non-veg|gluten_free|dairy_free|nut_free|halal,nonveg_tags_without_meat_words
5dd59561-86fb-47a2-9b4f-f64a309c96de,French Crullers Recipe,indian,hard,70,standard,vegetarian,French Crullers Recipe,indian|main|sweet|savory|non-veg|nut_free|halal,nonveg_tags_without_meat_words
36e07e12-9aa0-46b1-a09c-6685c71e23c6,Goan Style Empada De Camarao Recipe (Prawn Pie),indian,hard,70,standard,non_veg,Goan Empada De Camarao Recipe (Prawn Pie),indian|main|spicy|sweet|sour|savory|non-veg|nut_free|halal,nonveg_tags_without_meat_words
a10e13c4-e2de-478d-bb95-ce4a6138362e,Grilled Chicken Wings Recipe,indian,medium,70,standard,non_veg,Grilled Chicken Wings Recipe,indian|main|spicy|sweet|sour|savory|non-veg|gluten_free|dairy_free|nut_free|halal,nonveg_tags_without_meat_words
0c45f19c-6667-458c-b556-a7a01b8daf7d,Handi Biryani Recipe With Chicken,indian,hard,70,standard,non_veg,Handi Biryani Recipe With Chicken,indian|rice|main|spicy|sour|savory|non-veg|nut_free|halal,nonveg_tags_without_meat_words
17a16f73-2e62-49e4-afe1-cbbc87b1b088,Healthy Creamy Chicken Soup With Vegetables Recipe,indian,hard,70,standard,non_veg,Healthy Creamy Chicken Soup With Vegetables Recipe,indian|main|spicy|sweet|sour|savory|non-veg|nut_free|halal,nonveg_tags_without_meat_words|quick_keyword_but_long_total_time
5f70a4bb-60c4-41a8-bdb7-4df124538a96,Homemade Mole Sauce Recipe,indian,hard,70,standard,vegetarian,Homemade Mole Sauce Recipe,indian|main|spicy|savory|non-veg|halal,nonveg_tags_without_meat_words
d9703e2d-a122-487a-b725-f98c21a488e2,Indo Chinese Crispy Chicken Chilli Recipe,indian,hard,70,standard,non_veg,Indo Chinese Crispy Chicken Chilli Recipe,indian|main|spicy|sour|savory|non-veg|dairy_free|nut_free|halal,nonveg_tags_without_meat_words
6130bf94-e68b-427c-b1eb-865877084224,Jalapeno Potato Cheese Balls Recipe With Four Pepper Cheese Dip,indian,medium,70,standard,vegetarian,Jalapeno Potato Cheese Balls Recipe With Four Pepper Cheese Dip,indian|main|spicy|sour|savory|non-veg|nut_free|halal,nonveg_tags_without_meat_words
01d14543-802b-41b3-8b77-349b53471554,Japanese Cotton Cheesecake Recipe,indian,hard,70,standard,vegetarian,Japanese Cotton Cheesecake Recipe,indian|main|sweet|savory|non-veg|nut_free|halal,nonveg_tags_without_meat_words
5d5280c5-73b3-4557-a0e1-17dab3d39251,Kadai Egg Masala Recipe,indian,hard,70,standard,non_veg,Kadai Egg Masala Recipe,indian|curry|north_indian|main|spicy|savory|non-veg|gluten_free|nut_free|halal,nonveg_tags_without_meat_words
849bd976-3e0a-4dc3-b20c-c0e34b361e46,Kashmiri Kokur T Nadir Recipe-Chicken and Lotus Stem Curry,indian,hard,70,standard,non_veg,Kashmiri Kokur T Nadir Recipe-Chicken and Lotus Stem Curry,indian|curry|north_indian|main|spicy|sour|savory|non-veg|nut_free|halal,nonveg_tags_without_meat_words
36314f2a-2b79-4c2f-ba29-d125ea477e45,Kashmiri Style Rista Recipe - Mutton Kofta Curry,indian,hard,70,standard,non_veg,Kashmiri Rista Recipe - Mutton Kofta Curry,indian|curry|north_indian|main|spicy|savory|non-veg|gluten_free|dairy_free|nut_free|halal,nonveg_tags_without_meat_words
0620d51d-4a6f-4f7b-a36a-a1b3bbf099c0,Kashmiri Style Yakhni Pulao With Chicken Recipe,indian,hard,70,standard,non_veg,Kashmiri Yakhni Pulao With Chicken Recipe,indian|rice|north_indian|main|spicy|sour|savory|non-veg|nut_free|halal,nonveg_tags_without_meat_words
6687e5b1-b6c8-47a2-a02e-5fd9cd33db29,Kasuri Malai Murgh Recipe,indian,hard,70,standard,vegetarian,Kasuri Malai Murgh Recipe,indian|main|north_indian|spicy|sour|savory|non-veg|halal,nonveg_tags_without_meat_words
30f98b05-94f4-4a35-b231-acdc3d50ccf4,Kerala Chicken Curry Recipe,indian,hard,70,standard,non_veg,Kerala Chicken Curry Recipe,indian|curry|south_indian|main|spicy|sour|savory|non-veg|gluten_free|nut_free|halal,nonveg_tags_without_meat_words|quick_keyword_but_long_total_time
847b728a-3db7-4166-8965-6fba6baec503,Kerala Style Mutton Pepper Fry Recipe,indian,hard,70,standard,non_veg,Kerala Mutton Pepper Fry Recipe,indian|main|south_indian|spicy|sour|savory|non-veg|gluten_free|dairy_free|nut_free|halal,nonveg_tags_without_meat_words
945ad33a-1ba1-400f-8598-d06c816f198b,Milagai Bajji Stuffed with Masala Chicken Recipe,indian,hard,70,standard,non_veg,Milagai Bajji Stuffed with Masala Chicken Recipe,indian|curry|south_indian|main|spicy|savory|non-veg|gluten_free|dairy_free|nut_free|halal,nonveg_tags_without_meat_words
bf9f5cc0-dab4-441b-a80a-2c717dfa872d,Minced Mutton Spring Rolls Recipe,indian,hard,70,standard,non_veg,Minced Mutton Spring Rolls Recipe,indian|main|spicy|savory|non-veg|dairy_free|nut_free|halal,nonveg_tags_without_meat_words
c4037de8-e0d3-4973-952f-02d3abf5997e,Moryechi Xacuti Recipe (Goan Style Shark Curry),indian,hard,70,standard,vegetarian,Moryechi Xacuti Recipe (Goan Shark Curry),indian|curry|main|spicy|sour|savory|non-veg|gluten_free|dairy_free|nut_free|halal,nonveg_tags_without_meat_words
ff896f9f-1d85-45b9-8169-04823645ff81,Murgh Masala Recipe - Chicken Tangdi Masala,indian,hard,70,standard,non_veg,Murgh Masala Recipe - Chicken Tangdi Masala,indian|curry|north_indian|main|spicy|sour|savory|non-veg|nut_free|halal,nonveg_tags_without_meat_words
af5c3b45-f382-425e-bae5-1e73876c743d,Mutton Matar Keema Recipe -Minced Mutton With Green Peas,indian,hard,70,standard,non_veg,Mutton Matar Keema Recipe -Minced Mutton With Green Peas,indian|main|north_indian|spicy|sour|savory|non-veg|nut_free|halal,nonveg_tags_without_meat_words|quick_keyword_but_long_total_time
f5093fe0-cbe7-44cd-b895-efc8360ca597,No Yeast Thin Crust Veggie Pizza Recipe,indian,medium,70,standard,non_veg,No Yeast Thin Crust Veggie Pizza Recipe,indian|main|spicy|sour|savory|non-veg|nut_free|halal,nonveg_tags_without_meat_words
a0943c7c-3831-4f6b-864a-522e1b04818e,Orange Marmalade Tea Cake Recipe,indian,hard,70,standard,vegetarian,Orange Marmalade Tea Cake Recipe,indian|main|sweet|sour|savory|non-veg|halal,nonveg_tags_without_meat_words
8c5af47f-df38-4516-8c52-ed6252fdd63f,Pakistani Roasted Gosht Recipe,indian,hard,70,standard,vegetarian,Pakistani Roasted Gosht Recipe,indian|main|spicy|sour|savory|non-veg|nut_free|halal,nonveg_tags_without_meat_words
c364a03f-3803-493e-b51d-9161ed08a328,Parsi Salli Boti Recipe,indian,hard,70,standard,vegetarian,Parsi Salli Boti Recipe,indian|main|spicy|sour|savory|non-veg|nut_free|halal,nonveg_tags_without_meat_words
d10ac01b-05de-4fc3-99ef-75786290e381,Prawn Cutlets With Sweet Potatoes Wedges Recipe,indian,medium,70,standard,non_veg,Prawn Cutlets With Sweet Potatoes Wedges Recipe,indian|dessert|spicy|sweet|savory|non-veg|dairy_free|nut_free|halal,nonveg_tags_without_meat_words
b20ec898-91e8-40c4-86f8-d79117e6df08,Pumpkin Curry With Chicken Recipe,indian,hard,70,standard,non_veg,Pumpkin Curry With Chicken Recipe,indian|curry|main|spicy|savory|non-veg|gluten_free|dairy_free|nut_free|halal,nonveg_tags_without_meat_words
cfa82615-35e5-4886-86e8-e132281daf40,Roti Gambang Recipe (Indonesian Bread Recipe),indian,hard,70,standard,vegetarian,Roti Gambang Recipe (Indonesian Bread Recipe),indian|bread|main|sweet|savory|non-veg|nut_free|halal,nonveg_tags_without_meat_words
4f2aa235-342e-4db8-a6ee-290fd54cf3f2,Ruote Pasta & Eggplant Gratin Recipe,indian,hard,70,standard,non_veg,Ruote Pasta & Eggplant Gratin Recipe,indian|main|spicy|sweet|savory|non-veg|nut_free|halal,nonveg_tags_without_meat_words|quick_keyword_but_long_total_time
7a00d074-2289-4747-b14f-1990a5c2162a,Saagwala Chicken  Recipe - Palak Chicken Curry,indian,hard,70,standard,non_veg,Saagwala Chicken Recipe - Palak Chicken Curry,indian|curry|north_indian|main|spicy|savory|non-veg|gluten_free|nut_free|halal,nonveg_tags_without_meat_words
cdbe331f-660d-499e-959a-45add2bacd4d,Sindhi Style Chicken Curry Recipe Using Preethi Electric Pressure Cooker,indian,hard,70,standard,non_veg,Sindhi Chicken Curry Recipe Using Preethi Electric Pressure Cooker,indian|curry|main|spicy|sour|savory|non-veg|nut_free|halal,nonveg_tags_without_meat_words
035190fe-c733-4c7d-800c-df950a669afa,Spicy Eggplant & Capsicum Curry (Indo-Chinese Fusion Recipe),indian,hard,70,standard,non_veg,Spicy Eggplant & Capsicum Curry (Indo-Chinese Fusion Recipe),indian|curry|main|spicy|sweet|sour|savory|non-veg|dairy_free|halal,nonveg_tags_without_meat_words
6ae8686f-9cfa-4824-834b-2b7d42035f9a,Sticky Cranberry Gingerbread Recipe,indian,medium,70,standard,vegetarian,Sticky Cranberry Gingerbread Recipe,indian|main|spicy|sweet|savory|non-veg|nut_free|halal,nonveg_tags_without_meat_words
5326b220-6a37-4933-92d6-57b54b9f76b8,Thai Chicken Green Curry With Vegetables Recipe,indian,hard,70,standard,non_veg,Thai Chicken Green Curry With Vegetables Recipe,indian|curry|main|spicy|sweet|sour|savory|non-veg|gluten_free|nut_free|halal,nonveg_tags_without_meat_words|quick_keyword_but_long_total_time
28669919-247d-4473-92c3-ed8e4eb8ddff,Tres Leches Recipe - Mexican Three Milk Cake,indian,hard,70,standard,vegetarian,Tres Leches Recipe - Mexican Three Milk Cake,indian|main|sweet|savory|non-veg|nut_free|halal,nonveg_tags_without_meat_words
94378d24-f729-4ed6-862e-bdd3309c5d04,Vaangi Shimla Mirchi Bhaji Recipe - Brinjal Capsicum Gravy,indian,hard,70,standard,vegetarian,Vaangi Shimla Mirchi Bhaji Recipe - Brinjal Capsicum Gravy,indian|curry|main|spicy|savory|non-veg|gluten_free|dairy_free|nut_free|halal,nonveg_tags_without_meat_words
28054425-af0b-4aa0-9da9-156ea365a983,Yogurt Lamb Curry Recipe,indian,hard,70,standard,non_veg,Yogurt Lamb Curry Recipe,indian|curry|main|spicy|sour|savory|non-veg|gluten_free|nut_free|halal,nonveg_tags_without_meat_words
b14d9d64-bc8f-4eef-a9d6-3579f049fd6d,Oriya Special Dalma Recipe - Lentils Cooked With Vegetables & Raw Papaya,indian,hard,73,standard,vegetarian,Oriya Special Dalma Recipe - Lentils Cooked With Vegetables & Raw Papaya,indian|main|spicy|savory|non-veg|nut_free|halal,nonveg_tags_without_meat_words|quick_keyword_but_long_total_time
a77c0293-9db5-4636-b98a-641950fafe35,Amritsari Fish Fry Recipe,indian,medium,75,standard,non_veg,Amritsari Fish Fry Recipe,indian|main|north_indian|spicy|sour|savory|non-veg|dairy_free|nut_free|halal,nonveg_tags_without_meat_words
494a9d06-59dc-4ded-913d-1a4124087905,Andhra Style Green Chilli Chicken Recipe,indian,hard,75,standard,non_veg,Andhra Green Chilli Chicken Recipe,indian|main|south_indian|spicy|sour|savory|non-veg|gluten_free|nut_free|halal,nonveg_tags_without_meat_words
e3d46a2f-13c8-4162-998b-f8bdae407846,Apple Roses Recipe With Homemade Puff Pastry Sheets (Eggless),indian,medium,75,standard,non_veg,Apple Roses Recipe With Homemade Puff Pastry Sheets (Eggless),indian|main|sweet|sour|savory|non-veg|nut_free|halal,nonveg_tags_without_meat_words
ceb1e8f2-e4b5-4bd9-bd02-869c340d7b20,Badanekaayi Gojju Recipe,indian,hard,75,standard,vegetarian,Badanekaayi Gojju Recipe,indian|main|south_indian|spicy|sour|savory|non-veg|gluten_free|dairy_free|halal,nonveg_tags_without_meat_words
985ff426-1da2-48d7-8419-4d00166ff337,Baked Cheesy Rigati Pasta Recipe With Roasted Veggies,indian,hard,75,standard,non_veg,Baked Cheesy Rigati Pasta Recipe With Roasted Veggies,indian|main|spicy|sweet|savory|non-veg|nut_free|halal,nonveg_tags_without_meat_words
38eb4149-0969-4980-bfd6-26777855396d,Beet Quinoa Sliders Recipe,indian,hard,75,standard,vegetarian,Beet Quinoa Sliders Recipe,indian|main|spicy|sweet|sour|savory|non-veg|dairy_free|halal,nonveg_tags_without_meat_words
16d854d9-6110-40b2-933f-1c831aa77d51,Brinjal Curry Recipe,indian,hard,75,standard,vegetarian,Brinjal Curry Recipe,indian|curry|south_indian|main|spicy|sour|savory|non-veg|gluten_free|dairy_free|halal,nonveg_tags_without_meat_words
55dea03b-d7f4-4bf8-a609-414317e02913,Chapor Ghonto Recipe (Bengali Mix Vegetable With Lentils Patties),indian,hard,75,standard,vegetarian,Chapor Ghonto Recipe (Bengali Mix Vegetable With Lentils Patties),indian|main|bengali|spicy|sweet|savory|non-veg|dairy_free|nut_free|halal,nonveg_tags_without_meat_words
6fb8125a-45b2-4d12-8fe5-69035d4adf0b,Cheesy Chicken Tikka Recipe,indian,hard,75,standard,non_veg,Cheesy Chicken Tikka Recipe,indian|main|spicy|sour|savory|non-veg|nut_free|halal,nonveg_tags_without_meat_words
0b47b00b-9551-4be6-9cdb-9b87a358c306,Chettinad Style Potato Kara Kuzhambu Recipe,indian,hard,75,standard,vegetarian,Chettinad Potato Kara Kuzhambu Recipe,indian|main|south_indian|spicy|sour|savory|non-veg|gluten_free|dairy_free|nut_free,nonveg_tags_without_meat_words
47b41dee-3829-4c73-88a2-0c80173fb3a3,Chicken And Egg Slider Recipe With Cheesy Garlic Mayo,indian,hard,75,standard,non_veg,Chicken And Egg Slider Recipe With Cheesy Garlic Mayo,indian|main|spicy|savory|non-veg|gluten_free|nut_free|halal,nonveg_tags_without_meat_words
00af5ab8-4c69-42f9-9d67-52a29a2ef52a,Chicken Galouti Kebab Recipe,indian,hard,75,standard,non_veg,Chicken Galouti Kebab Recipe,indian|main|spicy|savory|non-veg|nut_free|halal,nonveg_tags_without_meat_words
4f3489a6-c241-435c-bf3e-984963ffb85b,Chicken Korma Recipe - Mughlai Style Chicken Curry,indian,hard,75,standard,non_veg,Chicken Korma Recipe - Mughlai Chicken Curry,indian|curry|north_indian|main|spicy|sour|savory|non-veg|gluten_free|nut_free|halal,nonveg_tags_without_meat_words
d6d5760d-3a7a-4f1a-901e-459bea0123bb,Chicken Mole With Brown Rice Recipe,indian,medium,75,standard,non_veg,Chicken Mole With Brown Rice Recipe,indian|rice|main|sweet|savory|non-veg|gluten_free|dairy_free|nut_free|halal,nonveg_tags_without_meat_words
0df815f2-be65-424f-8021-748b68c70bc7,Coriander Chicken Roast Recipe,indian,medium,75,standard,non_veg,Coriander Chicken Roast Recipe,indian|main|north_indian|spicy|savory|non-veg|gluten_free|dairy_free|nut_free|halal,nonveg_tags_without_meat_words
66a7fa8f-d40a-4de2-bf3a-ef4d97748fa6,Creamy Veg Spring Roll Recipe,indian,hard,75,standard,vegetarian,Creamy Veg Spring Roll Recipe,indian|main|spicy|savory|non-veg|nut_free|halal,nonveg_tags_without_meat_words
5550560a-e040-41d9-8517-82c11ba5dc8d,Dum Pukht Gosht Recipe - Slow Cooked Mutton Curry,indian,hard,75,standard,non_veg,Dum Pukht Gosht Recipe - Slow Cooked Mutton Curry,indian|curry|main|spicy|sour|savory|non-veg|nut_free|halal,nonveg_tags_without_meat_words
cf0663a1-826d-4dee-bc10-44ebbe5978ba,Eggless Mango Cake Recipe,indian,hard,75,standard,non_veg,Eggless Mango Cake Recipe,indian|main|sweet|sour|savory|non-veg|nut_free|halal,nonveg_tags_without_meat_words
4ea8667b-cc05-4d2c-8425-2e91ce6b0f77,Eggless Peach Cobbler Recipe,indian,hard,75,standard,non_veg,Eggless Peach Cobbler Recipe,indian|main|sweet|sour|savory|non-veg|nut_free|halal,nonveg_tags_without_meat_words
96ad510c-491b-48c9-8bb6-70c493cdbf70,Eggless Sugarless Oats And Nuts Cookie Recipe,indian,hard,75,standard,non_veg,Eggless Sugarless Oats And Nuts Cookie Recipe,indian|main|sweet|sour|savory|non-veg|halal,nonveg_tags_without_meat_words|quick_keyword_but_long_total_time
2bb70722-f232-4a0f-88aa-e401d3d74aea,Eggless Whole Wheat Banana Bread Recipe-Vegan Options,indian,medium,75,standard,non_veg,Eggless Whole Wheat Banana Bread Recipe-Vegan Options,indian|main|sweet|savory|non-veg|nut_free|halal,nonveg_tags_without_meat_words
7e11d2ca-8c24-4445-a470-a3bf6a100d25,Gingerbread Biscotti Recipe,indian,medium,75,standard,vegetarian,Gingerbread Biscotti Recipe,indian|main|sweet|savory|non-veg|halal,nonveg_tags_without_meat_words
10cb9f27-aed4-4a41-8e23-42a237a07db4,Goan Style Recheado Bangdo Recipe | Stuffed Mackerel,indian,medium,75,standard,vegetarian,Goan Recheado Bangdo Recipe | Stuffed Mackerel,indian|main|savory|non-veg|dairy_free|nut_free|halal,nonveg_tags_without_meat_words
61207752-b567-4e54-bbf1-8440d7f0a25a,Grilled Vegetable Empanadas Recipe,indian,hard,75,standard,vegetarian,Grilled Vegetable Empanadas Recipe,indian|main|spicy|sweet|savory|non-veg|nut_free|halal,nonveg_tags_without_meat_words
a3904640-e967-4f65-832e-bf2f2521de5c,Haleem Kebab Recipe,indian,hard,75,standard,vegetarian,Haleem Kebab Recipe,indian|main|north_indian|spicy|savory|non-veg|nut_free|halal,nonveg_tags_without_meat_words|quick_keyword_but_long_total_time
06a11227-ddda-4413-a2f0-72ecfd5e9eb6,High Protein Broccoli & Coriander Loaf Recipe,indian,medium,75,standard,vegetarian,High Protein Broccoli & Coriander Loaf Recipe,indian|main|sour|savory|non-veg|nut_free|halal,nonveg_tags_without_meat_words|quick_keyword_but_long_total_time
c582ba70-981f-4943-8fef-d82eeae64e94,Hyderabadi Laziz Lamb Handi Recipe,indian,hard,75,standard,non_veg,Hyderabadi Laziz Lamb Handi Recipe,indian|main|north_indian|spicy|sour|savory|non-veg|gluten_free|nut_free|halal,nonveg_tags_without_meat_words
5fa8b23b-b0f6-4fb7-b1ab-14c6d11236ce,Irish Cream Bundt Cake Recipe,indian,medium,75,standard,vegetarian,Irish Cream Bundt Cake Recipe,indian|main|sweet|savory|non-veg|nut_free|halal,nonveg_tags_without_meat_words|quick_keyword_but_long_total_time
6044fd51-07ed-4704-9e3f-1d9fc019aa2c,Karwar NKGSB Style Bharli Vangi Recipe - Brinjal Curry,indian,hard,75,standard,vegetarian,Karwar NKGSB Bharli Vangi Recipe - Brinjal Curry,indian|curry|south_indian|main|spicy|sweet|sour|savory|non-veg|dairy_free|nut_free|halal,nonveg_tags_without_meat_words
8fbcb1b0-e396-4657-9179-1823d43f7263,Kashmiri Style Kokur Yakhni Recipe-Chicken Cooked In Yogurt,indian,hard,75,standard,non_veg,Kashmiri Kokur Yakhni Recipe-Chicken Cooked In Yogurt,indian|main|north_indian|sour|savory|non-veg|nut_free|halal,nonveg_tags_without_meat_words
2bb58d85-2d0a-4a1f-98e4-2146297d8603,Kasuri Malai Murgh Tikka Recipe,indian,hard,75,standard,vegetarian,Kasuri Malai Murgh Tikka Recipe,indian|main|north_indian|spicy|sour|savory|non-veg|halal,nonveg_tags_without_meat_words
3db898fa-970b-414f-a67e-35a8718452a0,Mexican Cottage Cheese Chicken Enchilada Recipe,indian,hard,75,standard,non_veg,Mexican Cottage Cheese Chicken Enchilada Recipe,indian|main|spicy|savory|non-veg|gluten_free|nut_free|halal,nonveg_tags_without_meat_words
a0b7c367-3ec9-4721-a5a3-1232379e4015,Mexican Style Scrambled Egg Enchiladas Recipe,indian,hard,75,standard,non_veg,Mexican Scrambled Egg Enchiladas Recipe,indian|main|spicy|sweet|sour|savory|non-veg|nut_free|halal,nonveg_tags_without_meat_words
9a76a9d2-ae2d-4c35-983e-b6d8b4d68e0c,Murgh Palak Recipe - Chicken In A Palak Gravy,indian,hard,75,standard,non_veg,Murgh Palak Recipe - Chicken In A Palak Gravy,indian|curry|north_indian|main|spicy|sour|savory|non-veg|nut_free|halal,nonveg_tags_without_meat_words
566fbaf5-31eb-4617-94ec-8504fee41d8a,Nargisi Kofta Curry Recipe - Spicy Scotched Egg Curry,indian,hard,75,standard,non_veg,Nargisi Kofta Curry Recipe - Spicy Scotched Egg Curry,indian|curry|north_indian|main|spicy|sour|savory|non-veg|nut_free|halal,nonveg_tags_without_meat_words
e73a570b-dfeb-4049-9c66-6d045806ec17,"Oats, Cranberry And Walnut Bread Recipe",indian,hard,75,standard,vegetarian,"Oats, Cranberry And Walnut Bread Recipe",indian|main|sweet|sour|savory|non-veg|halal,nonveg_tags_without_meat_words|quick_keyword_but_long_total_time
d0412b29-a96d-4967-84fb-07ff0ba6663e,Parsi Style Vegetable Dhansak Recipe- Parsi Vegetable Dal,indian,hard,75,standard,vegetarian,Parsi Vegetable Dhansak Recipe- Parsi Vegetable Dal,indian|main|spicy|sour|savory|non-veg|gluten_free|nut_free|halal,nonveg_tags_without_meat_words
3b0d9644-83bb-4bcf-ac5b-28ad8ab0652b,Roasted Eggplant Parmigiana Recipe,indian,hard,75,standard,non_veg,Roasted Eggplant Parmigiana Recipe,indian|main|spicy|savory|non-veg|nut_free|halal,nonveg_tags_without_meat_words
6f4e71f1-efce-4e63-84b9-a12e62e70a3b,Roasted Vegetable Flan Recipe In Herbed Sauce,indian,hard,75,standard,vegetarian,Roasted Vegetable Flan Recipe In Herbed Sauce,indian|main|spicy|sweet|savory|non-veg|gluten_free|halal,nonveg_tags_without_meat_words
230cbbf4-9dd2-4ac4-96e9-b078191a0aa8,Shrimp Spinach Cheese Swirl Recipe,indian,hard,75,standard,vegetarian,Shrimp Spinach Cheese Swirl Recipe,indian|main|spicy|savory|non-veg|gluten_free|nut_free|halal,nonveg_tags_without_meat_words|quick_keyword_but_long_total_time
0cbe0353-2006-4b32-be79-f96c2c2c9af0,Singapore Style Chicken Layered Fried Rice Recipe,indian,hard,75,standard,non_veg,Singapore Chicken Layered Fried Rice Recipe,indian|rice|main|spicy|sweet|sour|savory|non-veg|dairy_free|nut_free|halal,nonveg_tags_without_meat_words
deed3c04-5c2a-45dd-92eb-173f0f77f626,Spiced Whole Wheat Carrot Cake Recipe,indian,medium,75,standard,vegetarian,Spiced Whole Wheat Carrot Cake Recipe,indian|main|sweet|savory|non-veg|halal,nonveg_tags_without_meat_words
76e9cd20-ffb7-42e7-87dd-5fcad3ddcb02,Chinese Chicken Sweet Corn Soup Recipe,indian,medium,80,standard,non_veg,Chinese Chicken Sweet Corn Soup Recipe,indian|dessert|spicy|sweet|savory|non-veg|dairy_free|nut_free|halal,nonveg_tags_without_meat_words
d5a7099e-3f68-4a1e-bc42-fbbe1a97d5e0,Chocolate Flan Cake Recipe,indian,hard,80,standard,vegetarian,Chocolate Flan Cake Recipe,indian|main|sweet|savory|non-veg|nut_free|halal,nonveg_tags_without_meat_words
42321381-c05a-4262-a86d-3d79b5857df7,Chocolate Nutella Lava Cookies Recipe,indian,medium,80,standard,vegetarian,Chocolate Nutella Lava Cookies Recipe,indian|main|sweet|savory|non-veg|nut_free|halal,nonveg_tags_without_meat_words
f4be23aa-e07c-451d-a966-2f793c78f06e,Crispy Crab Rangoons Recipe,indian,medium,80,standard,vegetarian,Crispy Crab Rangoons Recipe,indian|main|sweet|savory|non-veg|gluten_free|nut_free|halal,nonveg_tags_without_meat_words
9b5263cc-7a58-4e9c-a3b9-5b001598a473,Dried Cranberry & White Chocolate Chip Biscotti Recipe,indian,medium,80,standard,vegetarian,Dried Cranberry & White Chocolate Chip Biscotti Recipe,indian|main|sweet|savory|non-veg|nut_free|halal,nonveg_tags_without_meat_words
ec9e1322-0f3c-4677-8a79-cd4fc101d88e,Eggless Dark Chocolate Cookies With Almonds Recipe,indian,medium,80,standard,non_veg,Eggless Dark Chocolate Cookies With Almonds Recipe,indian|main|sweet|savory|non-veg|halal,nonveg_tags_without_meat_words
e4b30127-9c03-41d9-8f59-2977bba1cb60,Eggless Ragi & Whole Wheat Crisp Biscuits Recipe,indian,hard,80,standard,non_veg,Eggless Ragi & Whole Wheat Crisp Biscuits Recipe,indian|main|sweet|savory|non-veg|nut_free|halal,nonveg_tags_without_meat_words
2e3e1cc9-a7fe-45db-af7b-4db8a9241b02,Eggless Thandai Cookie Recipe,indian,hard,80,standard,non_veg,Eggless Thandai Cookie Recipe,indian|main|spicy|sweet|savory|non-veg|halal,nonveg_tags_without_meat_words
05dd310c-7449-436e-9ae6-4240bf755e6d,Fish Tandoori Recipe,indian,hard,80,standard,non_veg,Fish Tandoori Recipe,indian|main|north_indian|spicy|sour|savory|non-veg|gluten_free|nut_free|halal,nonveg_tags_without_meat_words
fd2b1ff1-c0b5-401d-b86c-4b826f2e226d,French Madeleine Recipe,indian,medium,80,standard,vegetarian,French Madeleine Recipe,indian|main|sweet|sour|savory|non-veg|nut_free|halal,nonveg_tags_without_meat_words
5b62aa04-da3f-4f01-a6f9-4028200ce32b,Goan Style Baby / Baby / Baby Recipe,indian,medium,80,standard,vegetarian,Goan Baby / Baby / Baby Recipe,indian|main|sweet|savory|non-veg|nut_free|halal,nonveg_tags_without_meat_words
52837cd2-dd85-41ba-8ec1-c00fd3265dbf,Irish Barmbrack Recipe,indian,medium,80,standard,vegetarian,Irish Barmbrack Recipe,indian|main|sweet|savory|non-veg|dairy_free|nut_free|halal,nonveg_tags_without_meat_words
651bfbe7-3eeb-4df1-9c83-5b7a29b2ee24,Kashmiri Style Shami Mutsch Recipe - Minced Lamb Cutlets In Yogurt Gravy,indian,hard,80,standard,non_veg,Kashmiri Shami Mutsch Recipe - Minced Lamb Cutlets In Yogurt Gravy,indian|curry|north_indian|main|spicy|sweet|sour|savory|non-veg|nut_free,nonveg_tags_without_meat_words
8812bd33-3053-42a0-ad3a-2215f82d092f,Kollu Puli Kuzhambu Recipe - Horsegram In A Tangy Gravy,indian,hard,80,standard,vegetarian,Kollu Puli Kuzhambu Recipe - Horsegram In A Tangy Gravy,indian|curry|south_indian|main|spicy|sour|savory|non-veg|gluten_free|dairy_free|nut_free,nonveg_tags_without_meat_words
58892473-2fb2-40af-a3f0-eeb6649fb8ca,Quick & Easy Apple Cake Recipe,indian,medium,80,quick,vegetarian,& Apple Cake Recipe,indian|main|sweet|savory|non-veg|nut_free|halal,nonveg_tags_without_meat_words|quick_keyword_but_long_total_time
d1efa507-aa4e-40e4-b95a-9e9198bf3509,Quinoa Chocolate Carrot Cake Recipe,indian,hard,80,standard,vegetarian,Quinoa Chocolate Carrot Cake Recipe,indian|main|sweet|savory|non-veg|halal,nonveg_tags_without_meat_words|quick_keyword_but_long_total_time
c80df2df-b4c0-4b4b-8732-2611404b8f78,Recipe Shape Recipe,indian,medium,80,standard,vegetarian,Recipe Shape Recipe,indian|main|spicy|savory|non-veg|gluten_free|dairy_free|nut_free|halal,nonveg_tags_without_meat_words
4d2915c8-2778-4938-8cdd-3d3b9ef11a03,Rosemary And Thyme Chicken Recipe,indian,medium,80,standard,non_veg,Rosemary And Thyme Chicken Recipe,indian|main|spicy|sour|savory|non-veg|gluten_free|dairy_free|nut_free|halal,nonveg_tags_without_meat_words
ceaf0999-693f-458e-9241-84d896550274,Simple Mutton Curry With Coconut Recipe,indian,hard,80,standard,non_veg,Simple Mutton Curry With Coconut Recipe,indian|curry|south_indian|main|spicy|sour|savory|non-veg|nut_free|halal,nonveg_tags_without_meat_words
dd27f876-6065-4ee1-911c-9f9aae3ce7ad,Spicy Crab Masala Recipe,indian,hard,80,standard,vegetarian,Spicy Crab Masala Recipe,indian|curry|south_indian|main|spicy|savory|non-veg|dairy_free|nut_free|halal,nonveg_tags_without_meat_words
11cd5bca-ab3a-4c4c-9de9-cae9882d32d6,Spicy Mango Lime Grilled Chicken Recipe,indian,hard,80,standard,non_veg,Spicy Mango Lime Grilled Chicken Recipe,indian|main|spicy|sour|savory|non-veg|dairy_free|nut_free|halal,nonveg_tags_without_meat_words
9b83fc15-ced8-4b85-9267-78842e485420,Strawberry Cheesecake Bars Recipe,indian,medium,80,standard,vegetarian,Strawberry Cheesecake Bars Recipe,indian|main|sweet|savory|non-veg|nut_free|halal,nonveg_tags_without_meat_words
723d3b15-5e8d-4c81-9bed-795b280e4a48,Thalassery Chicken Biriyani Recipe,indian,hard,80,standard,non_veg,Thalassery Chicken Biriyani Recipe,indian|main|south_indian|spicy|sour|savory|non-veg|halal,nonveg_tags_without_meat_words
9ac25065-0666-4b48-b867-b8cde49ad1d3,Bengali Style Khichuri Aar Labra Recipe-Khichdi And Mixed Vegetables,indian,hard,85,standard,vegetarian,Bengali Khichuri Aar Labra Recipe-Khichdi And Mixed Vegetables,indian|main|bengali|spicy|sweet|savory|non-veg|nut_free|halal,nonveg_tags_without_meat_words
b1aaa459-4b1b-496e-be2f-852ab004a48b,Brownie Butter Cake Recipe,indian,medium,85,standard,vegetarian,Brownie Butter Cake Recipe,indian|main|sweet|savory|non-veg|nut_free|halal,nonveg_tags_without_meat_words|quick_keyword_but_long_total_time
747345d2-27a7-4f3f-91fa-d1b4ccfd2bde,Chicken Shawarma Recipe,indian,hard,85,standard,non_veg,Chicken Shawarma Recipe,indian|main|spicy|sweet|sour|savory|non-veg|nut_free|halal,nonveg_tags_without_meat_words
6dcaf0d1-cccc-4fe0-9afc-c350b6d74ab9,Chilli Chocolate Cookies Recipe,indian,hard,85,standard,vegetarian,Chilli Chocolate Cookies Recipe,indian|main|spicy|sweet|savory|non-veg|nut_free|halal,nonveg_tags_without_meat_words
2612aa7f-75b2-44a8-a499-08b22ee15a53,Devil Chicken Recipe,indian,medium,85,standard,non_veg,Devil Chicken Recipe,indian|main|spicy|sweet|savory|non-veg|gluten_free|dairy_free|nut_free|halal,nonveg_tags_without_meat_words
ab67a0d3-46e6-411e-b4bf-0e73b2bbab90,Eggless Spiced Carrot Olive Cake Recipe,indian,hard,85,standard,non_veg,Eggless Spiced Carrot Olive Cake Recipe,indian|main|sweet|sour|savory|non-veg|halal,nonveg_tags_without_meat_words|quick_keyword_but_long_total_time
bf9013e0-a094-49fd-a482-8e989ede7963,Greek Style Vegan Moussaka Recipe,indian,hard,85,standard,vegetarian,Greek Vegan Moussaka Recipe,indian|main|spicy|sweet|sour|savory|non-veg|gluten_free|dairy_free|nut_free|halal,nonveg_tags_without_meat_words
8c855491-04a6-41d9-aaeb-bd6e0f3b5aa6,Mushroom And Quail Egg Gougere Recipe,indian,hard,85,standard,non_veg,Mushroom And Quail Egg Gougere Recipe,indian|main|spicy|sour|savory|non-veg|nut_free|halal,nonveg_tags_without_meat_words
7d52bbeb-0b3b-4b48-a0d1-1d0710774fef,Mushrooms And Zucchini Puffs Recipe,indian,hard,85,standard,vegetarian,Mushrooms And Zucchini Puffs Recipe,indian|main|sour|savory|non-veg|nut_free|halal,nonveg_tags_without_meat_words
c868f75f-9aad-4d44-86fb-e75cab0119fc,Mutton Do Pyaza Recipe,indian,hard,85,standard,non_veg,Mutton Do Pyaza Recipe,indian|main|north_indian|spicy|sour|savory|non-veg|gluten_free|nut_free|halal,nonveg_tags_without_meat_words
f0b14d1e-aaef-4a93-b6b6-cd02bb9ee0cf,Shehenshahi Parsi Keema Pulao Recipe,indian,hard,85,standard,vegetarian,Shehenshahi Parsi Keema Pulao Recipe,indian|rice|main|spicy|sour|savory|non-veg|halal,nonveg_tags_without_meat_words
938482c0-5c78-430d-9787-2efe5298d5b9,Thai Style Mung Bean Fritter Recipe,indian,medium,85,standard,vegetarian,Thai Mung Bean Fritter Recipe,indian|main|spicy|sweet|sour|savory|non-veg|gluten_free|dairy_free|nut_free|halal,nonveg_tags_without_meat_words
8d720258-b2ba-4e51-8a12-05fe3d1e6a8a,Whole Wheat Espresso Chocolate Streusel Cake Recipe,indian,hard,85,standard,vegetarian,Whole Wheat Espresso Chocolate Streusel Cake Recipe,indian|main|sweet|savory|non-veg|nut_free|halal,nonveg_tags_without_meat_words
cd4bd203-df78-425a-9a7a-bccae77289dd,Eggless Date & Walnut Oatmeal Cake Recipe,indian,medium,89,standard,non_veg,Eggless Date & Walnut Oatmeal Cake Recipe,indian|main|sweet|savory|non-veg|dairy_free|halal,nonveg_tags_without_meat_words
4c968b75-1f57-4fe8-9847-66c23ecd2f2c,Baked Fish In Coconut Milk Recipe,indian,hard,90,standard,non_veg,Baked Fish In Coconut Milk Recipe,indian|main|south_indian|spicy|sour|savory|non-veg|gluten_free|nut_free|halal,nonveg_tags_without_meat_words
6f1c15b2-a70b-4269-ae74-ebae9a626902,Basbousa Recipe With Egg,indian,hard,90,standard,non_veg,Basbousa Recipe With Egg,indian|main|sweet|sour|savory|non-veg|nut_free|halal,nonveg_tags_without_meat_words
ce7d3f63-56bf-402b-ae2b-18068c7418a9,Basil Pesto Grilled Chicken Recipe,indian,medium,90,standard,non_veg,Basil Pesto Grilled Chicken Recipe,indian|main|spicy|sour|savory|non-veg|gluten_free|halal,nonveg_tags_without_meat_words
d8232914-1bda-4b65-a3c0-d324e05f2dde,Beguni Recipe - Baingan/Eggplant Pakora,indian,medium,90,standard,non_veg,Beguni Recipe - Baingan/Eggplant Pakora,indian|snack|bengali|spicy|savory|non-veg|dairy_free|nut_free|halal,nonveg_tags_without_meat_words
261b274a-e442-4d9d-b3db-c4c526e51ed0,Bengaluru Style Brinjal Gravy Recipe - For Biryani,indian,hard,90,standard,vegetarian,Bengaluru Brinjal Gravy Recipe - For Biryani,indian|rice|south_indian|main|spicy|sweet|sour|savory|non-veg|gluten_free|dairy_free|nut_free|halal,nonveg_tags_without_meat_words
1475bc2a-10c8-43aa-bc68-6a115e323ec1,Chicken & Bell Pepper Skewers Recipe,indian,hard,90,standard,non_veg,Chicken & Bell Pepper Skewers Recipe,indian|main|spicy|savory|non-veg|gluten_free|dairy_free|nut_free|halal,nonveg_tags_without_meat_words
da6bb58f-397e-4100-aceb-b0b5b5011a9c,Chicken Barbecue Pizza Recipe,indian,hard,90,standard,non_veg,Chicken Barbecue Pizza Recipe,indian|main|spicy|sweet|savory|non-veg|dairy_free|nut_free|halal,nonveg_tags_without_meat_words
f8f7f3f0-f0c8-4742-ac1b-76f96598314e,Chicken Teriyaki Rice Bowl Recipe,indian,hard,90,standard,non_veg,Chicken Teriyaki Rice Bowl Recipe,indian|rice|main|spicy|savory|non-veg|dairy_free|nut_free|halal,nonveg_tags_without_meat_words
53a1b842-e531-4679-8b85-873d92865602,Dhaba Style Egg Curry Recipe in Electric Pressure Cooker,indian,hard,90,standard,non_veg,Dhaba Egg Curry Recipe in Electric Pressure Cooker,indian|curry|north_indian|main|spicy|sour|savory|non-veg|nut_free|halal,nonveg_tags_without_meat_words
095dc5ed-b072-4511-a991-df0096c35318,Eggless Traditional Christmas Cake Recipe - Vegan Options,indian,hard,90,traditional,non_veg,Eggless Christmas Cake Recipe - Vegan Options,indian|main|sweet|savory|non-veg|halal,nonveg_tags_without_meat_words
60154797-7cdb-4c7b-ba36-70937e45ebf6,Flourless Orange Cake With Cream Cheese Frosting Recipe,indian,hard,90,standard,vegetarian,Flourless Orange Cake With Cream Cheese Frosting Recipe,indian|main|sweet|savory|non-veg|halal,nonveg_tags_without_meat_words
a972aec1-8c2c-4e3d-92b3-0ce4dea7cf5e,Kerala Chicken Roast Recipe,indian,hard,90,standard,non_veg,Kerala Chicken Roast Recipe,indian|main|south_indian|spicy|sour|savory|non-veg|gluten_free|dairy_free|nut_free|halal,nonveg_tags_without_meat_words
a3164a42-441b-48b9-9903-f2155c9667e5,Kerala pala pradham recipe,indian,hard,90,standard,vegetarian,Kerala pala pradham recipe,indian|main|south_indian|sweet|savory|non-veg|gluten_free|nut_free,nonveg_tags_without_meat_words
53b7b34f-4c96-4152-b953-9bfdec59ad10,Laal Maas Biryani Recipe,indian,hard,90,standard,vegetarian,Laal Maas Biryani Recipe,indian|rice|main|spicy|sour|savory|non-veg|nut_free|halal,nonveg_tags_without_meat_words|quick_keyword_but_long_total_time
edf9a14a-5b8b-4d85-ab73-b24ba41e51ed,Lal Mas Biryani Recipe - Laal Maas Biryani Recipe,indian,hard,90,standard,vegetarian,Lal Mas Biryani Recipe - Laal Maas Biryani Recipe,indian|rice|main|spicy|sour|savory|non-veg|gluten_free|nut_free|halal,nonveg_tags_without_meat_words
e4bee7c3-9818-4ff0-9548-7c755627a943,Malabar Kaai Curry Recipe With Nenthra Pazham,indian,medium,90,standard,vegetarian,Malabar Kaai Curry Recipe With Nenthra Pazham,indian|curry|south_indian|main|sweet|savory|non-veg|gluten_free|nut_free,nonveg_tags_without_meat_words
922328e0-6279-418e-b45b-e8c3c9581084,Mango & Lemon Bar Recipe,indian,hard,90,standard,vegetarian,Mango & Lemon Bar Recipe,indian|main|sweet|sour|savory|non-veg|nut_free|halal,nonveg_tags_without_meat_words
4ad33002-dd05-46bc-850f-cdd31fed5318,Mutton Dum Biryani Recipe,indian,hard,90,standard,non_veg,Mutton Dum Biryani Recipe,indian|rice|north_indian|main|spicy|sour|savory|non-veg|nut_free|halal,nonveg_tags_without_meat_words
162126e7-b599-4948-a868-b05e14c67b9a,Old Fashioned Bread Pudding Recipe,indian,hard,90,standard,vegetarian,Old Fashioned Bread Pudding Recipe,indian|main|sweet|savory|non-veg|halal,nonveg_tags_without_meat_words
a33aa381-5212-4148-a599-98bb1b4446e6,Parsi Lagan Nu Custard Recipe,indian,medium,90,standard,vegetarian,Parsi Lagan Nu Custard Recipe,indian|main|sweet|savory|non-veg|gluten_free|halal,nonveg_tags_without_meat_words
20df0d2d-6242-4850-a298-2f1c6d06fa03,Parsi Mawa Cake Recipe (Tea Time Cake Flavored with Cardamom & Pistachios),indian,medium,90,standard,vegetarian,Parsi Mawa Cake Recipe (Tea Time Cake Flavored with Cardamom & Pistachios),indian|main|sweet|savory|non-veg|halal,nonveg_tags_without_meat_words
f2117b10-17ed-4114-95df-0138785ac2ce,Recheado Chicken Naan Wraps Recipe,indian,medium,90,standard,non_veg,Recheado Chicken Naan Wraps Recipe,indian|bread|main|savory|non-veg|gluten_free|dairy_free|nut_free|halal,nonveg_tags_without_meat_words
7349110a-6641-4eb0-aa3a-727fbdd0f34a,Shahi Egg Curry Recipe In Tomato & Cashew Gravy,indian,hard,90,standard,non_veg,Shahi Egg Curry Recipe In Tomato & Cashew Gravy,indian|curry|north_indian|main|spicy|savory|non-veg|dairy_free|halal,nonveg_tags_without_meat_words
7d51fefd-2f23-4a4c-80f7-c6937b195d83,Spicy Lemon Chicken Kebab Recipe,indian,medium,90,standard,non_veg,Spicy Lemon Chicken Kebab Recipe,indian|main|spicy|sour|savory|non-veg|gluten_free|dairy_free|nut_free|halal,nonveg_tags_without_meat_words
8dc4f89a-e4d8-4357-98e3-d5ccc934dbae,Spinach Ricotta Stuffed Ravioli Recipe Tossed In Cheesy Pumpkin Sauce,indian,hard,90,standard,vegetarian,Spinach Ricotta Stuffed Ravioli Recipe Tossed In Cheesy Pumpkin Sauce,indian|main|spicy|sweet|savory|non-veg|nut_free|halal,nonveg_tags_without_meat_words|quick_keyword_but_long_total_time
c1009f6f-363d-4c3d-af76-e5e4ab175f06,Strawberry Compote Galette Recipe,indian,hard,90,standard,vegetarian,Strawberry Compote Galette Recipe,indian|main|sweet|savory|non-veg|nut_free|halal,nonveg_tags_without_meat_words
ad28efd8-ee17-4649-8fb1-a4a7dc6d136b,Tandoori Mayonnaise Chicken Cigar Recipe,indian,hard,90,standard,non_veg,Tandoori Mayonnaise Chicken Cigar Recipe,indian|main|spicy|savory|non-veg|dairy_free|nut_free|halal,nonveg_tags_without_meat_words
74d67a93-c751-4756-991a-4e346fd6af8b,Whole Wheat Eggless Cinnamon & Raisin Swirl Bread Recipe,indian,hard,90,standard,non_veg,Whole Wheat Eggless Cinnamon & Raisin Swirl Bread Recipe,indian|main|sweet|savory|non-veg|dairy_free|nut_free|halal,nonveg_tags_without_meat_words|quick_keyword_but_long_total_time
f19dfed6-fe5f-4080-97b0-c2ed1bef86a4,Bhopali Style Gosht Ka Pulao Recipe,indian,hard,95,standard,vegetarian,Bhopali Gosht Ka Pulao Recipe,indian|rice|north_indian|main|spicy|sour|savory|non-veg|nut_free|halal,nonveg_tags_without_meat_words
25c3c407-1bf1-4341-9b17-80e1ed92aa39,Canadian Egg Free Butter Tart Recipe (Eggless),indian,hard,95,standard,non_veg,Canadian Egg Free Butter Tart Recipe (Eggless),indian|main|sweet|sour|savory|non-veg|nut_free|halal,nonveg_tags_without_meat_words
7d2a8152-e60d-46d0-aaab-ef058d9d1bfc,Chicken Cooked in Banana Leaves Recipe,indian,hard,95,standard,non_veg,Chicken Cooked in Banana Leaves Recipe,indian|main|spicy|sour|savory|non-veg|gluten_free|dairy_free|nut_free|halal,nonveg_tags_without_meat_words
5e9bc6c1-5422-44c6-8037-3bb1b47f18d1,Eggless Cranberry Pistachio Biscotti Recipe,indian,medium,95,standard,non_veg,Eggless Cranberry Pistachio Biscotti Recipe,indian|main|sweet|savory|non-veg|dairy_free|halal,nonveg_tags_without_meat_words
42865aa6-c95e-4741-ac3f-51a3ef328fd8,Masala Vadai Kuzhambu Recipe (Mudaliar Style Curried Fritters In Spicy Tamarind Gravy),indian,hard,95,standard,vegetarian,Masala Vadai Kuzhambu Recipe (Mudaliar Curried Fritters In Spicy Tamarind Gravy),indian|curry|south_indian|main|spicy|sour|savory|non-veg|gluten_free|dairy_free|nut_free,nonveg_tags_without_meat_words
c79761e5-4293-4927-bb23-d06b3fff98c2,Murg Badami Recipe - Chicken In Almond Gravy,indian,hard,95,standard,non_veg,Murg Badami Recipe - Chicken In Almond Gravy,indian|curry|north_indian|main|spicy|sour|savory|non-veg|halal,nonveg_tags_without_meat_words
30810a05-a493-4b22-aa3e-05bde8cc6f0f,Prawn Masala Kozhukattai Recipe - Prawn Masala Dumplings,indian,hard,95,standard,non_veg,Prawn Masala Kozhukattai Recipe - Prawn Masala Dumplings,indian|curry|south_indian|main|spicy|savory|non-veg|dairy_free|nut_free|halal,nonveg_tags_without_meat_words
bc63d127-70b5-4417-8bd9-05ded4d4cf29,Restaurant Style Chicken 65 Recipe,indian,hard,95,standard,non_veg,Restaurant Chicken 65 Recipe,indian|main|south_indian|spicy|sweet|sour|savory|non-veg|nut_free|halal,nonveg_tags_without_meat_words
09e2bf9d-614a-466a-99dd-7b0fcdc9c0f6,Alu Bukhara Murgh Recipe - Chicken With Indian Plums,indian,hard,100,standard,non_veg,Alu Bukhara Murgh Recipe - Chicken With Indian Plums,indian|main|spicy|sour|savory|non-veg|nut_free|halal,nonveg_tags_without_meat_words
9cc1f26b-6181-46a3-adf2-31a1e3dd85fa,Andey Ki Kheer Recipe - Egg White Kheer,indian,hard,100,standard,non_veg,Andey Ki Kheer Recipe - Egg White Kheer,indian|dessert|sweet|savory|non-veg|gluten_free|halal,nonveg_tags_without_meat_words
027557cd-c7cc-44b3-8350-aa372f2130b9,Apple Almond Cake Recipe | With Eggless Version,indian,medium,100,standard,non_veg,Apple Almond Cake Recipe | With Eggless Version,indian|main|sweet|sour|savory|non-veg|halal,nonveg_tags_without_meat_words
fe66655e-3876-470c-9138-66167bbf2219,Bacon Quiche Tart Recipe,indian,hard,100,standard,vegetarian,Bacon Quiche Tart Recipe,indian|main|spicy|sour|savory|non-veg|nut_free,nonveg_tags_without_meat_words
e23ee1e8-af65-4ef8-9fe0-476adc6e6ce3,Bengali Bhetki Begum Bahar Recipe (Spicy Fish Fillets Curry),indian,hard,100,standard,non_veg,Bengali Bhetki Begum Bahar Recipe (Spicy Fish Fillets Curry),indian|curry|bengali|main|spicy|sour|savory|non-veg|dairy_free|halal,nonveg_tags_without_meat_words
371044aa-7718-4188-8a5a-fd15284dc6fe,Calcutta Style Chicken Biryani Recipe,indian,hard,100,standard,non_veg,Calcutta Chicken Biryani Recipe,indian|rice|main|spicy|sour|savory|non-veg|nut_free|halal,nonveg_tags_without_meat_words
5d66a124-8af0-4e32-a2af-572adba115b7,Caramel Folded Plum Cake Recipe,indian,hard,100,standard,vegetarian,Caramel Folded Plum Cake Recipe,indian|main|south_indian|sweet|savory|non-veg|halal,nonveg_tags_without_meat_words
7d5c9470-edd1-48df-8d00-77e756117603,Chicken Tomato Macaroni Recipe- Pasta with Indian Masalas,indian,hard,100,standard,non_veg,Chicken Tomato Macaroni Recipe- Pasta with Indian Masalas,indian|curry|main|spicy|savory|non-veg|gluten_free|dairy_free|nut_free|halal,nonveg_tags_without_meat_words
e5eb916b-bfbf-4ff2-9d0c-b95b604fc43e,Chinese style Black Sesame Nai Huang Bao Recipe (Steamed Custard Buns),indian,hard,100,standard,vegetarian,Chinese Black Sesame Nai Huang Bao Recipe (Steamed Custard Buns),indian|main|sweet|savory|non-veg|nut_free|halal,nonveg_tags_without_meat_words|quick_keyword_but_long_total_time
c02baca7-98c3-4ce7-99f5-c3f6b65894bc,Classic New York Style Cheesecake Recipe,indian,medium,100,standard,vegetarian,Classic New York Cheesecake Recipe,indian|main|sweet|savory|non-veg|nut_free|halal,nonveg_tags_without_meat_words
7c063d3e-c278-4f44-8e82-631d157e455f,Delicious Methi Chicken Curry - Murgh Methi Curry Recipe,indian,hard,100,standard,non_veg,Delicious Methi Chicken Curry - Murgh Methi Curry Recipe,indian|curry|north_indian|main|spicy|sour|savory|non-veg|nut_free|halal,nonveg_tags_without_meat_words
06596939-8feb-447e-bbbd-fec471a4cf90,Eggless Thandai Mini Cheesecake Recipe,indian,hard,100,standard,non_veg,Eggless Thandai Mini Cheesecake Recipe,indian|main|spicy|sweet|savory|non-veg|gluten_free|halal,nonveg_tags_without_meat_words
85c0b016-aaf5-442a-b361-0e2589d5a2d4,French Onion Chicken Recipe,indian,hard,100,standard,non_veg,French Onion Chicken Recipe,indian|main|spicy|sour|savory|non-veg|nut_free|halal,nonveg_tags_without_meat_words
87660c32-611f-405f-af56-97b032ae453e,Italian Arancini Rice Balls Recipe With Delicious Pasta Dipping Sauce,indian,hard,100,standard,vegetarian,Italian Arancini Rice Balls Recipe With Delicious Pasta Dipping Sauce,indian|rice|main|spicy|savory|non-veg|nut_free|halal,nonveg_tags_without_meat_words
800ad6ba-60e3-4fbd-97cd-306961181473,Italian Baked Eggplant in Tomato & Parmesan - Melanzane alla Parmigiana Recipe,indian,hard,100,standard,non_veg,Italian Baked Eggplant in Tomato & Parmesan - Melanzane alla Parmigiana Recipe,indian|main|savory|non-veg|gluten_free|nut_free|halal,nonveg_tags_without_meat_words
eb76e4de-bbd1-4935-b59d-972b26943dc4,Kolkata Chicken Chaap Recipe  - Slow Cooked Chicken Legs,indian,hard,100,standard,non_veg,Kolkata Chicken Chaap Recipe - Slow Cooked Chicken Legs,indian|main|bengali|spicy|sweet|sour|savory|non-veg|halal,nonveg_tags_without_meat_words
de86c5e0-080d-43c9-a8b8-fa50bfe68811,Mexican Lime Chicken Recipe,indian,medium,100,standard,non_veg,Mexican Lime Chicken Recipe,indian|main|sour|savory|non-veg|gluten_free|dairy_free|nut_free|halal,nonveg_tags_without_meat_words
ebc739b1-a194-4c6e-a888-6717bf846646,Murgh Ajmeri Recipe,indian,hard,100,standard,vegetarian,Murgh Ajmeri Recipe,indian|main|spicy|sour|savory|non-veg|halal,nonveg_tags_without_meat_words
227ce03f-f8f1-4eed-9984-215ba78f361b,Posto Chicken Recipe - Bengali Chicken In Poppy Seed Paste,indian,hard,100,standard,non_veg,Posto Chicken Recipe - Bengali Chicken In Poppy Seed Paste,indian|main|bengali|spicy|sour|savory|non-veg|dairy_free|nut_free|halal,nonveg_tags_without_meat_words
93744910-6737-4eb2-b603-fdbd3915fefb,Potato Spinach Roulade Recipe With Parmesan Cheese & Herbed Butter Sauce,indian,hard,100,standard,vegetarian,Potato Spinach Roulade Recipe With Parmesan Cheese & Herbed Butter Sauce,indian|main|spicy|savory|non-veg|nut_free|halal,nonveg_tags_without_meat_words
44d44647-aad4-4550-97f5-c8bf65a42e2a,South Indian Grilled Fish With Spicy Fusion Sauce Recipe,indian,hard,100,standard,non_veg,South Indian Grilled Fish With Spicy Fusion Sauce Recipe,indian|main|south_indian|spicy|sour|savory|non-veg|gluten_free|nut_free|halal,nonveg_tags_without_meat_words
c0be5e23-11cb-472f-a61e-d5446b61ecb8,Spicy Egg Biryani Recipe with Figaro Olive Oil,indian,hard,100,standard,non_veg,Spicy Egg Biryani Recipe with Figaro Olive Oil,indian|rice|main|spicy|sour|savory|non-veg|halal,nonveg_tags_without_meat_words
ef1f7b06-3962-4565-9de2-907797cdd57f,Stuffed Bun With Veggies Recipe,indian,hard,100,standard,non_veg,Stuffed Bun With Veggies Recipe,indian|main|spicy|sweet|sour|savory|non-veg|nut_free|halal,nonveg_tags_without_meat_words
a25fedd6-5fb6-47b1-84c6-8c7144daf91c,Tandoori Chicken Crostini Recipe,indian,hard,100,standard,non_veg,Tandoori Chicken Crostini Recipe,indian|main|spicy|sour|savory|non-veg|nut_free|halal,nonveg_tags_without_meat_words
2f4f1474-c1c8-469d-b92b-b1e4efe983c7,Whole Wheat Carrot Cake Recipe,indian,hard,100,standard,vegetarian,Whole Wheat Carrot Cake Recipe,indian|main|sweet|savory|non-veg|halal,nonveg_tags_without_meat_words
957d1741-457f-434c-85a1-2c35e907b145,Zesty Fish Quiche Recipe Flavored With Cheesy Garlic Mayo,indian,hard,100,standard,non_veg,Zesty Fish Quiche Recipe Flavored With Cheesy Garlic Mayo,indian|main|spicy|savory|non-veg|nut_free|halal,nonveg_tags_without_meat_words
d63533ca-2591-4088-9d79-5a81e285f18a,Chocolate Salted Caramel Tart Recipe,indian,hard,105,standard,vegetarian,Chocolate Salted Caramel Tart Recipe,indian|main|sweet|savory|non-veg|nut_free|halal,nonveg_tags_without_meat_words
98d7f816-476a-4c38-9df9-8483047e15cf,Goan Style Chicken Galinha Cafreal Recipe,indian,medium,105,standard,non_veg,Goan Chicken Galinha Cafreal Recipe,indian|main|spicy|sour|savory|non-veg|gluten_free|dairy_free|nut_free|halal,nonveg_tags_without_meat_words
f0392d0d-4b8a-49e9-b491-55334caa5849,Goan Style Frango Vera Recipe - Chicken Vera,indian,medium,105,standard,non_veg,Goan Frango Vera Recipe - Chicken Vera,indian|main|spicy|sour|savory|non-veg|gluten_free|dairy_free|nut_free|halal,nonveg_tags_without_meat_words
56e42a5b-de74-48d8-bfef-1a31848b70a9,Mangalorean Chicken Ghee Roast Recipe,indian,hard,105,standard,non_veg,Mangalorean Chicken Ghee Roast Recipe,indian|main|spicy|sweet|sour|savory|non-veg|gluten_free|nut_free|halal,nonveg_tags_without_meat_words
e350aabb-28da-44e3-9c51-733d36d49c44,Muesli Chia Seeds Kaiser Roll Recipe - Hard Roll Recipe,indian,hard,105,standard,vegetarian,Muesli Chia Seeds Kaiser Roll Recipe - Hard Roll Recipe,indian|main|sweet|savory|non-veg|nut_free|halal,nonveg_tags_without_meat_words|quick_keyword_but_long_total_time
c5b52dfc-56d4-4601-a8c4-18fdd381feb6,Murgh Musallam Recipe - Masala Roasted Chicken,indian,hard,105,standard,non_veg,Murgh Musallam Recipe - Masala Roasted Chicken,indian|curry|north_indian|main|spicy|sour|savory|non-veg|gluten_free|halal,nonveg_tags_without_meat_words
1ab06a26-e60d-46ce-bb48-d9f68e8d2f09,Vegetable Tartlets Recipe,indian,hard,105,standard,vegetarian,Vegetable Tartlets Recipe,indian|main|spicy|savory|non-veg|nut_free|halal,nonveg_tags_without_meat_words
1bc52104-65f5-40f4-a86b-295c023cb95d,Vegetarian Shami Kebab Recipe (Chane Ke Kebab),indian,hard,105,standard,vegetarian,Vegetarian Shami Kebab Recipe (Chane Ke Kebab),indian|main|north_indian|spicy|savory|non-veg|nut_free,nonveg_tags_without_meat_words
33d25b65-f535-470e-9120-3b09c05e0b0b,Chilli Chicken Recipe - Delicious Indian Style Chinese Chicken,indian,hard,110,standard,non_veg,Chilli Chicken Recipe - Delicious Indian Chinese Chicken,indian|main|spicy|sour|savory|non-veg|dairy_free|nut_free|halal,nonveg_tags_without_meat_words
e200f811-3b96-4936-9c4b-7519e9542664,Eggless Devil's Food Cake Recipe,indian,hard,110,standard,non_veg,Eggless Devil's Food Cake Recipe,indian|main|sweet|sour|savory|non-veg|nut_free|halal,nonveg_tags_without_meat_words
e242cb67-bc6b-4663-b009-1183107ce147,Eggplant Rolls Recipe,indian,hard,110,standard,non_veg,Eggplant Rolls Recipe,indian|main|spicy|savory|non-veg|gluten_free|nut_free|halal,nonveg_tags_without_meat_words
c9437cac-af77-43b2-abed-9024ddb102e3,Hariyali Chicken Tikka Masala Recipe,indian,medium,110,standard,non_veg,Hariyali Chicken Tikka Masala Recipe,indian|curry|north_indian|main|spicy|sour|savory|non-veg|gluten_free|nut_free|halal,nonveg_tags_without_meat_words
de365448-753b-41e7-926e-c8c5832b589d,Hariyali Chicken Tikka Recipe,indian,medium,110,standard,non_veg,Hariyali Chicken Tikka Recipe,indian|main|north_indian|spicy|sour|savory|non-veg|gluten_free|nut_free|halal,nonveg_tags_without_meat_words
3b3f1c0a-cd52-4ef6-943e-f56b92ebc23a,Himachali Mutton Rara Recipe,indian,hard,110,standard,non_veg,Himachali Mutton Rara Recipe,indian|main|spicy|sweet|sour|savory|non-veg|nut_free|halal,nonveg_tags_without_meat_words
228821b8-36d7-43ff-83ea-3071a7f06909,No-Bake Strawberry Cream Cheese Dessert Recipe,indian,medium,110,standard,vegetarian,No-Bake Strawberry Cream Cheese Dessert Recipe,indian|dessert|sweet|sour|savory|non-veg|nut_free,nonveg_tags_without_meat_words
212908b6-b8a7-41fe-93d4-99d1d9f693af,Pavlova Recipe With Strawberries,indian,hard,110,standard,vegetarian,Pavlova Recipe With Strawberries,indian|main|sweet|sour|savory|non-veg|nut_free|halal,nonveg_tags_without_meat_words
4ed9bfc5-c466-4eb2-b90f-503c268cc994,Paya Curry Recipe | Lamb Trotters,indian,hard,110,standard,non_veg,Paya Curry Recipe | Lamb Trotters,indian|curry|south_indian|main|spicy|savory|non-veg|dairy_free|nut_free|halal,nonveg_tags_without_meat_words
65a26d51-cf9b-4657-bf6d-3b14787c2482,Vegetarian Pot Pie Recipe,indian,hard,110,standard,vegetarian,Vegetarian Pot Pie Recipe,indian|main|spicy|sweet|savory|non-veg|nut_free|halal,nonveg_tags_without_meat_words
0422b0ce-b5b9-4c15-8bea-0ec618f626d8,Cheese Tarts Recipe,indian,hard,115,standard,vegetarian,Cheese Tarts Recipe,indian|main|sweet|sour|savory|non-veg|nut_free|halal,nonveg_tags_without_meat_words
90ee41ab-535b-49c5-97cd-9a9836661801,Arabian Chicken Mandi Recipe -Yemeni Style Rice & Chicken,indian,hard,120,standard,non_veg,Arabian Chicken Mandi Recipe -Yemeni Rice & Chicken,indian|rice|main|spicy|savory|non-veg|nut_free|halal,nonveg_tags_without_meat_words
bc58c089-a77c-49c3-8ae1-da4d9aeec14a,Attukal Mochai Kuzhambu Recipe-Mutton Leg & Field Beans Gravy,indian,hard,120,standard,non_veg,Attukal Mochai Kuzhambu Recipe-Mutton Leg & Field Beans Gravy,indian|curry|south_indian|main|spicy|sour|savory|non-veg|dairy_free|nut_free,nonveg_tags_without_meat_words
c4948f11-d048-4d03-a75f-87e29ecf7e95,Choco Swirl Cookies Recipe (Eggless Choco Pinwheel Cookies),indian,medium,120,standard,non_veg,Choco Swirl Cookies Recipe (Eggless Choco Pinwheel Cookies),indian|main|sweet|savory|non-veg|nut_free|halal,nonveg_tags_without_meat_words
27b89de8-f458-485e-bea8-d3f4bb24e4eb,Egg Biryani Recipe With Coconut Milk,indian,hard,120,standard,non_veg,Egg Biryani Recipe With Coconut Milk,indian|rice|main|spicy|savory|non-veg|nut_free|halal,nonveg_tags_without_meat_words
0b0f6fde-f8c5-48de-a1ac-762aaa6dd0ba,Grilled Basil Pesto Chicken Sub Sandwich Recipe,indian,hard,120,standard,non_veg,Grilled Basil Pesto Chicken Sub Sandwich Recipe,indian|main|spicy|sweet|sour|savory|non-veg|halal,nonveg_tags_without_meat_words
0a90276d-bb4b-43d5-8dd0-7618fe4e2ad4,Mushroom Quiche Recipe,indian,hard,120,standard,vegetarian,Mushroom Quiche Recipe,indian|main|spicy|savory|non-veg|nut_free|halal,nonveg_tags_without_meat_words
b0087e13-5fe7-49c9-ac3f-73c88b3b5d70,Mutton Cut Recipe,indian,hard,120,standard,non_veg,Mutton Cut Recipe,indian|main|bengali|spicy|sweet|sour|savory|non-veg|halal,nonveg_tags_without_meat_words
3d479120-a360-45df-84c8-b4fd2f642b0d,Nutty Pineapple Tutti Frutti Cake Recipe (White Fruitcake),indian,medium,120,standard,vegetarian,Nutty Pineapple Tutti Frutti Cake Recipe (White Fruitcake),indian|main|sweet|savory|non-veg|halal,nonveg_tags_without_meat_words
5a829c4e-0ca4-4795-8a08-3790bcb5e3db,Red Velvet Cake Recipe,indian,hard,120,standard,vegetarian,Red Velvet Cake Recipe,indian|main|sweet|sour|savory|non-veg|nut_free|halal,nonveg_tags_without_meat_words
d3e5c757-0794-40b0-bf3f-fc8dad7d1289,Southern Style Fried Chicken Recipe,indian,hard,120,standard,non_veg,Southern Fried Chicken Recipe,indian|main|south_indian|spicy|savory|non-veg|nut_free|halal,nonveg_tags_without_meat_words
9b134e81-b7ad-4fd6-803c-4d0561163d3a,Tawa Crispy Pomfret Fry Recipe,indian,medium,120,standard,vegetarian,Tawa Crispy Pomfret Fry Recipe,indian|main|spicy|sour|savory|non-veg|gluten_free|nut_free|halal,nonveg_tags_without_meat_words
ad47210d-16d3-4216-8deb-ee276e7eb635,French Gâteaux Recipe (Layered Fruit and Cream Cake),indian,hard,125,standard,vegetarian,French Gâteaux Recipe (Layered Fruit and Cream Cake),indian|main|sweet|sour|savory|non-veg|halal,nonveg_tags_without_meat_words
de76b73e-5d40-4793-b393-fad48fbf05bb,Hariyali Chicken Tikka Wrap Recipe,indian,hard,125,standard,non_veg,Hariyali Chicken Tikka Wrap Recipe,indian|main|north_indian|spicy|sour|savory|non-veg|nut_free|halal,nonveg_tags_without_meat_words
c6e04e7a-0c23-474d-ad55-ea97881c368a,Orange Zested Shortbread Cookie Recipe (Egg Free/Eggless),indian,hard,125,standard,non_veg,Orange Zested Shortbread Cookie Recipe (Egg Free/Eggless),indian|main|sweet|savory|non-veg|halal,nonveg_tags_without_meat_words
bd1d474f-c96d-4807-a852-8ee797ba9e0a,Savory Ricotta Tart Recipe,indian,medium,125,standard,vegetarian,Savory Ricotta Tart Recipe,indian|main|spicy|sour|savory|non-veg|nut_free|halal,nonveg_tags_without_meat_words
fd4c1828-fa2c-460f-b4dd-0f55c1e51c7c,Braised Pork Belly Recipe,indian,hard,130,standard,vegetarian,Braised Pork Belly Recipe,indian|main|sweet|savory|non-veg|gluten_free|dairy_free|nut_free,nonveg_tags_without_meat_words
334d78e0-2228-4f6d-bf54-58b1e4e338d2,Cheese and Bacon Pinwheels Recipe,indian,hard,130,standard,vegetarian,Cheese and Bacon Pinwheels Recipe,indian|main|spicy|sweet|savory|non-veg|nut_free,nonveg_tags_without_meat_words|quick_keyword_but_long_total_time
021e3aaf-7c5b-4c96-8df1-9118962dba88,"Chettinad Fish Fry With Roasted Corn, Onions And Carrots With French Beans Recipe",indian,hard,130,standard,non_veg,"Chettinad Fish Fry With Roasted Corn, Onions And Carrots With French Beans Recipe",indian|main|south_indian|spicy|sour|savory|non-veg|gluten_free|nut_free|halal,nonveg_tags_without_meat_words
cdcbd61d-c4fe-49e1-a459-ef62550f9472,Dum Ka Murgh (Lagan Ka Murgh) Recipe,indian,hard,130,standard,vegetarian,Dum Ka Murgh (Lagan Ka Murgh) Recipe,indian|main|north_indian|spicy|sour|savory|non-veg|halal,nonveg_tags_without_meat_words
c93f69aa-9e5b-40b5-9eb7-19c5cd1e55cc,Egg And Spinach Breakfast Pizza Recipe,indian,hard,130,standard,non_veg,Egg And Spinach Breakfast Pizza Recipe,indian|main|spicy|sweet|savory|non-veg|nut_free|halal,nonveg_tags_without_meat_words
49eccae3-f326-4d05-bfa8-d7e177504241,Garfield's Lasagna Recipe With Minced Meat And Italian Spices,indian,hard,130,standard,vegetarian,Garfield's Lasagna Recipe With Minced Meat And Italian Spices,indian|main|spicy|savory|non-veg|gluten_free|nut_free|halal,nonveg_tags_without_meat_words
39d99031-8c22-4716-ac4a-2652283e48ef,Kashmiri Rogan Josh Recipe - Mutton in Red Curry,indian,hard,130,standard,non_veg,Kashmiri Rogan Josh Recipe - Mutton in Red Curry,indian|curry|north_indian|main|spicy|sour|savory|non-veg|nut_free|halal,nonveg_tags_without_meat_words
8b22e365-1d0d-4f45-a69a-4f5da666af11,Asian Style Paper Wrapped Chicken Recipe,indian,hard,135,standard,non_veg,Asian Paper Wrapped Chicken Recipe,indian|main|spicy|savory|non-veg|gluten_free|dairy_free|nut_free|halal,nonveg_tags_without_meat_words
03fc1a0d-a641-4235-a6c6-18262abce48c,Duration Special Nihari Recipe,indian,hard,135,standard,vegetarian,Duration Special Nihari Recipe,indian|main|north_indian|spicy|sour|savory|non-veg|nut_free|halal,nonveg_tags_without_meat_words
fcd1e887-d626-48fe-bfda-e1df0b8896e9,Eggless Checker Board Cookies Recipe,indian,hard,135,standard,non_veg,Eggless Checker Board Cookies Recipe,indian|main|sweet|savory|non-veg|nut_free|halal,nonveg_tags_without_meat_words
37eb7689-4850-4845-9d56-7ebfaab8e234,Pain Viennois | Vienna Bread Recipe,indian,hard,135,standard,vegetarian,Pain Viennois | Vienna Bread Recipe,indian|main|sweet|savory|non-veg|nut_free|halal,nonveg_tags_without_meat_words
79e16ee4-206a-4555-ba54-727fd80d7080,Strawberry & Chocolate Rolls Recipe With Vanilla Glaze,indian,hard,135,standard,vegetarian,Strawberry & Chocolate Rolls Recipe With Vanilla Glaze,indian|main|sweet|savory|non-veg|nut_free|halal,nonveg_tags_without_meat_words
13290da1-2a05-447e-9186-1ae557d49e99,Tart Provencal With Ratatouille Recipe,indian,hard,135,standard,vegetarian,Tart Provencal With Ratatouille Recipe,indian|main|spicy|sweet|savory|non-veg|nut_free|halal,nonveg_tags_without_meat_words
caceba4e-43b4-4926-bf42-dd701525626b,Milk Braid Rolls Recipe,indian,hard,140,standard,vegetarian,Milk Braid Rolls Recipe,indian|main|sweet|savory|non-veg|nut_free|halal,nonveg_tags_without_meat_words
cc87335d-85e8-4a06-b490-a14f266464cb,Moroccan Roast Chicken with Apricots Recipe,indian,hard,140,standard,non_veg,Moroccan Roast Chicken with Apricots Recipe,indian|main|spicy|savory|non-veg|gluten_free|nut_free|halal,nonveg_tags_without_meat_words
b253d764-1512-4584-9476-0b0046fe72ee,Saffron Cardamom Creme Brulée Recipe,indian,hard,140,standard,vegetarian,Saffron Cardamom Creme Brulée Recipe,indian|main|sweet|savory|non-veg|gluten_free|dairy_free|nut_free|halal,nonveg_tags_without_meat_words
408f62bb-61b4-4730-bffd-8b98e3439a68,Wheat Pizza Pockets Recipe Baked with Chicken Filling,indian,hard,140,standard,non_veg,Wheat Pizza Pockets Recipe Baked with Chicken Filling,indian|main|spicy|sweet|savory|non-veg|nut_free|halal,nonveg_tags_without_meat_words
0ab28398-803c-45de-8e2e-528e6235128a,Mini Lemon Tarts Recipe,indian,medium,145,standard,vegetarian,Mini Lemon Tarts Recipe,indian|main|sweet|sour|savory|non-veg|nut_free|halal,nonveg_tags_without_meat_words
1ea14a6a-4a27-4206-804c-715094593563,Mutton Shami Kebab Recipe,indian,hard,145,standard,non_veg,Mutton Shami Kebab Recipe,indian|main|north_indian|spicy|savory|non-veg|gluten_free|nut_free,nonveg_tags_without_meat_words
64145c01-df41-47f3-816a-08d243c6ef72,Chicken Dum Biryani Recipe,indian,hard,150,standard,non_veg,Chicken Dum Biryani Recipe,indian|rice|north_indian|main|spicy|sour|savory|non-veg|gluten_free|nut_free|halal,nonveg_tags_without_meat_words
c289cb37-981f-408f-980d-52bf010c5f22,Custard Milk Recipe-Spanish Custard,indian,medium,150,standard,vegetarian,Custard Milk Recipe-Spanish Custard,indian|main|sweet|sour|savory|non-veg|nut_free|halal,nonveg_tags_without_meat_words
73c5f9b6-4887-4766-853e-00dbab492094,Pumpkin Cheesecake Recipe,indian,medium,150,standard,vegetarian,Pumpkin Cheesecake Recipe,indian|main|sweet|savory|non-veg|nut_free,nonveg_tags_without_meat_words
8d25cdbc-bac0-417c-b7a8-3137879dd33f,Eggless Mango Cheesecake Recipe,indian,medium,155,standard,non_veg,Eggless Mango Cheesecake Recipe,indian|main|sweet|savory|non-veg|gluten_free|nut_free|halal,nonveg_tags_without_meat_words
13c565c2-5291-40e7-8513-83c54ce7d573,Italian Home Style Ravioli in Lemon Recipe-Garlic White Sauce Recipe,indian,hard,160,standard,vegetarian,Italian Home Ravioli in Lemon Recipe-Garlic White Sauce Recipe,indian|main|spicy|sour|savory|non-veg|nut_free|halal,nonveg_tags_without_meat_words
e52412fb-3947-4264-9173-5a90f0588d8b,Kerala Style Christmas Plum Cake Recipe,indian,hard,160,standard,vegetarian,Kerala Christmas Plum Cake Recipe,indian|main|south_indian|sweet|sour|savory|non-veg|halal,nonveg_tags_without_meat_words
33b1c78a-de60-4360-9a99-5a2de475be67,Pacha Payir Kulambu Recipe (South Indian Style Green Gram Curry),indian,hard,160,standard,non_veg,Pacha Payir Kulambu Recipe (South Indian Green Gram Curry),indian|curry|south_indian|main|spicy|savory|non-veg|gluten_free|dairy_free|nut_free|halal,nonveg_tags_without_meat_words
a2da795e-a32a-4945-a60c-7c67622e9664,Ribs With Guava Barbecue Sauce Recipe,indian,hard,160,standard,vegetarian,Ribs With Guava Barbecue Sauce Recipe,indian|main|spicy|sweet|sour|savory|non-veg|dairy_free|nut_free|halal,nonveg_tags_without_meat_words
c5442e71-3554-41f7-a45d-b8c432efeb3b,Achari Chicken Tikka Wrap Recipe,indian,hard,165,standard,non_veg,Achari Chicken Tikka Wrap Recipe,indian|main|spicy|sour|savory|non-veg|nut_free|halal,nonveg_tags_without_meat_words
dd30658a-4e33-4db0-8269-de6a97da0c0f,Chicken Tikka Recipe,indian,medium,165,standard,non_veg,Chicken Tikka Recipe,indian|main|north_indian|spicy|sour|savory|non-veg|nut_free|halal,nonveg_tags_without_meat_words
d276e294-0c18-475a-b146-131b0674e15b,Croissant Recipe,indian,hard,165,standard,vegetarian,Croissant Recipe,indian|main|sweet|savory|non-veg|nut_free|halal,nonveg_tags_without_meat_words
3e9b12f5-e10b-4445-b961-cbee3b9f3efa,Chicken Malai Kebab Recipe (Reshmi Kebab),indian,hard,170,standard,non_veg,Chicken Malai Kebab Recipe (Reshmi Kebab),indian|main|north_indian|spicy|sour|savory|non-veg|nut_free|halal,nonveg_tags_without_meat_words
aa6d95c8-1965-4e7e-b2c9-f9b30d9a6d4b,Lucknowi Murgh Biryani Recipe - Awadhi Style Chicken Biryani,indian,hard,170,standard,non_veg,Lucknowi Murgh Biryani Recipe - Awadhi Chicken Biryani,indian|rice|north_indian|main|spicy|sour|savory|non-veg|nut_free|halal,nonveg_tags_without_meat_words
e98b97f6-e29c-44c0-aca8-da5212136257,Hawaiian Chicken Skewers Recipe,indian,hard,175,standard,non_veg,Hawaiian Chicken Skewers Recipe,indian|main|spicy|sweet|sour|savory|non-veg|gluten_free|dairy_free|nut_free|halal,nonveg_tags_without_meat_words
c6596952-23f6-4cdd-8ff5-8ebc3cfa77d5,Butter Chicken With Tandoori Mayo Recipe,indian,hard,180,standard,non_veg,Butter Chicken With Tandoori Mayo Recipe,indian|main|north_indian|spicy|sweet|sour|savory|non-veg|gluten_free|nut_free|halal,nonveg_tags_without_meat_words
cb31afd2-065d-4628-b969-25fc28a2bc72,Chap Badami Recipe (Lamb Ribs Cooked In Almond Paste),indian,hard,180,standard,non_veg,Chap Badami Recipe (Lamb Ribs Cooked In Almond Paste),indian|main|north_indian|spicy|sour|savory|non-veg|halal,nonveg_tags_without_meat_words
817a7ff4-2c01-4a94-a918-37ef986f4026,Chicken Pizza With Caramelised Red Onion Recipe,indian,hard,180,standard,non_veg,Chicken Pizza With Caramelised Red Onion Recipe,indian|main|spicy|sweet|sour|savory|non-veg|nut_free|halal,nonveg_tags_without_meat_words
5c6293be-c416-4b45-acbc-93fdcba1bcc3,Chocolate Tart Recipe,indian,hard,180,standard,vegetarian,Chocolate Tart Recipe,indian|main|sweet|savory|non-veg|nut_free|halal,nonveg_tags_without_meat_words
f2b25e47-5882-40d7-8a98-c9b75e129c4f,Murgh Malaiwala Recipe - Chicken In Rich Creamy Gravy,indian,hard,180,standard,non_veg,Murgh Malaiwala Recipe - Chicken In Rich Creamy Gravy,indian|curry|north_indian|main|spicy|sour|savory|non-veg|halal,nonveg_tags_without_meat_words
dfc50ac5-62a3-417f-8134-ab47cf1d64df,Mushroom & Bean Sloppy Joe Recipe,indian,hard,180,standard,vegetarian,Mushroom & Bean Sloppy Joe Recipe,indian|main|spicy|sweet|savory|non-veg|gluten_free|dairy_free|nut_free|halal,nonveg_tags_without_meat_words
3a6912b8-6909-4028-b4d4-df1b76f256a4,Mutton Chaap Recipe - Slow Cooked Lamb Chops,indian,hard,180,standard,non_veg,Mutton Chaap Recipe - Slow Cooked Lamb Chops,indian|main|north_indian|spicy|sour|savory|non-veg|gluten_free|nut_free|halal,nonveg_tags_without_meat_words
85f4f2a4-5ad9-4eaa-9481-279218815350,Bengali Kosha Mangsho Recipe-Slow Cooked Mutton Curry,indian,hard,185,standard,non_veg,Bengali Kosha Mangsho Recipe-Slow Cooked Mutton Curry,indian|curry|bengali|main|spicy|sour|savory|non-veg|nut_free|halal,nonveg_tags_without_meat_words
1e82ebc9-d8ee-46ad-8769-9a5469c015ff,Eggless Saffron Yogurt Mousse Recipe With Cardamom & Nuts,indian,hard,185,standard,non_veg,Eggless Saffron Yogurt Mousse Recipe With Cardamom & Nuts,indian|main|sweet|sour|savory|non-veg|halal,nonveg_tags_without_meat_words
f30a40fe-cb8a-43b1-a20e-0a918efbef59,Caprese Empanada Recipe With Tomato Basil And Mozzarella,indian,hard,190,standard,vegetarian,Caprese Empanada Recipe With Tomato Basil And Mozzarella,indian|main|savory|non-veg|nut_free|halal,nonveg_tags_without_meat_words
060f28e6-97f9-4894-bae7-885dd4a1c349,Dhaba Mutton Recipe-Spicy Mutton Gravy,indian,hard,190,standard,non_veg,Dhaba Mutton Recipe-Spicy Mutton Gravy,indian|curry|north_indian|main|spicy|sour|savory|non-veg|nut_free|halal,nonveg_tags_without_meat_words
556d070e-0f19-4729-9a6f-ad94707bd830,Lemon 7 Up Cake Recipe,indian,medium,195,standard,vegetarian,Lemon 7 Up Cake Recipe,indian|main|sweet|sour|savory|non-veg|nut_free|halal,nonveg_tags_without_meat_words
baf904cc-bd14-470a-984f-b8afce4bba78,Whole Wheat Vegetarian Stromboli Recipe,indian,hard,200,standard,vegetarian,Whole Wheat Vegetarian Stromboli Recipe,indian|main|spicy|savory|non-veg|nut_free|halal,nonveg_tags_without_meat_words
d92470cc-be47-422f-8d0e-3c206db26c94,Baked Yogurt Tart Recipe with Figs and Blueberries Recipe(With Eggless Recipe Option),indian,hard,210,standard,non_veg,Baked Yogurt Tart Recipe with Figs and Blueberries Recipe(With Eggless Recipe Option),indian|main|sweet|sour|savory|non-veg|nut_free|halal,nonveg_tags_without_meat_words|quick_keyword_but_long_total_time
7191f586-ab06-496b-b44a-9a80d72ea6db,S'mores Cake Recipe,indian,hard,210,standard,vegetarian,S'mores Cake Recipe,indian|main|sweet|sour|savory|non-veg|nut_free,nonveg_tags_without_meat_words
66c0dd6a-edad-4983-ae35-a2c56eadb33d,Kashmiri Style Shab Deg Recipe-Mutton Kofta and Turnip Curry,indian,hard,220,standard,non_veg,Kashmiri Shab Deg Recipe-Mutton Kofta and Turnip Curry,indian|curry|north_indian|main|spicy|sour|savory|non-veg|halal,nonveg_tags_without_meat_words|quick_keyword_but_long_total_time
433dd7bb-590a-48c8-a8a3-8e07f38c02a2,Kerala Style Prawns & Shrimp Biryani  -Chemmeen Biryani Recipe,indian,hard,220,standard,non_veg,Kerala Prawns & Shrimp Biryani -Chemmeen Biryani Recipe,indian|rice|south_indian|main|spicy|sour|savory|non-veg|gluten_free|halal,nonveg_tags_without_meat_words
e7880ffd-80c2-4bf2-b264-b14b417bce86,Sri Lankan Egg Bread Recipe,indian,hard,220,standard,non_veg,Sri Lankan Egg Bread Recipe,indian|main|sweet|savory|non-veg|dairy_free|nut_free|halal,nonveg_tags_without_meat_words|quick_keyword_but_long_total_time
2e9bb6ab-7e31-4980-b61f-025d836bebee,Bengali style meat broth recipe-mutton curry,indian,hard,225,standard,non_veg,Bengali meat broth recipe-mutton curry,indian|curry|bengali|main|spicy|sweet|sour|savory|non-veg|nut_free|halal,nonveg_tags_without_meat_words
d6a29758-f805-468b-a9ec-c265a1097e5c,French Brioche Recipe (Savoury Version),indian,hard,250,standard,vegetarian,French Brioche Recipe (Savoury Version),indian|main|sweet|savory|non-veg|nut_free|halal,nonveg_tags_without_meat_words
faf8afdd-49d7-4942-842a-57f4db01aa55,Cheesy Grilled Sandwich With Smoked Chicken Recipe,indian,hard,258,standard,non_veg,Cheesy Grilled Sandwich With Smoked Chicken Recipe,indian|main|spicy|sour|savory|non-veg|nut_free|halal,nonveg_tags_without_meat_words
e403c952-b61f-4e47-ba1c-ef05b80ee867,Black Forest Cake Recipe,indian,hard,260,standard,vegetarian,Black Forest Cake Recipe,indian|main|sweet|sour|savory|non-veg|nut_free|halal,nonveg_tags_without_meat_words|quick_keyword_but_long_total_time
2e8581c9-e2a9-4b8a-bccf-e8823638836e,Mexican Style Cemita Recipe - Sesame Sandwich Bun,indian,hard,270,standard,vegetarian,Mexican Cemita Recipe - Sesame Sandwich Bun,indian|main|sweet|savory|non-veg|nut_free|halal,nonveg_tags_without_meat_words
877b0758-1bb0-420b-8c98-981b8dfbda44,Smoked Tandoori Chicken Recipe - Classic North Indian Chicken Recipe,indian,hard,270,standard,non_veg,Smoked Tandoori Chicken Recipe - Classic North Indian Chicken Recipe,indian|main|north_indian|spicy|sour|savory|non-veg|gluten_free|nut_free|halal,nonveg_tags_without_meat_words
d5144926-8d76-47e7-bf39-7c3345f8e463,Banana Cream Pie Recipe,indian,hard,315,standard,vegetarian,Banana Cream Pie Recipe,indian|main|sweet|savory|non-veg|nut_free|halal,nonveg_tags_without_meat_words
eccc4fd0-8537-4389-aab0-8a8ac4997b72,No Bake White Chocolate Cheesecake Recipe,indian,medium,335,standard,vegetarian,No Bake White Chocolate Cheesecake Recipe,indian|main|sweet|sour|savory|non-veg|gluten_free|nut_free,nonveg_tags_without_meat_words
646604b2-a440-4306-9e55-7eebe7352d03,Slow Cooker Mexican Chicken Stew Recipe,indian,hard,360,standard,non_veg,Slow Cooker Mexican Chicken Stew Recipe,indian|main|spicy|sweet|sour|savory|non-veg|gluten_free|dairy_free|nut_free|halal,nonveg_tags_without_meat_words
f120b59a-3427-4c19-a278-efb023dca0c4,Mixed Beans Salad Recipe,indian,hard,365,standard,vegetarian,Mixed Beans Salad Recipe,indian|main|spicy|sour|savory|non-veg|gluten_free|dairy_free|nut_free|halal,nonveg_tags_without_meat_words
9a43c5cc-2b1b-4ba0-8fde-1d34540e097d,Creamy Mushroom Mini Pie Recipe,indian,hard,370,standard,vegetarian,Creamy Mushroom Mini Pie Recipe,indian|main|spicy|savory|non-veg|gluten_free|nut_free|halal,nonveg_tags_without_meat_words
f66079e1-9d8c-4aac-a441-b5797e1cc329,Mushroom and beet wellington With Red Vinaigrette Sauce Recipe,indian,hard,410,standard,vegetarian,Mushroom and beet wellington With Red Vinaigrette Sauce Recipe,indian|main|spicy|savory|non-veg|gluten_free|nut_free|halal,nonveg_tags_without_meat_words
6b81cf8e-4927-4f95-a174-6bc174252e54,Classic Cheesecake Recipe With Lemon Curd Made Using Preethi Electric Pressure Cooker,indian,hard,420,standard,vegetarian,Classic Cheesecake Recipe With Lemon Curd Made Using Preethi Electric Pressure Cooker,indian|main|sweet|sour|savory|non-veg|nut_free|halal,nonveg_tags_without_meat_words
87cb5b73-24b5-4209-af0e-14d06d6505dc,Lebanese Style Shish Tawook Recipe - Grilled Chicken Skewers,indian,hard,420,standard,non_veg,Lebanese Shish Tawook Recipe - Grilled Chicken Skewers,indian|main|spicy|sour|savory|non-veg|gluten_free|nut_free|halal,nonveg_tags_without_meat_words
32363246-51c8-4a8d-a0ab-4d72e96bd6e8,Mango Tiramisu Recipe With Savoiardi,indian,medium,430,standard,vegetarian,Mango Tiramisu Recipe With Savoiardi,indian|main|sweet|savory|non-veg|nut_free|halal,nonveg_tags_without_meat_words
6d07944b-45cc-4de3-926c-c94079ce0c3e,Homemade Chocolate Mousse With Pineapple Recipe,indian,hard,520,standard,vegetarian,Homemade Chocolate Mousse With Pineapple Recipe,indian|main|sweet|savory|non-veg|gluten_free|dairy_free|nut_free|halal,nonveg_tags_without_meat_words
1b47ba5c-5fce-4d91-8a24-46cb74ec150a,Overnight Pumpkin French Toast Baked Casserole Recipe,indian,hard,535,standard,vegetarian,Overnight Pumpkin French Toast Baked Casserole Recipe,indian|main|sweet|savory|non-veg|halal,nonveg_tags_without_meat_words
8bae7559-4487-40e8-be3f-1210b0802175,Mutton Dak Bungalow Curry Recipe,indian,hard,540,standard,non_veg,Mutton Dak Bungalow Curry Recipe,indian|curry|main|spicy|sour|savory|non-veg|nut_free|halal,nonveg_tags_without_meat_words
7ebc623a-0730-42b2-a002-e5e81066bdb2,Mutton Galouti Kebab Recipe,indian,hard,570,standard,non_veg,Mutton Galouti Kebab Recipe,indian|main|north_indian|spicy|sour|savory|non-veg|nut_free|halal,nonveg_tags_without_meat_words
185cf71b-b1e6-4edf-8f05-24300bd6d1bb,Mocha Swiss Roll Recipe (Cream Roll),indian,medium,795,standard,vegetarian,Mocha Swiss Roll Recipe (Cream Roll),indian|main|sweet|savory|non-veg|nut_free|halal,nonveg_tags_without_meat_words|quick_keyword_but_long_total_time
12721877-41c0-4c36-a913-49891f43cafa,Rich Chocolate Cheesecake Recipe,indian,hard,800,standard,vegetarian,Rich Chocolate Cheesecake Recipe,indian|main|sweet|savory|non-veg|gluten_free|nut_free|halal,nonveg_tags_without_meat_words
29d7a0f4-70c0-41a2-b1eb-ede42edb2940,Traditional Christmas Cake Recipe,indian,hard,2925,traditional,vegetarian,Christmas Cake Recipe,indian|main|sweet|savory|non-veg|dairy_free|halal,nonveg_tags_without_meat_words
1a846614-1164-4159-b505-ffb2d044eafe,Aloo Kulcha Recipe (Spiced Potato Stuffed Indian Flat Bread),indian,hard,60,standard,vegetarian,Aloo Kulcha Recipe (Spiced Potato Stuffed Indian Flat Bread),indian|bread|north_indian|main|spicy|sweet|sour|savory|vegetarian|nut_free|halal,quick_keyword_but_long_total_time
f24201ee-2a9d-4688-87db-76faaa66d82a,Assamese Boror Tenga Recipe (Vegetarian Sour Curry With Masoor Dal Fritters),indian,hard,60,standard,vegetarian,Assamese Boror Tenga Recipe (Vegetarian Sour Curry With Masoor Dal Fritters),indian|curry|main|spicy|savory|vegan|dairy_free|nut_free|halal,quick_keyword_but_long_total_time
7c487a91-b94c-42c8-ba3d-f7d9adcdf982,Baked Stuffed Baati With Churma And Panchratna Dal Recipe,indian,hard,60,standard,vegetarian,Baked Stuffed Baati With Churma And Panchratna Dal Recipe,indian|main|spicy|sweet|sour|savory|vegetarian|halal,quick_keyword_but_long_total_time
31bf7799-14c5-4179-a0a5-e822e897f176,Blueberry Fool Recipe - Quick Dessert with Whipped Cream & Fresh Berries,indian,medium,60,quick,vegetarian,Blueberry Fool Recipe - Dessert with Whipped Cream & Fresh Berries,indian|dessert|sweet|savory|vegetarian|nut_free|halal,quick_keyword_but_long_total_time
84c1a81f-3bf7-45c8-91be-12baede2b618,Broccoli & Vegetable Coconut Curry Recipe,indian,hard,60,standard,vegetarian,Broccoli & Vegetable Coconut Curry Recipe,indian|curry|main|spicy|sour|savory|vegan|gluten_free|dairy_free|nut_free|halal,quick_keyword_but_long_total_time
46bb52ed-2f3e-4feb-92fd-9633f22d355e,Bulgur Wheat Potato Patty Recipe,indian,medium,60,standard,vegetarian,Bulgur Wheat Potato Patty Recipe,indian|main|spicy|savory|vegan|dairy_free|nut_free|halal,quick_keyword_but_long_total_time
16179014-5cf1-412c-b941-93034a7c1f0a,Chocolate And Oats Christmas Cookie Cake Recipe,indian,medium,60,standard,vegetarian,Chocolate And Oats Christmas Cookie Cake Recipe,indian|main|sweet|savory|vegetarian|gluten_free|nut_free|halal,quick_keyword_but_long_total_time
c0ad2ff0-0c36-4d9c-8bd6-3416c4248712,Godhumai Idli Recipe (Instant Whole Wheat Flour Idli),indian,medium,60,standard,vegetarian,Godhumai Idli Recipe (Instant Whole Wheat Flour Idli),indian|main|south_indian|spicy|sour|savory|vegetarian|halal,quick_keyword_but_long_total_time
9e9b4ef1-6538-40d6-a2a7-05371e6ab5fd,Healthy Oats And Nuts Energy Bar Recipe,indian,easy,60,standard,vegetarian,Healthy Oats And Nuts Energy Bar Recipe,indian|main|savory|vegan|gluten_free|dairy_free|halal,quick_keyword_but_long_total_time
f52ddaef-4430-48d7-be6c-aef2f852406b,Leftover Carrot Cake Mini Trifle Recipe,indian,medium,60,standard,vegetarian,Leftover Carrot Cake Mini Trifle Recipe,indian|main|sweet|savory|vegetarian|halal,quick_keyword_but_long_total_time
368a0048-2c57-4067-a167-a9c7a8e1f8b8,Motichoor Modak Recipe,indian,hard,60,standard,vegetarian,Motichoor Modak Recipe,indian|main|sweet|savory|vegetarian|halal,quick_keyword_but_long_total_time
683d6d52-3f13-443a-b2cd-6bd0beba8385,Oats Uttapam topped with Paneer Recipe,indian,medium,60,standard,vegetarian,Oats Uttapam topped with Paneer Recipe,indian|main|south_indian|spicy|sour|savory|vegetarian|nut_free|halal,quick_keyword_but_long_total_time
ad0dbfec-ad74-4512-94f9-fd1fe1a9b824,Rajasthani Dal Baaple Churma Recipe,indian,hard,60,standard,vegetarian,Rajasthani Dal Baaple Churma Recipe,indian|main|spicy|sweet|sour|savory|vegetarian|halal,quick_keyword_but_long_total_time
54e17e20-5309-4031-8cfc-288b85a775f5,Roasted Fennel and Tomato Soup Recipe,indian,easy,60,standard,vegetarian,Roasted Fennel and Tomato Soup Recipe,indian|main|spicy|savory|vegetarian|gluten_free|nut_free|halal,quick_keyword_but_long_total_time
27dab7cc-e7fb-49b2-a99b-72f0d1a05664,Shahi Paratha Recipe,indian,hard,60,standard,vegetarian,Shahi Paratha Recipe,indian|bread|north_indian|main|spicy|sweet|sour|savory|vegetarian|nut_free|halal,quick_keyword_but_long_total_time
3118e2a6-e11e-4cf9-8ced-bcfb01366225,Stuffed Kathal Recipe,indian,hard,60,standard,vegetarian,Stuffed Kathal Recipe,indian|main|spicy|sour|savory|vegetarian|gluten_free|nut_free|halal,quick_keyword_but_long_total_time
184a0b65-0152-4ff1-824c-232a0ba96ed7,Stuffed Makai Paratha Recipe (Corn & Coriander Stuffed Flat Bread),indian,medium,60,standard,vegetarian,Stuffed Makai Paratha Recipe (Corn & Coriander Stuffed Flat Bread),indian|bread|north_indian|main|spicy|sweet|savory|vegan|dairy_free|nut_free|halal,quick_keyword_but_long_total_time
b508b943-e413-4d1a-8cd8-cab64127c98c,Tandoori Paneer Darts Masala Recipe,indian,hard,60,standard,vegetarian,Tandoori Paneer Darts Masala Recipe,indian|curry|north_indian|main|spicy|savory|vegetarian|gluten_free|nut_free|halal,quick_keyword_but_long_total_time
17b45969-4a9b-4b47-b9e8-ee3333af675a,The Oat and Green Moong Dal Pesarattu-Savory Lentil Crepe Recipe,indian,medium,60,standard,vegetarian,The Oat and Green Moong Dal Pesarattu-Savory Lentil Crepe Recipe,indian|main|south_indian|spicy|savory|vegan|dairy_free|nut_free|halal,quick_keyword_but_long_total_time
f5d9df5c-ac6e-4e2c-9808-1695b130bebd,Thengai Sadam Recipe (A Quick and Healthy Coconut Rice),indian,medium,60,quick,vegetarian,Thengai Sadam Recipe (A and Healthy Coconut Rice),indian|rice|south_indian|main|spicy|savory|vegan|gluten_free|dairy_free|halal,quick_keyword_but_long_total_time
63697df5-eeb6-4264-a4d3-a840c4337280,Vegan Guilt Free Chocolate Espresso Mousse Recipe,indian,medium,60,standard,vegetarian,Vegan Guilt Free Chocolate Espresso Mousse Recipe,indian|main|sweet|savory|vegetarian|gluten_free|nut_free|halal,quick_keyword_but_long_total_time
6b2ef677-47b7-435e-8438-5b1c05172196,Baked Oats and Whole Wheat Kachori Stuffed with Peas Recipe,indian,hard,65,standard,vegetarian,Baked Oats and Whole Wheat Kachori Stuffed with Peas Recipe,indian|main|north_indian|spicy|sour|savory|vegan|dairy_free|nut_free|halal,quick_keyword_but_long_total_time
6cb301fe-7874-4b65-90d3-91dac736db36,Methi Matar Pulao Recipe - Fenugreek Green Peas Pulao,indian,hard,65,standard,vegetarian,Methi Matar Pulao Recipe - Fenugreek Green Peas Pulao,indian|rice|main|spicy|savory|vegetarian|nut_free|halal,quick_keyword_but_long_total_time
df595b6a-6dce-488f-846e-72756f69f97b,Konkani Style Doddak Recipe-Lentil Pancakes,indian,medium,68,standard,vegetarian,Konkani Doddak Recipe-Lentil Pancakes,indian|main|spicy|savory|vegan|dairy_free|nut_free|halal,quick_keyword_but_long_total_time
f77c2338-7338-466d-a386-1213c6d880f3,Coca Cola Bundt Cake Recipe,indian,medium,70,standard,vegetarian,Coca Cola Bundt Cake Recipe,indian|main|sweet|savory|vegetarian|nut_free|halal,quick_keyword_but_long_total_time
d3570ce0-42c7-49fa-b0da-a4bc75999de1,Homemade Kanpe Papdi Chaat Recipe,indian,hard,70,standard,vegetarian,Homemade Kanpe Papdi Chaat Recipe,indian|snack|north_indian|spicy|sour|savory|vegan|dairy_free|nut_free|halal,quick_keyword_but_long_total_time
a352a724-4f9f-47ee-8234-55744e45a5c9,Sindhi Kadhi Recipe,indian,hard,70,standard,vegetarian,Sindhi Kadhi Recipe,indian|main|spicy|sweet|sour|savory|vegan|dairy_free|nut_free|halal,quick_keyword_but_long_total_time
1a7bd3bd-5a1b-4a0a-a220-7410b460f0c4,Whole Wheat Ravioli with Paneer & Creamy Mushroom Oat Sauce Recipe,indian,hard,70,standard,vegetarian,Whole Wheat Ravioli with Paneer & Creamy Mushroom Oat Sauce Recipe,indian|main|spicy|savory|vegetarian|nut_free|halal,quick_keyword_but_long_total_time
aaa97a6b-f6e2-4be7-87d4-cb2ffb558fe3,Fennel Pesto Pull-Apart Bread Recipe,indian,hard,75,standard,vegetarian,Fennel Pesto Pull-Apart Bread Recipe,indian|main|spicy|sour|savory|vegetarian|halal,quick_keyword_but_long_total_time
c4c278a2-42cd-43ed-a2fb-50059ffd6967,Foxtail Millet Kheer Recipe (Millet Pudding With Saffron & Nuts),indian,medium,75,standard,vegetarian,Foxtail Millet Kheer Recipe (Millet Pudding With Saffron & Nuts),indian|dessert|south_indian|sweet|savory|vegetarian|gluten_free|halal,quick_keyword_but_long_total_time
d32060a6-eeea-4524-b44e-aa8130f18f13,Gond Ke Ladoo Recipe - Edible Gum Ladoo,indian,hard,75,standard,vegetarian,Gond Ke Ladoo Recipe - Edible Gum Ladoo,indian|main|north_indian|sweet|savory|vegetarian|halal,quick_keyword_but_long_total_time
0538aa87-ee51-410a-97bf-1b48b4d72a22,Pineapple Mawa Delight Recipe,indian,medium,75,standard,vegetarian,Pineapple Mawa Delight Recipe,indian|main|sweet|savory|vegetarian|gluten_free|halal,quick_keyword_but_long_total_time
7669a5ab-531c-479b-8046-521c35f5b660,Roasted Tomato & Tortellini Soup Recipe,indian,hard,75,standard,vegetarian,Roasted Tomato & Tortellini Soup Recipe,indian|main|spicy|sweet|savory|vegetarian|nut_free|halal,quick_keyword_but_long_total_time
124371db-ff33-48d2-a0bb-2a90b60a2bf7,Tamil Nadu Style Dal Masala Vada with Cabbage Recipe,indian,medium,75,standard,vegetarian,Tamil Nadu Dal Masala Vada with Cabbage Recipe,indian|curry|south_indian|main|spicy|savory|vegan|dairy_free|nut_free|halal,quick_keyword_but_long_total_time
18ec0f30-8396-4c4f-940b-9580f0178896,Veg Shawarma Recipe,indian,hard,75,standard,vegetarian,Veg Shawarma Recipe,indian|main|spicy|sweet|sour|savory|vegetarian|nut_free|halal,quick_keyword_but_long_total_time
455f7547-f56c-4711-be39-034944cafd25,Oats Chivda Recipe- Oats Poha Mixture- No Onion No Garlic,indian,hard,79,standard,vegetarian,Oats Chivda Recipe- Oats Poha Mixture- No Onion No Garlic,indian|main|spicy|sweet|savory|vegan|gluten_free|dairy_free|halal,quick_keyword_but_long_total_time
2486cb68-94b3-4bdd-bbf3-d5ad179f3f6e,Oatmeal Cherry Cookies Recipe,indian,medium,80,standard,vegetarian,Oatmeal Cherry Cookies Recipe,indian|main|sweet|sour|savory|vegetarian|nut_free|halal,quick_keyword_but_long_total_time
04d2be1c-202d-4fee-ae6f-254b94aa511a,Puran Poli Recipe | Gujarati & Maharastrian | Sweet Spiced Stuffed Paratha With Jaggery,indian,hard,80,standard,vegetarian,Puran Poli Recipe | Gujarati & Maharastrian | Sweet Spiced Stuffed Paratha With Jaggery,indian|bread|gujarati|main|sweet|savory|vegetarian|nut_free|halal,quick_keyword_but_long_total_time
b4fd2d43-84f8-4c63-8325-26d1e1f2b81e,Sweet Pongal With Thai Jasmine Rice And Palm Sugar Recipe,indian,medium,85,standard,vegetarian,Sweet Pongal With Thai Jasmine Rice And Palm Sugar Recipe,indian|rice|south_indian|main|sweet|savory|vegetarian|gluten_free|halal,quick_keyword_but_long_total_time
ff869556-bd85-4685-a835-23fe803d0e84,Carrot Chutney Recipe,indian,medium,90,standard,vegetarian,Carrot Chutney Recipe,indian|side|spicy|sweet|savory|vegan|gluten_free|dairy_free|nut_free|halal,quick_keyword_but_long_total_time
41a833c1-11ce-40ea-9758-3304e8433cfe,Coffee Chocolate Truffles Recipe,indian,hard,90,standard,vegetarian,Coffee Chocolate Truffles Recipe,indian|main|savory|vegetarian|gluten_free|nut_free|halal,quick_keyword_but_long_total_time
fb9f9415-2945-454e-9ca0-0a95d6ffbc71,Mango Greek Yogurt Cheesecake with Muesli Crumble Recipe,indian,medium,90,standard,vegetarian,Mango Greek Yogurt Cheesecake with Muesli Crumble Recipe,indian|main|sour|savory|vegetarian|nut_free|halal,quick_keyword_but_long_total_time
a6ca108e-1929-4dd7-b12c-381217d1e8f6,Chocolate And Salted Caramel Tart Recipe,indian,hard,95,standard,vegetarian,Chocolate And Salted Caramel Tart Recipe,indian|main|sweet|savory|vegetarian|nut_free|halal,quick_keyword_but_long_total_time
8d53c240-6897-4021-ad76-c376330b300e,Spinach Paneer Kofta Curry Recipe,indian,hard,100,standard,vegetarian,Spinach Paneer Kofta Curry Recipe,indian|curry|north_indian|main|spicy|savory|vegetarian|nut_free|halal,quick_keyword_but_long_total_time
d10a8f2c-3f7f-46d0-8426-a53f998d75f6,Pull Apart Bread With Basil Pesto Recipe,indian,hard,105,standard,vegetarian,Pull Apart Bread With Basil Pesto Recipe,indian|main|sweet|savory|vegetarian|nut_free|halal,quick_keyword_but_long_total_time
7b2d74f3-e4f6-4628-a27e-5792601d52b8,Chocolate Ganache Tart Recipe,indian,medium,120,standard,vegetarian,Chocolate Ganache Tart Recipe,indian|main|savory|vegetarian|gluten_free|nut_free|halal,quick_keyword_but_long_total_time
04ad1915-3a35-47f3-a4f9-6d4575850ffa,Herbed Focaccia Bread Recipe,indian,medium,120,standard,vegetarian,Herbed Focaccia Bread Recipe,indian|main|savory|vegetarian|nut_free|halal,quick_keyword_but_long_total_time
2d136e35-393b-4b7a-81c2-40ca7d7e8d67,Whole Grain and Oat Buns Recipe (Healthy Dinner Rolls),indian,hard,120,standard,vegetarian,Whole Grain and Oat Buns Recipe (Healthy Dinner Rolls),indian|main|savory|vegetarian|nut_free|halal,quick_keyword_but_long_total_time
76324220-26a6-4ee6-9f6e-6475c2fa4213,Creamy Mango Kulfi Recipe With Cream Cheese,indian,medium,140,standard,vegetarian,Creamy Mango Kulfi Recipe With Cream Cheese,indian|main|savory|vegetarian|gluten_free|nut_free|halal,quick_keyword_but_long_total_time
d6aebfbf-3091-4af7-90f9-0925c72a48ad,Vanilla Choco Mousse Recipe With Chocolate Chips,indian,medium,145,standard,vegetarian,Vanilla Choco Mousse Recipe With Chocolate Chips,indian|main|sweet|savory|vegetarian|gluten_free|nut_free|halal,quick_keyword_but_long_total_time
2925ec95-59d2-442e-9e4f-3c6804e00c51,Whole Wheat Homemade English Muffins Recipe,indian,medium,150,standard,vegetarian,Whole Wheat Homemade English Muffins Recipe,indian|main|sweet|savory|vegetarian|nut_free|halal,quick_keyword_but_long_total_time
9cd9bbb7-c6fa-43b0-af93-b7047271f52f,Italian Grissini Recipe- Homemade Breadsticks,indian,medium,155,standard,vegetarian,Italian Grissini Recipe- Homemade Breadsticks,indian|main|spicy|sweet|savory|vegetarian|nut_free|halal,quick_keyword_but_long_total_time
31421860-72a4-4ae5-98da-0177a5d2e6c9,Homemade Lemon Sevai Recipe - Lemon Idiyappam Recipe,indian,hard,160,standard,vegetarian,Homemade Lemon Sevai Recipe - Lemon Idiyappam Recipe,indian|main|south_indian|spicy|sour|savory|vegan|gluten_free|dairy_free|halal,quick_keyword_but_long_total_time
66656c33-80da-4b8c-96c3-c32f02c97e64,Homemade Thengai Sevai Recipe - Coconut Idiyappam Recipe,indian,hard,160,standard,vegetarian,Homemade Thengai Sevai Recipe - Coconut Idiyappam Recipe,indian|main|south_indian|spicy|savory|vegan|gluten_free|dairy_free|halal,quick_keyword_but_long_total_time
513fcdf4-e049-4057-b77c-5b3dc96fa703,Berry Focaccia with Mascarpone Cheese Recipe(Italian bread topped with mixed berries and served with Sweetened Mascarpone Cheese),indian,hard,165,standard,vegetarian,Berry Focaccia with Mascarpone Cheese Recipe(Italian bread topped with mixed berries and served with Sweetened Mascarpone Cheese),indian|dessert|sweet|sour|savory|vegetarian|nut_free|halal,quick_keyword_but_long_total_time
efaa6dc8-3b89-489b-9af3-6ec059a9b9d3,Multigrain Pizza with Roasted Vegetables Recipe,indian,hard,170,standard,vegetarian,Multigrain Pizza with Roasted Vegetables Recipe,indian|main|spicy|savory|vegetarian|nut_free|halal,quick_keyword_but_long_total_time
eb25691f-a269-447c-951c-170ad4e39586,Beetroot Millet Paniyaram Recipe,indian,hard,190,standard,vegetarian,Beetroot Millet Paniyaram Recipe,indian|main|south_indian|sweet|savory|vegetarian|nut_free|halal,quick_keyword_but_long_total_time
2c16f11f-32cd-4a46-8e19-0bdd077c2333,Pizza Margherita Recipe,indian,hard,190,standard,vegetarian,Pizza Margherita Recipe,indian|main|sweet|savory|vegetarian|nut_free|halal,quick_keyword_but_long_total_time
039b0337-e7b0-4e3b-862d-adccb90a745c,Whole Wheat Oats And Pesto Bread Recipe,indian,medium,210,standard,vegetarian,Whole Wheat Oats And Pesto Bread Recipe,indian|main|savory|vegan|dairy_free|nut_free|halal,quick_keyword_but_long_total_time
0d51b5f4-f978-46cb-bb35-855630f58fde,Chak-Hao Amubi Recipe (Black Rice Pudding),indian,medium,220,standard,vegetarian,Chak-Hao Amubi Recipe (Black Rice Pudding),indian|rice|north_indian|main|sweet|savory|vegetarian|gluten_free|halal,quick_keyword_but_long_total_time
39048989-bfa6-4219-9746-24bacb2d4a5e,Kerala Style Appam Recipe - Fermented Rice Pancakes With Coconut,indian,medium,230,standard,vegetarian,Kerala Appam Recipe - Fermented Rice Pancakes With Coconut,indian|rice|south_indian|main|sweet|savory|vegan|gluten_free|dairy_free|nut_free|halal,quick_keyword_but_long_total_time
93f18ce4-fdb2-4d03-b5b0-a5f1a5957c0f,Peanut Butter And Flax Oats Bar With Chocolate Chip Recipe,indian,medium,255,standard,vegetarian,Peanut Butter And Flax Oats Bar With Chocolate Chip Recipe,indian|main|savory|vegetarian|gluten_free|halal,quick_keyword_but_long_total_time
8c4c3e04-d502-4c4f-acc7-d66a88936001,Simple Peruvian (Mayocoba) Beans Salad Recipe,indian,medium,255,standard,vegetarian,Simple Peruvian (Mayocoba) Beans Salad Recipe,indian|main|spicy|sour|savory|vegan|gluten_free|dairy_free|nut_free|halal,quick_keyword_but_long_total_time
1090a544-2c74-4bbf-a901-34916447cba3,Whole Wheat Sunflower Seed Bread Recipe,indian,hard,255,standard,vegetarian,Whole Wheat Sunflower Seed Bread Recipe,indian|main|sour|savory|vegetarian|nut_free|halal,quick_keyword_but_long_total_time
37310455-f156-4491-b19a-bb47bae049ea,Lemon Grass Oats & Almonds Pudding Recipe with Macerated Berries,indian,hard,260,standard,vegetarian,Lemon Grass Oats & Almonds Pudding Recipe with Macerated Berries,indian|main|sweet|sour|savory|vegetarian|gluten_free|halal,quick_keyword_but_long_total_time
51b61609-e32c-4c43-b3db-1bf26eac442c,Basic Homemade Bread Recipe Using Yeast,indian,medium,270,standard,vegetarian,Basic Homemade Bread Recipe Using Yeast,indian|main|sweet|savory|vegan|dairy_free|nut_free|halal,quick_keyword_but_long_total_time
b0947964-2a50-4596-a9be-fb82c28dd85a,Tomato Dosa Recipe,indian,hard,285,standard,vegetarian,Tomato Dosa Recipe,indian|main|south_indian|savory|vegan|gluten_free|dairy_free|nut_free|halal,quick_keyword_but_long_total_time
b2babf3a-651b-490c-ac90-f6e6c1c7f5c3,Calcutta Style Ghugni Recipe-Tangy Yellow Peas Curry,indian,hard,290,standard,vegetarian,Calcutta Ghugni Recipe-Tangy Yellow Peas Curry,indian|curry|bengali|main|spicy|sour|savory|vegan|dairy_free|nut_free|halal,quick_keyword_but_long_total_time
642a6934-93ef-4a40-b626-ee336c6ecf20,Quick & Easy Creamy Fruit Trifle Recipe,indian,medium,320,quick,vegetarian,& Creamy Fruit Trifle Recipe,indian|main|sweet|sour|savory|vegetarian|gluten_free|nut_free|halal,quick_keyword_but_long_total_time
e9282810-5bd4-4828-b046-357206510f40,Whole Wheat Roasted Vegetable Pizza Pockets Recipe,indian,hard,320,standard,vegetarian,Whole Wheat Roasted Vegetable Pizza Pockets Recipe,indian|main|spicy|sweet|savory|vegetarian|nut_free|halal,quick_keyword_but_long_total_time
d7402d62-52a5-485b-9c2e-b4dbe30948c3,Thandai Mousse Recipe,indian,hard,390,standard,vegetarian,Thandai Mousse Recipe,indian|main|north_indian|sweet|sour|savory|vegetarian|gluten_free|halal,quick_keyword_but_long_total_time
884ddf9b-4c0b-4e65-93ef-0987e9a6b9e4,Moong Dal Dosa Recipe,indian,hard,400,standard,vegetarian,Moong Dal Dosa Recipe,indian|main|south_indian|savory|vegetarian|gluten_free|nut_free|halal,quick_keyword_but_long_total_time
c59fef20-f539-4ea9-94df-02e904f1f657,Coffee Ice Cream Recipe,indian,medium,500,standard,vegetarian,Coffee Ice Cream Recipe,indian|main|sweet|savory|vegetarian|gluten_free|nut_free|halal,quick_keyword_but_long_total_time
a179b7fd-9abd-4039-8cdf-6369369afb72,Malai Chickpea Kebab Recipe,indian,medium,525,standard,vegetarian,Malai Chickpea Kebab Recipe,indian|main|north_indian|spicy|sour|savory|vegan|gluten_free|dairy_free|nut_free|halal,quick_keyword_but_long_total_time
e9b1adbd-a115-4121-bc9c-790c7863e367,Oats and Green Moong Dal Dahi Vada Recipe,indian,medium,560,standard,vegetarian,Oats and Green Moong Dal Dahi Vada Recipe,indian|main|north_indian|spicy|sweet|sour|savory|vegetarian|gluten_free|nut_free|halal,quick_keyword_but_long_total_time
a3f17346-b332-49d8-b3a1-c5d6401a5c77,"Homemade Quick Puff Pastry Sheet Recipe | Perfect For Puffs, Tarts & Pies.",indian,hard,1440,quick,vegetarian,"Homemade Puff Pastry Sheet Recipe | Perfect For Puffs, Tarts & Pies.",indian|main|savory|vegetarian|nut_free|halal,quick_keyword_but_long_total_time
3ef18112-6908-474b-b196-c0865ef84ca9,Almond Milk Chia Seeds Pudding With Fresh Fruits Recipe,indian,easy,10,standard,vegetarian,Almond Milk Chia Seeds Pudding With Fresh Fruits Recipe,indian|main|savory|vegetarian|gluten_free|halal,slow_keyword_but_short_total_time
2a289407-936d-4514-89ae-20472a9be290,Biryani Masala Powder Recipe,indian,medium,10,standard,vegetarian,Biryani Masala Powder Recipe,indian|rice|main|spicy|savory|vegan|dairy_free|nut_free|halal,slow_keyword_but_short_total_time
2687ee71-0e05-41cb-ad69-f7d150072cea,Lemon Cucumber Detox Water Recipe,indian,easy,10,standard,vegetarian,Lemon Cucumber Detox Water Recipe,indian|main|sour|savory|vegan|gluten_free|dairy_free|nut_free|halal,slow_keyword_but_short_total_time
49cfade9-7ebd-4c3a-b419-a903eb8fff92,Tomato Onita d Kara,indian,easy,10,standard,vegetarian,Tomato Onita d Kara,indian|main|sour|savory|vegetarian|gluten_free|nut_free|halal,slow_keyword_but_short_total_time
6fd99d57-b3a5-4509-ba04-e9cc6e1e9ff2,Vegan Cashew Mayonnaise Recipe,indian,easy,10,standard,vegetarian,Vegan Cashew Mayonnaise Recipe,indian|main|sweet|sour|savory|vegan|gluten_free|dairy_free|halal,slow_keyword_but_short_total_time
447c99ec-7140-443b-9fcc-dc05cdd7594f,Blueberry-Mango Marble Froyo Bars Recipe,indian,easy,15,standard,vegetarian,Blueberry-Mango Marble Froyo Bars Recipe,indian|main|sweet|sour|savory|vegetarian|gluten_free|nut_free|halal,slow_keyword_but_short_total_time
535289b4-064a-4b25-ada1-cdfb1644ab5d,Curd Rice Style Overnight Oats Recipe,indian,medium,15,standard,vegetarian,Curd Rice Overnight Oats Recipe,indian|rice|main|spicy|sour|savory|vegetarian|gluten_free|halal,slow_keyword_but_short_total_time
17261b13-e82a-4a97-aef8-a8c23555afa2,"Kala Chana Salad Recipe With Carrots, Cucumber & Tomatoes",indian,easy,15,standard,vegetarian,"Kala Chana Salad Recipe With Carrots, Cucumber & Tomatoes",indian|main|spicy|sour|savory|vegan|gluten_free|dairy_free|nut_free|halal,slow_keyword_but_short_total_time
f08ee9c6-7723-40db-8828-c512544ab081,Mango & Mixed Fruit Popsicle Recipe,indian,easy,15,standard,vegetarian,Mango & Mixed Fruit Popsicle Recipe,indian|main|savory|vegan|gluten_free|dairy_free|nut_free|halal,slow_keyword_but_short_total_time
7bb433be-3d2a-43d8-b2a6-aa3c00c3dbc6,Methi Sprouts Salad Recipe - Healthy & Tasty Diabetic Snack,indian,easy,15,standard,vegetarian,Methi Sprouts Salad Recipe - Healthy & Tasty Diabetic Snack,indian|snack|spicy|sour|savory|vegan|gluten_free|dairy_free|halal,slow_keyword_but_short_total_time
5aa25d65-3e64-4453-bd62-777f0a4b6537,Oriya Badi Chura Recipe | Sundried Lentil Dumpling Crumble,indian,easy,15,standard,vegetarian,Oriya Badi Chura Recipe | Sundried Lentil Dumpling Crumble,indian|main|spicy|savory|vegan|gluten_free|dairy_free|nut_free|halal,slow_keyword_but_short_total_time
b7ffd606-f4f9-4a0a-b75e-3ada0221641d,Panjiri Ladoo Recipe,indian,easy,15,standard,vegetarian,Panjiri Ladoo Recipe,indian|main|spicy|sweet|savory|vegetarian|gluten_free|nut_free|halal,slow_keyword_but_short_total_time
4bbf5589-3f2f-4291-8736-4f42d63abba5,"Chickpea Salad with Cherry Tomatoes,Olives and Capsicum Recipe",indian,medium,20,standard,vegetarian,"Chickpea Salad with Cherry Tomatoes,Olives and Capsicum Recipe",indian|main|spicy|sour|savory|vegan|gluten_free|dairy_free|nut_free|halal,slow_keyword_but_short_total_time
99c262cd-e307-4c66-b133-d3a194fc3f51,Chilka Roti Recipe (Jharkhand Style Rice and Lentil Roti),indian,easy,20,standard,vegetarian,Chilka Roti Recipe (Jharkhand Rice and Lentil Roti),indian|rice|main|savory|vegan|gluten_free|dairy_free|nut_free|halal,slow_keyword_but_short_total_time
faf271f3-fdd3-452c-ad7b-6ed52c583243,Diabetic Friendly Green Moong Dal/ Mung Beans Soup Recipe,indian,medium,20,standard,vegetarian,Diabetic Friendly Green Moong Dal/ Mung Beans Soup Recipe,indian|main|spicy|sour|savory|vegan|gluten_free|dairy_free|nut_free|halal,slow_keyword_but_short_total_time
08a29926-0d80-4c22-bfe8-bb56effc37e5,Ice Wine Panna Cotta Recipe,indian,easy,20,standard,vegetarian,Ice Wine Panna Cotta Recipe,indian|main|sweet|sour|savory|vegetarian|gluten_free|nut_free|halal,slow_keyword_but_short_total_time
8752e7aa-3fef-4adc-baf5-01ce6aa4e5b8,Lemon Cherry Berry Spa Water Recipe,indian,easy,20,standard,vegetarian,Lemon Cherry Berry Spa Water Recipe,indian|main|sour|savory|vegan|gluten_free|dairy_free|nut_free|halal,slow_keyword_but_short_total_time
51f0ab45-d1ac-4c5f-8f39-18a5c241c7d0,Pinto Bean Salsa Salad Recipe,indian,easy,20,standard,vegetarian,Pinto Bean Salsa Salad Recipe,indian|main|spicy|sour|savory|vegan|gluten_free|dairy_free|nut_free|halal,slow_keyword_but_short_total_time
b6137032-d096-473e-85a6-df72b09c3936,Sri Lankan Chilli Potatoes Recipe,indian,easy,20,standard,vegetarian,Sri Lankan Chilli Potatoes Recipe,indian|main|spicy|sour|savory|vegan|gluten_free|dairy_free|nut_free|halal,slow_keyword_but_short_total_time
